,Elements,Density_sum,Density_diff,Density_aver,Eneg_sum,Eneg_diff,Eneg_aver,Magnetic_sum,Magnetic_diff,Melting_sum,Melting_diff,Melting_aver,Number_sum,Number_diff,Number_aver,Radius_sum,Radius_diff,Radius_aver,Vacancy_1_sum,Vacancy_1_diff,Vacancy_2_sum,Vacancy_2_diff,Vacancy_3_sum,Vacancy_3_diff,Valence_sum,Valence_diff,Valence_aver,Energy_binding
0,Be-Be,0.4701397712833545,0.0,0.2350698856416772,1.715846994535519,0.0,0.8579234972677595,-0.246,0.0,1.722828037434779,0.0,0.8614140187173895,0.3076923076923077,0.0,0.1538461538461538,1.7777777777777777,0.0,0.8888888888888888,0.214,0.0,0.288,0.0,-0.016,0.0,0.5,0.0,0.25,0.062
1,Be-B,0.5324015247776365,0.062261753494282,0.2662007623888182,1.9726775956284155,0.2568306010928961,0.9863387978142076,-0.258,0.004,2.1590149904756646,0.4361869530408856,1.0795074952378323,0.3461538461538461,0.0384615384615384,0.173076923076923,1.6666666666666667,0.1111111111111111,0.8333333333333334,0.2789999999999999,0.0649999999999999,0.4669999999999999,0.179,-0.073,0.057,0.625,0.125,0.3125,0.057
2,Be-Al,0.5781448538754765,0.1080050825921219,0.2890724269377382,1.7377049180327868,0.0218579234972677,0.8688524590163934,-0.191,0.0529999999999999,1.3768174916489522,0.3460105457858267,0.6884087458244761,0.6538461538461539,0.3461538461538461,0.3269230769230769,2.023809523809524,0.246031746031746,1.011904761904762,0.4559999999999999,0.242,0.1639999999999999,0.1239999999999999,0.054,0.07,0.625,0.125,0.3125,0.108
3,Be-Si,0.5310800508259212,0.0609402795425667,0.2655400254129606,1.896174863387978,0.1803278688524589,0.948087431693989,-0.203,0.0389999999999999,1.7929492311514783,0.0701211937166993,0.8964746155757392,0.6923076923076923,0.3846153846153846,0.3461538461538461,1.984126984126984,0.2063492063492063,0.992063492063492,0.4019999999999999,0.188,0.269,0.0189999999999999,-0.004,0.012,0.75,0.25,0.375,0.012
4,Be-P,0.576874205844981,0.1067344345616264,0.2884371029224905,2.054644808743169,0.3387978142076502,1.0273224043715845,-0.179,0.073,1.241918118322613,0.4809099191121663,0.6209590591613063,0.7307692307692307,0.4230769230769231,0.3653846153846153,1.9047619047619049,0.1269841269841269,0.9523809523809524,0.476,0.262,0.4,0.112,-0.029,0.013,0.875,0.375,0.4375,-0.032
5,Be-S,0.4980940279542566,0.0279542566709021,0.2490470139771283,2.26775956284153,0.5519125683060109,1.133879781420765,-0.119,0.153,1.0758413162907543,0.6469867211440244,0.5379206581453773,0.7692307692307693,0.4615384615384615,0.3846153846153846,1.8968253968253967,0.119047619047619,0.9484126984126984,0.6799999999999999,0.4659999999999999,0.521,0.233,-0.004,0.012,1.0,0.5,0.5,0.078
6,Be-Sc,0.6149936467598475,0.144853875476493,0.3074968233799237,1.6010928961748634,0.1147540983606557,0.8005464480874317,-0.648,0.374,1.8630704248681775,0.1402423874333986,0.9315352124340888,0.9615384615384616,0.6538461538461539,0.4807692307692308,2.1746031746031744,0.3968253968253968,1.0873015873015872,0.816,0.602,0.0229999999999999,0.265,0.072,0.088,0.625,0.125,0.3125,0.127
7,Be-Ti,0.8076238881829733,0.3374841168996188,0.4038119440914866,1.6994535519125684,0.0163934426229508,0.8497267759562842,-1.053,0.791,1.9342958893520688,0.2114678519172901,0.9671479446760346,1.0,0.6923076923076923,0.5,2.055555555555556,0.2777777777777778,1.0277777777777777,0.368,0.154,-0.016,0.304,0.008,0.024,0.75,0.25,0.375,-0.028
8,Be-V,0.9974587039390088,0.5273189326556544,0.4987293519695044,1.7486338797814207,0.0327868852459015,0.8743169398907104,-1.522,1.272,2.066808381415123,0.3439803439803439,1.0334041907075615,1.0384615384615383,0.7307692307692307,0.5192307692307693,1.9523809523809523,0.1746031746031746,0.9761904761904762,0.163,0.051,0.0579999999999999,0.2299999999999999,-0.016,0.0,0.875,0.375,0.4375,-0.1
9,Be-Cr,1.1435832274459974,0.673443456162643,0.5717916137229987,1.7650273224043715,0.0491803278688523,0.8825136612021858,-2.037,1.8010000000000002,2.065151975264335,0.3423239378295558,1.0325759876321674,1.0769230769230769,0.7692307692307693,0.5384615384615384,1.9047619047619049,0.1269841269841269,0.9523809523809524,0.157,0.0569999999999999,0.149,0.1389999999999999,-0.01,0.006,1.0,0.5,0.5,-0.089
10,Be-Mn,1.1626429479034308,0.6925031766200761,0.5813214739517154,1.7049180327868851,0.0109289617486338,0.8524590163934426,-2.603,2.379,1.7001904867073407,0.0226375507274383,0.8500952433536704,1.1153846153846154,0.8076923076923077,0.5576923076923077,1.8968253968253967,0.119047619047619,0.9484126984126984,0.239,0.025,0.238,0.0499999999999999,0.011,0.027,1.125,0.625,0.5625,0.004
11,Be-Co,1.3608640406607369,0.8907242693773825,0.6804320203303684,1.8852459016393444,0.169398907103825,0.9426229508196722,1.539,1.801,1.837672197222759,0.11484415978798,0.9188360986113796,1.1923076923076923,0.8846153846153846,0.5961538461538461,1.880952380952381,0.1031746031746031,0.9404761904761904,0.097,0.1169999999999999,0.257,0.0309999999999999,0.008,0.024,1.375,0.875,0.6875,-0.009
12,Be-Ni,1.3659466327827192,0.8958068614993647,0.6829733163913596,1.901639344262295,0.1857923497267758,0.9508196721311476,0.701,0.951,1.8155867818789169,0.0927587444441377,0.9077933909394584,1.2307692307692308,0.9230769230769232,0.6153846153846154,1.873015873015873,0.0952380952380952,0.9365079365079364,0.212,0.002,0.364,0.076,0.038,0.054,1.5,1.0,0.75,0.049
13,Be-Cu,1.3735705209656923,0.9034307496823382,0.6867852604828463,1.896174863387978,0.1803278688524589,0.948087431693989,-0.0079999999999999,0.242,1.611086878502609,0.1117411589321702,0.8055434392513044,1.2692307692307692,0.9615384615384616,0.6346153846153846,1.9047619047619049,0.1269841269841269,0.9523809523809524,0.361,0.147,0.363,0.075,0.046,0.062,1.625,1.125,0.8125,0.187
14,Be-Zn,1.1415501905972043,0.6714104193138501,0.5707750952986023,1.7595628415300544,0.0437158469945354,0.8797814207650272,-0.196,0.05,1.243865499820556,0.4789625376142231,0.621932749910278,1.3076923076923077,1.0,0.6538461538461539,1.9523809523809523,0.1746031746031746,0.9761904761904762,0.434,0.22,0.256,0.0319999999999999,0.0349999999999999,0.051,1.75,1.25,0.875,0.135
15,Be-Ga,0.9860228716645488,0.5158831003811944,0.4930114358322744,1.8469945355191253,0.1311475409836065,0.9234972677595628,-0.283,0.039,1.028663887585236,0.6941641498495431,0.5143319437926179,1.3461538461538465,1.0384615384615383,0.6730769230769231,2.0,0.2222222222222222,1.0,0.51,0.296,0.237,0.0509999999999999,0.032,0.048,0.625,0.125,0.3125,0.102
16,Be-Ge,0.91148665819568,0.4413468869123253,0.4557433290978399,1.9562841530054644,0.2404371584699452,0.9781420765027322,-0.2309999999999999,0.0109999999999999,1.5302708224056538,0.1925572150291251,0.7651354112028269,1.3846153846153846,1.0769230769230769,0.6923076923076923,2.031746031746032,0.2539682539682539,1.0158730158730158,0.5740000000000001,0.36,0.302,0.014,0.023,0.039,0.75,0.25,0.375,0.06
17,Be-As,0.96569250317662,0.4955527318932655,0.48284625158831,2.0491803278688523,0.3333333333333333,1.024590163934426,-0.19,0.0579999999999999,1.463324407144632,0.2595036302901471,0.7316622035723159,1.4230769230769231,1.1153846153846154,0.7115384615384616,2.063492063492064,0.2857142857142857,1.031746031746032,0.643,0.429,0.372,0.084,0.0029999999999999,0.019,0.875,0.375,0.4375,-0.001
18,Be-Se,0.8473951715374841,0.3772554002541295,0.423697585768742,2.251366120218579,0.5355191256830599,1.1256830601092895,-0.142,0.114,1.1342517185213814,0.5885763189133976,0.5671258592606907,1.4615384615384617,1.1538461538461535,0.7307692307692307,2.0,0.2222222222222222,1.0,0.782,0.5680000000000001,0.4519999999999999,0.164,0.006,0.022,1.0,0.5,0.5,0.018
19,Be-Zr,1.0635324015247776,0.5933926302414231,0.5317662007623888,1.5846994535519128,0.1311475409836065,0.7923497267759564,-0.5549999999999999,0.289,2.035888799933744,0.3130607624989647,1.0179443999668718,1.6923076923076923,1.3846153846153846,0.8461538461538461,2.1587301587301586,0.3809523809523809,1.0793650793650793,0.852,0.638,0.0529999999999999,0.235,0.057,0.073,0.75,0.25,0.375,0.052
20,Be-Nb,1.3240152477763658,0.8538754764930115,0.6620076238881829,1.73224043715847,0.0163934426229508,0.8661202185792349,-0.842,0.588,2.3798691439140875,0.6570411064793087,1.1899345719570438,1.7307692307692308,1.4230769230769231,0.8653846153846154,2.0476190476190474,0.2698412698412698,1.0238095238095235,0.502,0.288,0.002,0.286,0.045,0.061,0.875,0.375,0.4375,-0.03
21,Be-Mo,1.531130876747141,1.0609911054637864,0.7655654383735705,2.038251366120219,0.3224043715846995,1.0191256830601094,-0.916,0.676,2.4599287745355163,0.7371007371007371,1.229964387267758,1.7692307692307692,1.4615384615384617,0.8846153846153846,1.992063492063492,0.2142857142857142,0.996031746031746,0.277,0.063,0.0269999999999999,0.261,0.018,0.034,1.0,0.5,0.5,-0.085
22,Be-Ru,1.772554002541296,1.3024142312579414,0.886277001270648,2.060109289617486,0.3442622950819672,1.030054644808743,0.054,0.284,2.3003616486762555,0.5775336112414764,1.1501808243381275,1.8461538461538465,1.5384615384615383,0.9230769230769232,1.9523809523809523,0.1746031746031746,0.9761904761904762,0.2289999999999999,0.015,0.1609999999999999,0.127,0.039,0.055,1.25,0.75,0.625,0.007
23,Be-Rh,1.8106734434561629,1.3405336721728085,0.9053367217280812,2.1038251366120218,0.3879781420765025,1.0519125683060109,0.487,0.731,2.096071556745714,0.373243519310935,1.048035778372857,1.8846153846153848,1.5769230769230769,0.9423076923076924,1.9523809523809523,0.1746031746031746,0.9761904761904762,0.264,0.05,0.254,0.0339999999999999,0.058,0.074,1.375,0.875,0.6875,0.089
24,Be-Pd,1.7598475222363406,1.289707750952986,0.8799237611181703,2.060109289617486,0.3442622950819672,1.030054644808743,0.2279999999999999,0.474,1.8706898931618037,0.1478618557270242,0.9353449465809016,1.9230769230769231,1.6153846153846154,0.9615384615384616,1.9761904761904765,0.1984126984126984,0.988095238095238,0.4009999999999999,0.187,0.361,0.073,0.098,0.1139999999999999,1.5,1.0,0.75,0.152
25,Be-Sn,1.1609911054637865,0.690851334180432,0.5804955527318932,1.92896174863388,0.2131147540983606,0.96448087431694,-0.298,0.0579999999999999,1.1402865582640862,0.5825414791706928,0.5701432791320431,2.076923076923077,1.7692307692307692,1.0384615384615383,2.1825396825396823,0.4047619047619047,1.0912698412698412,0.865,0.651,0.258,0.0299999999999999,0.101,0.1169999999999999,0.75,0.25,0.375,0.157
26,Be-Sb,1.0838627700127064,0.613722998729352,0.5419313850063532,1.978142076502732,0.2622950819672129,0.989071038251366,-0.208,0.034,1.3604218314330672,0.3624062060017116,0.6802109157165336,2.1153846153846154,1.807692307692308,1.0576923076923077,2.2063492063492065,0.4285714285714285,1.1031746031746033,0.856,0.642,0.275,0.0129999999999999,0.05,0.066,0.875,0.375,0.4375,0.049
27,Be-Te,1.0269377382465057,0.5567979669631512,0.5134688691232528,2.0054644808743167,0.2896174863387978,1.0027322404371584,-0.191,0.0569999999999999,1.2604201750269166,0.4624078624078624,0.6302100875134583,2.1538461538461537,1.8461538461538465,1.0769230769230769,2.1587301587301586,0.3809523809523809,1.0793650793650793,0.908,0.6940000000000001,0.3399999999999999,0.052,0.023,0.039,1.0,0.5,0.5,-0.014
28,Be-Hf,1.9250317662007623,1.454891994917408,0.9625158831003812,1.5683060109289615,0.1475409836065573,0.7841530054644809,-0.675,0.411,2.245148110316649,0.5223200728818707,1.1225740551583248,2.923076923076923,2.6153846153846154,1.4615384615384617,2.1507936507936507,0.373015873015873,1.0753968253968254,0.753,0.539,-0.004,0.292,0.065,0.0809999999999999,0.75,0.25,0.375,0.046
29,Be-Ta,2.318932655654384,1.848792884371029,1.159466327827192,1.6775956284153006,0.0382513661202186,0.8387978142076503,-0.868,0.618,2.678022251055959,0.9551942136211798,1.3390111255279795,2.9615384615384617,2.6538461538461537,1.4807692307692308,2.0476190476190474,0.2698412698412698,1.0238095238095235,0.428,0.214,-0.036,0.3239999999999999,0.032,0.048,0.875,0.375,0.4375,-0.066
30,Be-W,2.6874205844980943,2.2172808132147392,1.3437102922490471,1.786885245901639,0.0710382513661201,0.8934426229508197,-0.865,0.631,2.897219998343594,1.1743919609088147,1.448609999171797,3.0,2.6923076923076925,1.5,1.992063492063492,0.2142857142857142,0.996031746031746,0.236,0.022,-0.005,0.293,0.008,0.024,1.0,0.5,0.5,-0.125
31,Be-Re,2.8780177890724272,2.407878017789072,1.4390088945362136,1.896174863387978,0.1803278688524589,0.948087431693989,-0.708,0.488,2.7707809955000964,1.0479529580653175,1.3853904977500482,3.0384615384615383,2.730769230769231,1.5192307692307692,1.9761904761904765,0.1984126984126984,0.988095238095238,0.184,0.03,0.0559999999999999,0.2319999999999999,0.002,0.018,1.125,0.625,0.5625,-0.122
32,Be-Os,3.105108005082592,2.634968233799237,1.552554002541296,2.060109289617486,0.3442622950819672,1.030054644808743,-0.301,0.087,2.686856417193496,0.9640283797587168,1.343428208596748,3.076923076923077,2.769230769230769,1.5384615384615383,1.96031746031746,0.1825396825396825,0.98015873015873,0.198,0.016,0.128,0.1599999999999999,0.012,0.028,1.25,0.75,0.625,-0.051
33,Be-Ir,3.101931385006353,2.6317916137229984,1.5509656925031767,2.060109289617486,0.3442622950819672,1.030054644808743,0.315,0.541,2.36275294702261,0.6399249095878309,1.181376473511305,3.1153846153846154,2.8076923076923075,1.5576923076923077,1.968253968253968,0.1904761904761904,0.984126984126984,0.242,0.028,0.2249999999999999,0.0629999999999999,0.049,0.065,1.375,0.875,0.6875,0.057
34,Be-Pt,2.966963151207116,2.496823379923761,1.483481575603558,2.060109289617486,0.3442622950819672,1.030054644808743,0.253,0.489,1.9885155840212017,0.2656875465864228,0.9942577920106008,3.1538461538461537,2.8461538461538463,1.5769230769230769,1.992063492063492,0.2142857142857142,0.996031746031746,0.369,0.155,0.349,0.061,0.086,0.102,1.5,1.0,0.75,0.118
35,Be-Au,2.6874205844980943,2.2172808132147392,1.3437102922490471,2.169398907103825,0.4535519125683059,1.0846994535519126,0.021,0.259,1.5998012312619054,0.1230268061728736,0.7999006156309527,3.1923076923076925,2.8846153846153846,1.5961538461538465,2.031746031746032,0.2539682539682539,1.0158730158730158,0.5640000000000001,0.35,0.4409999999999999,0.153,0.13,0.146,1.625,1.125,0.8125,0.208
36,Be-U,2.662007623888184,2.1918678526048283,1.3310038119440917,1.786885245901639,0.0710382513661201,0.8934426229508197,-1.479,1.235,1.638903459128178,0.0839245783066007,0.8194517295640891,3.692307692307693,3.3846153846153846,1.8461538461538465,2.238095238095238,0.4603174603174603,1.119047619047619,1.355,1.141,0.373,0.085,0.065,0.0809999999999999,1.0,0.5,0.5,-0.152
37,Be-Np,2.801778907242694,2.331639135959339,1.400889453621347,1.5683060109289615,0.1475409836065573,0.7841530054644809,-2.916,2.668,1.367804985782514,0.3550230516522651,0.6839024928912569,3.730769230769231,3.423076923076923,1.8653846153846156,2.246031746031746,0.4682539682539682,1.123015873015873,1.393,1.179,0.391,0.103,0.047,0.063,1.125,0.625,0.5625,-0.13
38,B-B,0.5946632782719187,0.0,0.2973316391359593,2.2295081967213117,0.0,1.1147540983606556,-0.292,0.0,2.59520194351655,0.0,1.297600971758275,0.3846153846153846,0.0,0.1923076923076923,1.5555555555555556,0.0,0.7777777777777778,0.344,0.0,0.646,0.0,-0.13,0.0,0.75,0.0,0.375,0.028
39,B-Al,0.6404066073697585,0.0457433290978399,0.3202033036848792,1.9945355191256835,0.2349726775956283,0.9972677595628416,-0.202,0.056,1.813004444689838,0.7821974988267123,0.906502222344919,0.6923076923076923,0.3076923076923077,0.3461538461538461,1.9126984126984128,0.3571428571428571,0.9563492063492064,0.5209999999999999,0.177,0.343,0.303,-0.003,0.127,0.75,0.0,0.375,0.143
40,B-Si,0.5933418043202033,0.0013214739517153,0.2966709021601016,2.153005464480874,0.0765027322404372,1.076502732240437,-0.233,0.043,2.229136184192364,0.3660657593241863,1.114568092096182,0.7307692307692307,0.3461538461538461,0.3653846153846153,1.873015873015873,0.3174603174603174,0.9365079365079364,0.4669999999999999,0.123,0.448,0.198,-0.061,0.069,0.875,0.125,0.4375,-0.026
41,B-P,0.6391359593392629,0.0444726810673443,0.3195679796696314,2.3114754098360657,0.081967213114754,1.1557377049180328,-0.211,0.0789999999999999,1.6781050713634984,0.917096872153052,0.8390525356817492,0.7692307692307693,0.3846153846153846,0.3846153846153846,1.7936507936507935,0.238095238095238,0.8968253968253969,0.5409999999999999,0.197,0.579,0.067,-0.086,0.044,1.0,0.25,0.5,-0.044
42,B-S,0.5603557814485388,0.0343074968233799,0.2801778907242694,2.5245901639344264,0.2950819672131147,1.2622950819672132,-0.129,0.1589999999999999,1.5120282693316405,1.08317367418491,0.7560141346658201,0.8076923076923077,0.4230769230769231,0.4038461538461538,1.7857142857142858,0.2301587301587301,0.8928571428571429,0.7449999999999999,0.4009999999999999,0.7,0.0539999999999999,-0.061,0.069,1.125,0.375,0.5625,0.2
43,B-Sc,0.6772554002541296,0.0825921219822109,0.3386277001270648,1.85792349726776,0.3715846994535519,0.9289617486338798,-0.601,0.3429999999999999,2.2992573779090635,0.2959445656074869,1.1496286889545315,1.0,0.6153846153846154,0.5,2.063492063492064,0.5079365079365079,1.031746031746032,0.881,0.5369999999999999,0.202,0.444,0.015,0.145,0.75,0.0,0.375,0.407
44,B-Ti,0.8698856416772554,0.2752223634053368,0.4349428208386277,1.9562841530054644,0.2732240437158469,0.9781420765027322,-1.003,0.759,2.370482842392955,0.2247191011235955,1.1852414211964777,1.0384615384615383,0.6538461538461539,0.5192307692307693,1.9444444444444444,0.3888888888888889,0.9722222222222222,0.433,0.089,0.163,0.483,-0.049,0.081,0.875,0.125,0.4375,0.123
45,B-V,1.059720457433291,0.4650571791613723,0.5298602287166455,2.0054644808743167,0.2240437158469946,1.0027322404371584,-1.485,1.255,2.5029953344560085,0.0922066090605416,1.2514976672280045,1.0769230769230769,0.6923076923076923,0.5384615384615384,1.8412698412698407,0.2857142857142857,0.9206349206349206,0.2279999999999999,0.1159999999999999,0.237,0.409,-0.073,0.057,1.0,0.25,0.5,-0.043
46,B-Cr,1.2058449809402796,0.6111817026683609,0.6029224904701398,2.021857923497268,0.2076502732240437,1.010928961748634,-2.1020000000000003,1.876,2.5013389283052203,0.0938630152113298,1.2506694641526102,1.1153846153846154,0.7307692307692307,0.5576923076923077,1.7936507936507935,0.238095238095238,0.8968253968253969,0.2219999999999999,0.1219999999999999,0.328,0.318,-0.067,0.063,1.125,0.375,0.5625,-0.078
47,B-Mn,1.2249047013977128,0.6302414231257941,0.6124523506988564,1.9617486338797807,0.26775956284153,0.9808743169398906,-2.841,2.629,2.1363774397482262,0.4588245037683239,1.0681887198741131,1.1538461538461535,0.7692307692307693,0.5769230769230769,1.7857142857142858,0.2301587301587301,0.8928571428571429,0.304,0.0399999999999999,0.417,0.229,-0.046,0.084,1.25,0.5,0.625,0.047
48,B-Co,1.423125794155019,0.8284625158831003,0.7115628970775095,2.14207650273224,0.0874316939890711,1.07103825136612,1.501,1.765,2.2738591502636445,0.3213427932529056,1.1369295751318222,1.2307692307692308,0.8461538461538461,0.6153846153846154,1.7698412698412698,0.2142857142857142,0.8849206349206349,0.1619999999999999,0.182,0.436,0.21,-0.049,0.081,1.5,0.75,0.75,-0.045
49,B-Ni,1.4282083862770012,0.8335451080050826,0.7141041931385006,2.158469945355191,0.0710382513661202,1.0792349726775956,0.653,0.905,2.2517737349198024,0.3434282085967479,1.1258868674599012,1.2692307692307692,0.8846153846153846,0.6346153846153846,1.761904761904762,0.2063492063492063,0.8809523809523809,0.2769999999999999,0.0669999999999999,0.543,0.103,-0.019,0.111,1.625,0.875,0.8125,-0.004
50,B-Cu,1.4358322744599747,0.8411689961880561,0.7179161372299874,2.153005464480874,0.0765027322404372,1.076502732240437,-0.0129999999999999,0.245,2.047273831543494,0.5479281119730558,1.023636915771747,1.3076923076923077,0.9230769230769232,0.6538461538461539,1.7936507936507935,0.238095238095238,0.8968253968253969,0.426,0.082,0.542,0.104,-0.011,0.119,1.75,1.0,0.875,0.195
51,B-Zn,1.2038119440914867,0.6091486658195681,0.6019059720457434,2.0163934426229506,0.2131147540983607,1.0081967213114753,-0.205,0.061,1.6800524528614416,0.9151494906551086,0.8400262264307208,1.3461538461538465,0.9615384615384616,0.6730769230769231,1.8412698412698407,0.2857142857142857,0.9206349206349206,0.499,0.155,0.435,0.211,-0.022,0.108,1.875,1.125,0.9375,0.164
52,B-Ga,1.048284625158831,0.4536213468869123,0.5241423125794155,2.1038251366120218,0.1256830601092896,1.0519125683060109,-0.303,0.033,1.4648508406261216,1.1303511028904287,0.7324254203130608,1.3846153846153846,1.0,0.6923076923076923,1.8888888888888888,0.3333333333333333,0.9444444444444444,0.575,0.231,0.416,0.23,-0.025,0.105,0.75,0.0,0.375,0.126
53,B-Ge,0.9737484116899618,0.3790851334180433,0.4868742058449809,2.2131147540983607,0.0163934426229509,1.1065573770491803,-0.262,0.016,1.9664577754465395,0.6287441680700108,0.9832288877232698,1.4230769230769231,1.0384615384615383,0.7115384615384616,1.9206349206349207,0.365079365079365,0.9603174603174603,0.639,0.295,0.481,0.165,-0.034,0.096,0.875,0.125,0.4375,0.066
54,B-As,1.027954256670902,0.4332909783989835,0.5139771283354511,2.306010928961749,0.0765027322404372,1.1530054644808745,-0.2209999999999999,0.0649999999999999,1.8995113601855176,0.6956905833310327,0.9497556800927588,1.4615384615384617,1.0769230769230769,0.7307692307692307,1.9523809523809523,0.3968253968253968,0.9761904761904762,0.708,0.364,0.551,0.095,-0.054,0.076,1.0,0.25,0.5,0.04
55,B-Se,0.9096569250317662,0.3149936467598475,0.4548284625158831,2.5081967213114758,0.2786885245901638,1.2540983606557377,-0.1629999999999999,0.1229999999999999,1.5704386715622671,1.0247632719542832,0.7852193357811336,1.5,1.1153846153846154,0.75,1.8888888888888888,0.3333333333333333,0.9444444444444444,0.847,0.5030000000000001,0.631,0.015,-0.051,0.079,1.125,0.375,0.5625,0.159
56,B-Zr,1.1257941550190596,0.531130876747141,0.5628970775095298,1.8415300546448088,0.3879781420765027,0.9207650273224044,-0.526,0.28,2.4720757529746296,0.1231261905419208,1.2360378764873148,1.7307692307692308,1.3461538461538465,0.8653846153846154,2.0476190476190474,0.492063492063492,1.0238095238095235,0.917,0.573,0.232,0.414,0.0,0.13,0.875,0.125,0.4375,0.351
57,B-Nb,1.386277001270648,0.7916137229987293,0.693138500635324,1.989071038251366,0.2404371584699453,0.994535519125683,-0.8039999999999999,0.572,2.816056096954973,0.2208541534384231,1.4080280484774867,1.7692307692307692,1.3846153846153846,0.8846153846153846,1.9365079365079363,0.3809523809523809,0.9682539682539684,0.567,0.223,0.181,0.4649999999999999,-0.012,0.118,1.0,0.25,0.5,0.146
58,B-Mo,1.593392630241423,0.9987293519695044,0.7966963151207115,2.295081967213114,0.0655737704918033,1.147540983606557,-0.875,0.657,2.896115727576402,0.3009137840598515,1.448057863788201,1.807692307692308,1.4230769230769231,0.903846153846154,1.880952380952381,0.3253968253968254,0.9404761904761904,0.3419999999999999,0.0019999999999999,0.206,0.44,-0.039,0.091,1.125,0.375,0.5625,-0.009
59,B-Ru,1.834815756035578,1.2401524777636594,0.917407878017789,2.3169398907103824,0.0874316939890711,1.1584699453551912,0.0999999999999999,0.324,2.736548601717141,0.1413466582005907,1.3682743008585705,1.8846153846153848,1.5,0.9423076923076924,1.8412698412698407,0.2857142857142857,0.9206349206349206,0.294,0.0499999999999999,0.34,0.306,-0.018,0.112,1.375,0.625,0.6875,0.037
60,B-Rh,1.8729351969504449,1.278271918678526,0.9364675984752224,2.360655737704918,0.1311475409836064,1.180327868852459,0.4599999999999999,0.708,2.5322585097866,0.0629434337299505,1.2661292548933,1.9230769230769231,1.5384615384615383,0.9615384615384616,1.8412698412698407,0.2857142857142857,0.9206349206349206,0.3289999999999999,0.0149999999999999,0.433,0.213,0.001,0.131,1.5,0.75,0.75,0.068
61,B-Pd,1.8221092757306223,1.227445997458704,0.9110546378653112,2.3169398907103824,0.0874316939890711,1.1584699453551912,0.209,0.465,2.306876846202689,0.2883250973138613,1.1534384231013446,1.9615384615384612,1.5769230769230769,0.9807692307692308,1.865079365079365,0.3095238095238095,0.9325396825396826,0.4659999999999999,0.122,0.54,0.106,0.0409999999999999,0.1709999999999999,1.625,0.875,0.8125,0.119
62,B-Sn,1.2232528589580685,0.6285895806861499,0.6116264294790342,2.185792349726776,0.0437158469945355,1.092896174863388,-0.323,0.0529999999999999,1.576473511304972,1.0187284322115784,0.788236755652486,2.1153846153846154,1.7307692307692308,1.0576923076923077,2.071428571428572,0.5158730158730159,1.0357142857142858,0.93,0.5860000000000001,0.437,0.209,0.044,0.174,0.875,0.125,0.4375,0.225
63,B-Sb,1.1461245235069886,0.5514612452350699,0.5730622617534943,2.2349726775956285,0.0054644808743168,1.1174863387978142,-0.236,0.042,1.796608784473953,0.7985931590425972,0.8983043922369764,2.1538461538461537,1.7692307692307692,1.0769230769230769,2.095238095238096,0.5396825396825397,1.0476190476190477,0.921,0.577,0.454,0.192,-0.0069999999999999,0.123,1.0,0.25,0.5,0.126
64,B-Te,1.0891994917407877,0.4945362134688691,0.5445997458703938,2.2622950819672134,0.0327868852459016,1.1311475409836067,-0.2149999999999999,0.0669999999999999,1.696607128067802,0.8985948154487481,0.8483035640339011,2.1923076923076925,1.807692307692308,1.0961538461538465,2.0476190476190474,0.492063492063492,1.0238095238095235,0.973,0.629,0.519,0.127,-0.034,0.096,1.125,0.375,0.5625,0.109
65,B-Hf,1.9872935196950443,1.392630241423126,0.9936467598475224,1.8251366120218575,0.4043715846994535,0.9125683060109288,-0.629,0.387,2.681335063357535,0.086133119840985,1.3406675316787675,2.9615384615384617,2.576923076923077,1.4807692307692308,2.0396825396825395,0.4841269841269841,1.0198412698412698,0.8180000000000001,0.474,0.175,0.471,0.0079999999999999,0.138,0.875,0.125,0.4375,0.31
66,B-Ta,2.381194409148665,1.7865311308767469,1.1905972045743327,1.9344262295081969,0.2950819672131147,0.9672131147540984,-0.817,0.589,3.1142092040968445,0.5190072605802942,1.5571046020484225,3.0,2.6153846153846154,1.5,1.9365079365079363,0.3809523809523809,0.9682539682539684,0.493,0.149,0.143,0.503,-0.025,0.105,1.0,0.25,0.5,0.088
67,B-W,2.7496823379923763,2.1550190597204577,1.374841168996188,2.043715846994536,0.185792349726776,1.0218579234972678,-0.821,0.611,3.3334069513844797,0.7382050078679292,1.6667034756922396,3.0384615384615383,2.6538461538461537,1.5192307692307692,1.880952380952381,0.3253968253968254,0.9404761904761904,0.301,0.0429999999999999,0.174,0.472,-0.049,0.081,1.125,0.375,0.5625,-0.068
68,B-Re,2.940279542566709,2.34561626429479,1.4701397712833546,2.153005464480874,0.0765027322404372,1.076502732240437,-0.656,0.4600000000000001,3.2069679485409823,0.611766005024432,1.6034839742704912,3.076923076923077,2.6923076923076925,1.5384615384615383,1.865079365079365,0.3095238095238095,0.9325396825396826,0.249,0.0949999999999999,0.235,0.411,-0.055,0.075,1.25,0.5,0.625,-0.117
69,B-Os,3.167369758576874,2.5727064803049555,1.583684879288437,2.3169398907103824,0.0874316939890711,1.1584699453551912,-0.256,0.052,3.1230433702343814,0.5278414267178312,1.5615216851171907,3.1153846153846154,2.730769230769231,1.5576923076923077,1.8492063492063493,0.2936507936507936,0.9246031746031746,0.263,0.0809999999999999,0.307,0.339,-0.045,0.085,1.375,0.625,0.6875,-0.072
70,B-Ir,3.1641931385006354,2.569529860228717,1.5820965692503175,2.3169398907103824,0.0874316939890711,1.1584699453551912,0.286,0.516,2.798939900063496,0.2037379565469453,1.3994699500317478,3.1538461538461537,2.769230769230769,1.5769230769230769,1.8571428571428568,0.3015873015873015,0.9285714285714286,0.307,0.0369999999999999,0.404,0.242,-0.008,0.122,1.5,0.75,0.75,0.002
71,B-Pt,3.029224904701397,2.434561626429479,1.5146124523506987,2.3169398907103824,0.0874316939890711,1.1584699453551912,0.2309999999999999,0.481,2.424702537062088,0.1704994064544627,1.2123512685310438,3.1923076923076925,2.8076923076923075,1.5961538461538465,1.880952380952381,0.3253968253968254,0.9404761904761904,0.434,0.09,0.528,0.118,0.0289999999999999,0.159,1.625,0.875,0.8125,0.01
72,B-Au,2.7496823379923763,2.1550190597204577,1.374841168996188,2.426229508196721,0.1967213114754097,1.2131147540983604,0.007,0.267,2.035988184302791,0.5592137592137593,1.0179940921513957,3.230769230769231,2.8461538461538463,1.6153846153846154,1.9206349206349207,0.365079365079365,0.9603174603174603,0.629,0.285,0.62,0.026,0.073,0.203,1.75,1.0,0.875,0.145
73,B-U,2.7242693773824653,2.1296060991105468,1.3621346886912329,2.043715846994536,0.185792349726776,1.0218579234972678,-1.664,1.408,2.075090412169064,0.5201115313474863,1.0375452060845318,3.730769230769231,3.3461538461538463,1.8653846153846156,2.126984126984127,0.5714285714285714,1.0634920634920637,1.42,1.076,0.552,0.094,0.0079999999999999,0.138,1.125,0.375,0.5625,0.244
74,B-Np,2.8640406607369755,2.269377382465057,1.4320203303684875,1.8251366120218575,0.4043715846994535,0.9125683060109288,-3.006,2.752,1.8039919388234,0.7912100046931507,0.9019959694116998,3.769230769230769,3.3846153846153846,1.8846153846153848,2.134920634920635,0.5793650793650794,1.0674603174603174,1.458,1.114,0.5700000000000001,0.076,-0.01,0.12,1.25,0.5,0.625,0.38
75,Al-Al,0.6861499364675985,0.0,0.3430749682337992,1.7595628415300546,0.0,0.8797814207650273,-0.138,0.0,1.0308069458631255,0.0,0.5154034729315627,1.0,0.0,0.5,2.2698412698412698,0.0,1.1349206349206349,0.698,0.0,0.04,0.0,0.124,0.0,0.75,0.0,0.375,-0.054
76,Al-Si,0.6390851334180432,0.0470648030495552,0.3195425667090216,1.9180327868852456,0.1584699453551911,0.9590163934426228,-0.151,0.0109999999999999,1.4469386853656516,0.4161317395025261,0.7234693426828258,1.0384615384615383,0.0384615384615384,0.5192307692307693,2.2301587301587302,0.0396825396825396,1.1150793650793651,0.6439999999999999,0.0539999999999999,0.145,0.105,0.066,0.0579999999999999,0.875,0.125,0.4375,-0.14
77,Al-P,0.684879288437103,0.0012706480304955,0.3424396442185515,2.076502732240437,0.3169398907103824,1.0382513661202184,-0.125,0.023,0.895907572536786,0.1348993733263396,0.447953786268393,1.0769230769230769,0.0769230769230769,0.5384615384615384,2.1507936507936507,0.119047619047619,1.0753968253968254,0.718,0.02,0.276,0.236,0.0409999999999999,0.083,1.0,0.25,0.5,-0.147
78,Al-S,0.6060991105463785,0.0800508259212198,0.3030495552731893,2.289617486338798,0.5300546448087431,1.144808743169399,-0.0569999999999999,0.099,0.7298307705049278,0.3009761753581977,0.3649153852524639,1.1153846153846154,0.1153846153846153,0.5576923076923077,2.142857142857143,0.1269841269841269,1.0714285714285714,0.922,0.2239999999999999,0.397,0.357,0.066,0.0579999999999999,1.125,0.375,0.5625,0.026
79,Al-Sc,0.7229987293519695,0.036848792884371,0.3614993646759847,1.6229508196721312,0.1366120218579234,0.8114754098360656,-0.581,0.435,1.5170598790823508,0.4862529332192254,0.7585299395411754,1.3076923076923077,0.3076923076923077,0.6538461538461539,2.4206349206349205,0.1507936507936507,1.2103174603174602,1.0579999999999998,0.36,-0.1009999999999999,0.141,0.142,0.018,0.75,0.0,0.375,-0.128
80,Al-Ti,0.9156289707750952,0.2294790343074968,0.4578144853875476,1.7213114754098362,0.0382513661202186,0.8606557377049181,-0.983,0.843,1.5882853435662423,0.5574783977031168,0.7941426717831211,1.3461538461538465,0.3461538461538461,0.6730769230769231,2.3015873015873014,0.0317460317460317,1.1507936507936507,0.61,0.0879999999999999,-0.14,0.18,0.078,0.046,0.875,0.125,0.4375,-0.196
81,Al-V,1.1054637865311308,0.4193138500635324,0.5527318932655654,1.7704918032786885,0.0109289617486337,0.8852459016393442,-1.466,1.332,1.7207978356292963,0.6899908897661707,0.8603989178146482,1.3846153846153846,0.3846153846153846,0.6923076923076923,2.1984126984126986,0.0714285714285714,1.0992063492063493,0.4049999999999999,0.293,-0.0659999999999999,0.106,0.054,0.07,1.0,0.25,0.5,-0.187
82,Al-Cr,1.2515883100381195,0.565438373570521,0.6257941550190598,1.786885245901639,0.0273224043715846,0.8934426229508197,-1.999,1.873,1.719141429478508,0.6883344836153825,0.8595707147392541,1.4230769230769231,0.4230769230769231,0.7115384615384616,2.1507936507936507,0.119047619047619,1.0753968253968254,0.3989999999999999,0.299,0.025,0.015,0.06,0.064,1.125,0.375,0.5625,-0.098
83,Al-Mn,1.2706480304955527,0.5844980940279542,0.6353240152477764,1.726775956284153,0.0327868852459016,0.8633879781420765,-2.358,2.236,1.3541799409215138,0.3233729950583884,0.6770899704607569,1.4615384615384617,0.4615384615384615,0.7307692307692307,2.142857142857143,0.1269841269841269,1.0714285714285714,0.481,0.2169999999999999,0.114,0.074,0.081,0.043,1.25,0.5,0.625,0.056
84,Al-Co,1.4688691232528588,0.7827191867852604,0.7344345616264294,1.907103825136612,0.1475409836065572,0.953551912568306,1.52,1.662,1.4916616514369323,0.4608547055738067,0.7458308257184662,1.5384615384615383,0.5384615384615384,0.7692307692307693,2.126984126984127,0.1428571428571428,1.0634920634920637,0.3389999999999999,0.359,0.133,0.093,0.078,0.046,1.5,0.75,0.75,0.039
85,Al-Ni,1.4739517153748414,0.7878017789072427,0.7369758576874207,1.9234972677595628,0.1639344262295081,0.9617486338797814,0.7030000000000001,0.841,1.46957623609309,0.4387692902299644,0.734788118046545,1.5769230769230769,0.5769230769230769,0.7884615384615384,2.119047619047619,0.1507936507936507,1.0595238095238095,0.4539999999999999,0.244,0.24,0.2,0.108,0.016,1.625,0.875,0.8125,0.168
86,Al-Cu,1.4815756035578145,0.7954256670902161,0.7407878017789072,1.9180327868852456,0.1584699453551911,0.9590163934426228,0.0519999999999999,0.192,1.265076332716782,0.2342693868536565,0.632538166358391,1.6153846153846154,0.6153846153846154,0.8076923076923077,2.1507936507936507,0.119047619047619,1.0753968253968254,0.603,0.0949999999999999,0.239,0.199,0.1159999999999999,0.008,1.75,1.0,0.875,0.236
87,Al-Zn,1.2495552731893265,0.5634053367217281,0.6247776365946632,1.7814207650273222,0.0218579234972676,0.8907103825136611,-0.142,0.0019999999999999,0.8978549540347291,0.1329519918283963,0.4489274770173646,1.6538461538461535,0.6538461538461539,0.8269230769230769,2.1984126984126986,0.0714285714285714,1.0992063492063493,0.6759999999999999,0.0219999999999999,0.132,0.092,0.105,0.019,1.875,1.125,0.9375,0.065
88,Al-Ga,1.0940279542566709,0.4078780177890724,0.5470139771283354,1.8688524590163933,0.1092896174863387,0.9344262295081966,-0.23,0.09,0.6826533417994092,0.3481536040637164,0.3413266708997046,1.6923076923076923,0.6923076923076923,0.8461538461538461,2.246031746031746,0.0238095238095238,1.123015873015873,0.752,0.054,0.113,0.073,0.102,0.022,0.75,0.0,0.375,-0.069
89,Al-Ge,1.019491740787802,0.3333418043202033,0.509745870393901,1.978142076502732,0.2185792349726774,0.989071038251366,-0.178,0.0379999999999999,1.1842602766198271,0.1534533307567016,0.5921301383099136,1.7307692307692308,0.7307692307692307,0.8653846153846154,2.2777777777777777,0.0079365079365079,1.1388888888888888,0.8160000000000001,0.118,0.178,0.138,0.093,0.031,0.875,0.125,0.4375,-0.152
90,Al-As,1.073697585768742,0.3875476493011435,0.5368487928843709,2.07103825136612,0.3114754098360656,1.03551912568306,-0.133,0.0109999999999999,1.1173138613588052,0.0865069154956796,0.5586569306794026,1.7692307692307692,0.7692307692307693,0.8846153846153846,2.3095238095238093,0.0396825396825396,1.1547619047619049,0.885,0.187,0.248,0.208,0.073,0.051,1.0,0.25,0.5,-0.218
91,Al-Se,0.955400254129606,0.2692503176620076,0.477700127064803,2.273224043715847,0.5136612021857921,1.1366120218579234,-0.079,0.0669999999999999,0.7882411727355547,0.2425657731275708,0.3941205863677773,1.807692307692308,0.8076923076923077,0.903846153846154,2.246031746031746,0.0238095238095238,1.123015873015873,1.024,0.326,0.328,0.288,0.076,0.048,1.125,0.375,0.5625,-0.184
92,Al-Zr,1.1715374841168995,0.4853875476493011,0.5857687420584498,1.6065573770491806,0.1530054644808743,0.8032786885245903,-0.492,0.352,1.689878254147917,0.6590713082847914,0.8449391270739585,2.0384615384615383,1.0384615384615383,1.0192307692307692,2.4047619047619047,0.1349206349206349,1.2023809523809523,1.094,0.396,-0.071,0.111,0.127,0.003,0.875,0.125,0.4375,-0.268
93,Al-Nb,1.4320203303684875,0.7458703939008895,0.7160101651842439,1.7540983606557377,0.0054644808743169,0.8770491803278688,-0.778,0.6439999999999999,2.033858598128261,1.0030516522651354,1.0169292990641303,2.076923076923077,1.0769230769230769,1.0384615384615383,2.293650793650793,0.0238095238095238,1.1468253968253967,0.744,0.046,-0.1219999999999999,0.1619999999999999,0.1149999999999999,0.009,1.0,0.25,0.5,-0.257
94,Al-Mo,1.639135959339263,0.9529860228716645,0.8195679796696315,2.060109289617486,0.3005464480874317,1.030054644808743,-0.8600000000000001,0.732,2.1139182287496894,1.083111282886564,1.056959114374845,2.1153846153846154,1.1153846153846154,1.0576923076923077,2.238095238095238,0.0317460317460317,1.119047619047619,0.519,0.1789999999999999,-0.097,0.137,0.088,0.036,1.125,0.375,0.5625,-0.21
95,Al-Ru,1.8805590851334184,1.1944091486658193,0.9402795425667092,2.0819672131147544,0.3224043715846995,1.0409836065573772,0.034,0.16,1.9543511028904288,0.9235441570273032,0.9771755514452144,2.1923076923076925,1.1923076923076923,1.0961538461538465,2.1984126984126986,0.0714285714285714,1.0992063492063493,0.471,0.2269999999999999,0.037,0.0029999999999999,0.109,0.015,1.375,0.625,0.6875,0.028
96,Al-Rh,1.9186785260482848,1.232528589580686,0.9593392630241424,2.125683060109289,0.3661202185792348,1.0628415300546448,0.473,0.605,1.7500610109598873,0.7192540650967618,0.8750305054799437,2.230769230769231,1.2307692307692308,1.1153846153846154,2.1984126984126986,0.0714285714285714,1.0992063492063493,0.506,0.1919999999999999,0.13,0.09,0.128,0.004,1.5,0.75,0.75,0.132
97,Al-Pd,1.8678526048284625,1.181702668360864,0.9339263024142312,2.0819672131147544,0.3224043715846995,1.0409836065573772,0.254,0.39,1.5246793473759763,0.493872401512851,0.7623396736879882,2.269230769230769,1.2692307692307692,1.1346153846153846,2.2222222222222223,0.0476190476190476,1.1111111111111112,0.643,0.0549999999999999,0.237,0.197,0.1679999999999999,0.044,1.625,0.875,0.8125,0.213
98,Al-Sn,1.2689961880559084,0.58284625158831,0.6344980940279542,1.950819672131148,0.1912568306010928,0.975409836065574,-0.249,0.1109999999999999,0.7942760124782595,0.2365309333848659,0.3971380062391297,2.423076923076923,1.4230769230769231,1.2115384615384617,2.4285714285714284,0.1587301587301587,1.2142857142857142,1.107,0.409,0.134,0.094,0.1709999999999999,0.047,0.875,0.125,0.4375,-0.215
99,Al-Sb,1.1918678526048283,0.5057179161372299,0.5959339263024142,2.0,0.2404371584699452,1.0,-0.155,0.015,1.0144112856472407,0.0163956602158849,0.5072056428236204,2.4615384615384617,1.4615384615384617,1.2307692307692308,2.452380952380953,0.1825396825396825,1.2261904761904765,1.098,0.4,0.151,0.111,0.12,0.0039999999999999,1.0,0.25,0.5,-0.349
100,Al-Te,1.1349428208386276,0.4487928843710292,0.5674714104193138,2.0273224043715845,0.26775956284153,1.0136612021857925,-0.132,0.0099999999999999,0.9144096292410898,0.1163973166220357,0.4572048146205449,2.5,1.5,1.25,2.4047619047619047,0.1349206349206349,1.2023809523809523,1.15,0.452,0.216,0.176,0.093,0.031,1.125,0.375,0.5625,-0.43
101,Al-Hf,2.0330368487928845,1.346886912325286,1.0165184243964422,1.5901639344262295,0.1693989071038251,0.7950819672131147,-0.609,0.469,1.8991375645308228,0.8683306186676973,0.9495687822654114,3.269230769230769,2.269230769230769,1.6346153846153846,2.3968253968253967,0.1269841269841269,1.1984126984126984,0.995,0.297,-0.128,0.1679999999999999,0.135,0.0109999999999999,0.875,0.125,0.4375,-0.275
102,Al-Ta,2.4269377382465054,1.7407878017789071,1.2134688691232527,1.6994535519125684,0.0601092896174863,0.8497267759562842,-0.8029999999999999,0.671,2.332011705270132,1.3012047594070066,1.1660058526350658,3.3076923076923075,2.3076923076923075,1.6538461538461535,2.293650793650793,0.0238095238095238,1.1468253968253967,0.6699999999999999,0.0279999999999999,-0.16,0.1999999999999999,0.102,0.022,1.0,0.25,0.5,-0.314
103,Al-W,2.795425667090216,2.1092757306226178,1.397712833545108,1.8087431693989071,0.0491803278688523,0.9043715846994536,-0.812,0.6859999999999999,2.551209452557767,1.5204025066946416,1.2756047262788834,3.3461538461538463,2.3461538461538463,1.6730769230769231,2.238095238095238,0.0317460317460317,1.119047619047619,0.478,0.2199999999999999,-0.129,0.1689999999999999,0.078,0.046,1.125,0.375,0.5625,-0.292
104,Al-Re,2.9860228716645487,2.2998729351969507,1.4930114358322744,1.9180327868852456,0.1584699453551911,0.9590163934426228,-0.6719999999999999,0.55,2.424770449714269,1.3939635038511442,1.2123852248571347,3.3846153846153846,2.3846153846153846,1.6923076923076923,2.2222222222222223,0.0476190476190476,1.1111111111111112,0.426,0.2719999999999999,-0.0679999999999999,0.108,0.072,0.052,1.25,0.5,0.625,-0.211
105,Al-Os,3.213113087674714,2.526963151207116,1.606556543837357,2.0819672131147544,0.3224043715846995,1.0409836065573772,-0.28,0.16,2.340845871407669,1.3100389255445437,1.1704229357038345,3.423076923076923,2.423076923076923,1.7115384615384617,2.2063492063492065,0.0634920634920634,1.1031746031746033,0.4399999999999999,0.258,0.004,0.036,0.082,0.0419999999999999,1.375,0.625,0.6875,-0.075
106,Al-Ir,3.2099364675984754,2.523786531130877,1.6049682337992377,2.0819672131147544,0.3224043715846995,1.0409836065573772,0.303,0.429,2.016742401236783,0.9859354553736576,1.0083712006183916,3.4615384615384617,2.4615384615384617,1.7307692307692308,2.2142857142857144,0.0555555555555555,1.1071428571428572,0.484,0.2139999999999999,0.101,0.061,0.119,0.0049999999999999,1.5,0.75,0.75,0.062
107,Al-Pt,3.074968233799237,2.388818297331639,1.5374841168996187,2.0819672131147544,0.3224043715846995,1.0409836065573772,0.267,0.399,1.6425050382353752,0.6116980923722496,0.8212525191176876,3.5,2.5,1.75,2.238095238095238,0.0317460317460317,1.119047619047619,0.611,0.0869999999999999,0.2249999999999999,0.185,0.156,0.032,1.625,0.875,0.8125,0.138
108,Al-Au,2.795425667090216,2.1092757306226178,1.397712833545108,2.191256830601093,0.4316939890710381,1.0956284153005464,0.07,0.204,1.2537906854760783,0.222983739612953,0.6268953427380393,3.5384615384615383,2.5384615384615383,1.7692307692307692,2.2777777777777777,0.0079365079365079,1.1388888888888888,0.806,0.108,0.317,0.2769999999999999,0.2,0.076,1.75,1.0,0.875,0.176
109,Al-U,2.770012706480305,2.083862770012707,1.3850063532401524,1.8087431693989071,0.0491803278688523,0.9043715846994536,-1.363,1.229,1.2928929133423517,0.2620859674792259,0.6464464566711757,4.038461538461538,3.0384615384615383,2.019230769230769,2.484126984126984,0.2142857142857142,1.242063492063492,1.597,0.899,0.249,0.209,0.135,0.0109999999999999,1.125,0.375,0.5625,-0.495
110,Al-Np,2.9097839898348155,2.223634053367217,1.4548919949174075,1.5901639344262295,0.1693989071038251,0.7950819672131147,-2.728,2.592,1.0217944399966872,0.0090125058664384,0.5108972199983436,4.076923076923077,3.076923076923077,2.0384615384615383,2.492063492063492,0.2222222222222222,1.246031746031746,1.635,0.937,0.267,0.227,0.1169999999999999,0.0069999999999999,1.25,0.5,0.625,-0.476
111,Si-Si,0.592020330368488,0.0,0.296010165184244,2.076502732240437,0.0,1.0382513661202184,-0.168,0.0,1.8630704248681775,0.0,0.9315352124340888,1.0769230769230769,0.0,0.5384615384615384,2.1904761904761907,0.0,1.0952380952380951,0.59,0.0,0.25,0.0,0.008,0.0,1.0,0.0,0.5,-0.316
112,Si-P,0.6378144853875477,0.0457941550190597,0.3189072426937738,2.2349726775956285,0.1584699453551912,1.1174863387978142,-0.149,0.037,1.312039312039312,0.5510311128288656,0.6560196560196561,1.1153846153846154,0.0384615384615384,0.5576923076923077,2.111111111111111,0.0793650793650793,1.0555555555555556,0.6639999999999999,0.074,0.381,0.131,-0.017,0.025,1.125,0.125,0.5625,-0.356
113,Si-S,0.5590343074968233,0.0329860228716645,0.2795171537484116,2.448087431693989,0.371584699453552,1.2240437158469946,-0.08,0.112,1.145962510007454,0.7171079148607238,0.572981255003727,1.1538461538461535,0.0769230769230769,0.5769230769230769,2.1031746031746037,0.0873015873015873,1.0515873015873016,0.8679999999999999,0.2779999999999999,0.502,0.252,0.008,0.0,1.25,0.25,0.625,-0.093
114,Si-Sc,0.6759339263024142,0.0839135959339263,0.3379669631512071,1.7814207650273222,0.2950819672131146,0.8907103825136611,-0.5609999999999999,0.4029999999999999,1.933191618584877,0.0701211937166993,0.9665958092924384,1.3461538461538465,0.2692307692307692,0.6730769230769231,2.380952380952381,0.1904761904761904,1.1904761904761905,1.004,0.414,0.004,0.246,0.084,0.076,0.875,0.125,0.4375,-0.045
115,Si-Ti,0.86856416772554,0.2765438373570521,0.43428208386277,1.8797814207650272,0.1967213114754097,0.9398907103825136,-0.966,0.8180000000000001,2.0044170830687684,0.1413466582005907,1.0022085415343842,1.3846153846153846,0.3076923076923077,0.6923076923076923,2.261904761904762,0.0714285714285714,1.130952380952381,0.556,0.0339999999999999,-0.035,0.285,0.02,0.012,1.0,0.0,0.5,-0.134
116,Si-V,1.0583989834815757,0.4663786531130876,0.5291994917407877,1.92896174863388,0.1475409836065573,0.96448087431694,-1.46,1.3199999999999998,2.1369295751318225,0.2738591502636446,1.0684647875659112,1.4230769230769231,0.3461538461538461,0.7115384615384616,2.1587301587301586,0.0317460317460317,1.0793650793650793,0.351,0.239,0.039,0.211,-0.004,0.012,1.125,0.125,0.5625,-0.141
117,Si-Cr,1.2045235069885645,0.6125031766200763,0.6022617534942821,1.9453551912568303,0.1311475409836065,0.9726775956284152,-2.007,1.873,2.1352731689810343,0.2722027441128564,1.0676365844905171,1.4615384615384617,0.3846153846153846,0.7307692307692307,2.111111111111111,0.0793650793650793,1.0555555555555556,0.345,0.245,0.13,0.12,0.002,0.006,1.25,0.25,0.625,-0.071
118,Si-Mn,1.2235832274459977,0.6315628970775095,0.6117916137229987,1.8852459016393444,0.1912568306010928,0.9426229508196722,-2.355,2.2230000000000003,1.77031168042404,0.0927587444441377,0.88515584021202,1.5,0.4230769230769231,0.75,2.1031746031746037,0.0873015873015873,1.0515873015873016,0.427,0.1629999999999999,0.219,0.031,0.023,0.015,1.375,0.375,0.6875,0.069
119,Si-Co,1.4218043202033035,0.8297839898348156,0.7109021601016517,2.065573770491803,0.0109289617486338,1.0327868852459017,1.466,1.63,1.9077933909394584,0.0447229660712806,0.9538966954697292,1.5769230769230769,0.5,0.7884615384615384,2.0873015873015874,0.1031746031746031,1.0436507936507935,0.285,0.305,0.238,0.0119999999999999,0.02,0.012,1.625,0.625,0.8125,0.027
120,Si-Ni,1.426886912325286,0.834866581956798,0.713443456162643,2.081967213114754,0.0054644808743169,1.040983606557377,0.654,0.816,1.885707975595616,0.0226375507274383,0.942853987797808,1.6153846153846154,0.5384615384615384,0.8076923076923077,2.0793650793650795,0.1111111111111111,1.0396825396825398,0.3999999999999999,0.19,0.345,0.095,0.05,0.0419999999999999,1.75,0.75,0.875,0.143
121,Si-Cu,1.4345108005082592,0.8424904701397714,0.7172554002541296,2.076502732240437,0.0,1.0382513661202184,0.0359999999999999,0.202,1.681208072219308,0.1818623526488695,0.8406040361096541,1.6538461538461535,0.5769230769230769,0.8269230769230769,2.111111111111111,0.0793650793650793,1.0555555555555556,0.5489999999999999,0.0409999999999999,0.344,0.094,0.0579999999999999,0.05,1.875,0.875,0.9375,0.178
122,Si-Zn,1.2024904701397712,0.6104701397712834,0.6012452350698856,1.9398907103825136,0.1366120218579234,0.9699453551912568,-0.155,0.011,1.3139866935372555,0.5490837313309224,0.6569933467686278,1.6923076923076923,0.6153846153846154,0.8461538461538461,2.1587301587301586,0.0317460317460317,1.0793650793650793,0.622,0.032,0.237,0.0129999999999999,0.047,0.0389999999999999,2.0,1.0,1.0,-0.046
123,Si-Ga,1.0469631512071156,0.4549428208386277,0.5234815756035578,2.0273224043715845,0.0491803278688523,1.0136612021857925,-0.246,0.08,1.0987850813019353,0.7642853435662424,0.5493925406509677,1.7307692307692308,0.6538461538461539,0.8653846153846154,2.2063492063492065,0.0158730158730158,1.1031746031746033,0.698,0.108,0.218,0.032,0.044,0.036,0.875,0.125,0.4375,-0.209
124,Si-Ge,0.9724269377382464,0.3804066073697586,0.4862134688691232,2.1366120218579234,0.0601092896174862,1.0683060109289615,-0.198,0.0279999999999999,1.6003920161223533,0.2626784087458245,0.8001960080611766,1.7692307692307692,0.6923076923076923,0.8846153846153846,2.238095238095238,0.0476190476190476,1.119047619047619,0.762,0.172,0.283,0.033,0.035,0.027,1.0,0.0,0.5,-0.334
125,Si-As,1.0266327827191866,0.4346124523506988,0.5133163913595933,2.2295081967213117,0.1530054644808744,1.1147540983606556,-0.153,0.0229999999999999,1.5334456008613313,0.3296248240068464,0.7667228004306657,1.807692307692308,0.7307692307692307,0.903846153846154,2.2698412698412698,0.0793650793650793,1.1349206349206349,0.831,0.241,0.353,0.103,0.015,0.0069999999999999,1.125,0.125,0.5625,-0.416
126,Si-Se,0.9083354510800508,0.3163151207115628,0.4541677255400254,2.4316939890710376,0.355191256830601,1.2158469945355188,-0.1009999999999999,0.079,1.2043729122380809,0.6586975126300969,0.6021864561190404,1.8461538461538465,0.7692307692307693,0.9230769230769232,2.2063492063492065,0.0158730158730158,1.1031746031746033,0.97,0.38,0.433,0.183,0.018,0.01,1.25,0.25,0.625,-0.339
127,Si-Zr,1.1244726810673442,0.5324523506988563,0.5622363405336721,1.7650273224043715,0.3114754098360655,0.8825136612021858,-0.484,0.3359999999999999,2.106009993650443,0.2429395687822653,1.0530049968252215,2.076923076923077,1.0,1.0384615384615383,2.365079365079365,0.1746031746031746,1.1825396825396826,1.04,0.45,0.034,0.216,0.069,0.061,1.0,0.0,0.5,-0.167
128,Si-Nb,1.384955527318933,0.7929351969504448,0.6924777636594663,1.9125683060109289,0.1639344262295081,0.9562841530054644,-0.7669999999999999,0.627,2.449990337630787,0.5869199127626094,1.2249951688153935,2.1153846153846154,1.0384615384615383,1.0576923076923077,2.253968253968254,0.0634920634920634,1.126984126984127,0.69,0.1,-0.0169999999999999,0.267,0.0569999999999999,0.049,1.125,0.125,0.5625,-0.176
129,Si-Mo,1.5920711562897076,1.0000508259212195,0.7960355781448538,2.218579234972678,0.1420765027322405,1.109289617486339,-0.857,0.7230000000000001,2.5300499682522157,0.6669795433840378,1.2650249841261076,2.1538461538461537,1.0769230769230769,1.0769230769230769,2.1984126984126986,0.0079365079365079,1.0992063492063493,0.4649999999999999,0.1249999999999999,0.0079999999999999,0.242,0.03,0.022,1.25,0.25,0.625,-0.157
130,Si-Ru,1.833494282083863,1.2414739517153746,0.9167471410419314,2.240437158469945,0.1639344262295083,1.1202185792349726,0.062,0.204,2.370482842392955,0.5074124175247771,1.1852414211964777,2.230769230769231,1.1538461538461535,1.1153846153846154,2.1587301587301586,0.0317460317460317,1.0793650793650793,0.417,0.173,0.142,0.108,0.051,0.043,1.5,0.5,0.75,0.053
131,Si-Rh,1.8716137229987293,1.2795933926302414,0.9358068614993648,2.2841530054644807,0.2076502732240436,1.1420765027322404,0.434,0.588,2.166192750462413,0.3031223255942357,1.0830963752312066,2.269230769230769,1.1923076923076923,1.1346153846153846,2.1587301587301586,0.0317460317460317,1.0793650793650793,0.4519999999999999,0.1379999999999999,0.235,0.015,0.07,0.062,1.625,0.625,0.8125,0.13
132,Si-Pd,1.8207878017789072,1.2287674714104193,0.9103939008894536,2.240437158469945,0.1639344262295083,1.1202185792349726,0.2229999999999999,0.385,1.940811086878503,0.0777406620103249,0.9704055434392512,2.3076923076923075,1.2307692307692308,1.1538461538461535,2.1825396825396823,0.0079365079365079,1.0912698412698412,0.589,0.001,0.3419999999999999,0.092,0.11,0.102,1.75,0.75,0.875,0.172
133,Si-Sn,1.2219313850063531,0.6299110546378652,0.6109656925031766,2.1092896174863385,0.0327868852459016,1.0546448087431692,-0.269,0.103,1.2104077519807857,0.652662672887392,0.6052038759903928,2.4615384615384617,1.3846153846153846,1.2307692307692308,2.388888888888889,0.1984126984126984,1.1944444444444444,1.053,0.463,0.239,0.0109999999999999,0.113,0.105,1.0,0.0,0.5,-0.353
134,Si-Sb,1.144803049555273,0.5527827191867852,0.5724015247776365,2.158469945355191,0.081967213114754,1.0792349726775956,-0.174,0.0059999999999999,1.4305430251497666,0.432527399718411,0.7152715125748833,2.5,1.4230769230769231,1.25,2.412698412698413,0.2222222222222222,1.2063492063492065,1.044,0.454,0.256,0.006,0.062,0.054,1.125,0.125,0.5625,-0.511
135,Si-Te,1.0878780177890726,0.4958576874205845,0.5439390088945363,2.185792349726776,0.1092896174863388,1.092896174863388,-0.146,0.022,1.3305413687436158,0.5325290561245618,0.6652706843718079,2.5384615384615383,1.4615384615384617,1.2692307692307692,2.365079365079365,0.1746031746031746,1.1825396825396826,1.096,0.506,0.321,0.071,0.035,0.027,1.25,0.25,0.625,-0.593
136,Si-Hf,1.985972045743329,1.3939517153748413,0.9929860228716644,1.7486338797814207,0.3278688524590163,0.8743169398907104,-0.592,0.444,2.315269304033349,0.4521988791651712,1.1576346520166745,3.3076923076923075,2.230769230769231,1.6538461538461535,2.357142857142857,0.1666666666666666,1.1785714285714286,0.941,0.351,-0.0229999999999999,0.273,0.077,0.0689999999999999,1.0,0.0,0.5,-0.184
137,Si-Ta,2.3798729351969503,1.7878526048284624,1.1899364675984752,1.8579234972677596,0.2185792349726775,0.9289617486338796,-0.7889999999999999,0.651,2.748143444772658,0.8850730199044805,1.374071722386329,3.3461538461538463,2.269230769230769,1.6730769230769231,2.253968253968254,0.0634920634920634,1.126984126984127,0.616,0.026,-0.0549999999999999,0.305,0.044,0.036,1.125,0.125,0.5625,-0.242
138,Si-W,2.7483608640406607,2.156340533672173,1.3741804320203304,1.967213114754098,0.1092896174863387,0.983606557377049,-0.808,0.6759999999999999,2.967341192060293,1.1042707671921157,1.4836705960301466,3.3846153846153846,2.3076923076923075,1.6923076923076923,2.1984126984126986,0.0079365079365079,1.0992063492063493,0.424,0.1659999999999999,-0.0239999999999999,0.274,0.02,0.012,1.25,0.25,0.625,-0.249
139,Si-Re,2.9389580686149936,2.3469377382465058,1.4694790343074968,2.076502732240437,0.0,1.0382513661202184,-0.669,0.5389999999999999,2.840902189216796,0.9778317643486182,1.420451094608398,3.423076923076923,2.3461538461538463,1.7115384615384617,2.1825396825396823,0.0079365079365079,1.0912698412698412,0.372,0.2179999999999999,0.037,0.213,0.014,0.006,1.375,0.375,0.6875,-0.204
140,Si-Os,3.1660482846251585,2.574027954256671,1.5830241423125793,2.240437158469945,0.1639344262295083,1.1202185792349726,-0.271,0.1369999999999999,2.7569776109101958,0.8939071860420175,1.3784888054550977,3.4615384615384617,2.3846153846153846,1.7307692307692308,2.1666666666666665,0.0238095238095238,1.0833333333333333,0.386,0.204,0.109,0.141,0.024,0.016,1.5,0.5,0.75,-0.093
141,Si-Ir,3.16287166454892,2.570851334180432,1.58143583227446,2.240437158469945,0.1639344262295083,1.1202185792349726,0.2719999999999999,0.42,2.432874140739309,0.5698037158711315,1.2164370703696543,3.5,2.423076923076923,1.75,2.1746031746031744,0.0158730158730158,1.0873015873015872,0.43,0.1599999999999999,0.206,0.044,0.061,0.053,1.625,0.625,0.8125,0.031
142,Si-Pt,3.0279034307496824,2.4358831003811945,1.5139517153748412,2.240437158469945,0.1639344262295083,1.1202185792349726,0.236,0.394,2.058636777737901,0.1955663528697235,1.0293183888689506,3.5384615384615383,2.4615384615384617,1.7692307692307692,2.1984126984126986,0.0079365079365079,1.0992063492063493,0.5569999999999999,0.0329999999999999,0.3299999999999999,0.0799999999999999,0.098,0.09,1.75,0.75,0.875,0.057
143,Si-Au,2.7483608640406607,2.156340533672173,1.3741804320203304,2.349726775956284,0.2732240437158469,1.174863387978142,0.05,0.214,1.6699224249786049,0.193147999889573,0.8349612124893023,3.576923076923077,2.5,1.7884615384615383,2.238095238095238,0.0476190476190476,1.119047619047619,0.752,0.162,0.422,0.172,0.142,0.134,1.875,0.875,0.9375,0.051
144,Si-U,2.7229479034307498,2.130927573062262,1.3614739517153749,1.967213114754098,0.1092896174863387,0.983606557377049,-1.354,1.212,1.7090246528448776,0.1540457720233001,0.8545123264224388,4.076923076923077,3.0,2.0384615384615383,2.4444444444444446,0.2539682539682539,1.2222222222222223,1.543,0.953,0.354,0.104,0.077,0.0689999999999999,1.25,0.25,0.625,-0.493
145,Si-Np,2.8627191867852604,2.2706988564167725,1.4313595933926302,1.7486338797814207,0.3278688524590163,0.8743169398907104,-2.752,2.608,1.4379261794992133,0.4251442453689645,0.7189630897496067,4.115384615384615,3.0384615384615383,2.0576923076923075,2.452380952380953,0.2619047619047619,1.2261904761904765,1.581,0.991,0.372,0.122,0.059,0.051,1.375,0.375,0.6875,-0.471
146,P-P,0.6836086404066073,0.0,0.3418043202033036,2.39344262295082,0.0,1.1967213114754098,-0.108,0.0,0.7610081992104464,0.0,0.3805040996052232,1.1538461538461535,0.0,0.5769230769230769,2.031746031746032,0.0,1.0158730158730158,0.738,0.0,0.512,0.0,-0.042,0.0,1.25,0.0,0.625,-0.317
147,P-S,0.6048284625158831,0.0787801778907242,0.3024142312579415,2.60655737704918,0.2131147540983607,1.30327868852459,-0.046,0.072,0.5949313971785881,0.1660768020318581,0.297465698589294,1.1923076923076923,0.0384615384615384,0.5961538461538461,2.023809523809524,0.0079365079365079,1.011904761904762,0.942,0.2039999999999999,0.633,0.121,-0.017,0.025,1.375,0.125,0.6875,0.042
148,P-Sc,0.7217280813214739,0.0381194409148666,0.3608640406607369,1.9398907103825136,0.4535519125683059,0.9699453551912568,-0.509,0.429,1.3821605057560111,0.621152306545565,0.6910802528780057,1.3846153846153846,0.2307692307692307,0.6923076923076923,2.3015873015873014,0.2698412698412698,1.1507936507936507,1.0779999999999998,0.3399999999999999,0.135,0.377,0.059,0.101,1.0,0.25,0.5,0.151
149,P-Ti,0.9143583227445996,0.2307496823379924,0.4571791613722998,2.0382513661202184,0.355191256830601,1.0191256830601092,-0.932,0.86,1.4533859702399028,0.6923777710294564,0.7266929851199514,1.4230769230769231,0.2692307692307692,0.7115384615384616,2.1825396825396823,0.1507936507936507,1.0912698412698412,0.63,0.1079999999999999,0.096,0.416,-0.005,0.037,1.125,0.125,0.5625,-0.012
150,P-V,1.1041931385006352,0.420584498094028,0.5520965692503176,2.0874316939890707,0.3060109289617486,1.0437158469945351,-1.444,1.378,1.5858984623029566,0.8248902630925102,0.7929492311514783,1.4615384615384617,0.3076923076923077,0.7307692307692307,2.0793650793650795,0.0476190476190476,1.0396825396825398,0.425,0.313,0.17,0.3419999999999999,-0.029,0.013,1.25,0.0,0.625,-0.066
151,P-Cr,1.250317662007624,0.5667090216010167,0.625158831003812,2.1038251366120218,0.2896174863387978,1.0519125683060109,-2.02,1.956,1.5842420561521686,0.823233856941722,0.7921210280760843,1.5,0.3461538461538461,0.75,2.031746031746032,0.0,1.0158730158730158,0.419,0.319,0.261,0.251,-0.023,0.019,1.375,0.125,0.6875,-0.023
152,P-Mn,1.2693773824650572,0.5857687420584498,0.6346886912325286,2.043715846994536,0.3497267759562841,1.0218579234972678,-2.396,2.3280000000000003,1.2192805675951743,0.4582723683847279,0.6096402837975872,1.5384615384615383,0.3846153846153846,0.7692307692307693,2.023809523809524,0.0079365079365079,1.011904761904762,0.501,0.237,0.35,0.162,-0.002,0.04,1.5,0.25,0.75,0.117
153,P-Co,1.4675984752223632,0.783989834815756,0.7337992376111816,2.2240437158469946,0.1693989071038251,1.1120218579234973,1.465,1.567,1.3567622781105928,0.5957540789001463,0.6783811390552964,1.6153846153846154,0.4615384615384615,0.8076923076923077,2.007936507936508,0.0238095238095238,1.003968253968254,0.359,0.379,0.369,0.143,-0.005,0.037,1.75,0.5,0.875,0.015
154,P-Ni,1.4726810673443456,0.7890724269377384,0.7363405336721728,2.240437158469945,0.1530054644808743,1.1202185792349726,0.6609999999999999,0.765,1.3346768627667505,0.573668663556304,0.6673384313833752,1.6538461538461535,0.5,0.8269230769230769,2.0,0.0317460317460317,1.0,0.474,0.264,0.476,0.036,0.0249999999999999,0.067,1.875,0.625,0.9375,0.133
155,P-Cu,1.4803049555273189,0.7966963151207117,0.7401524777636594,2.2349726775956285,0.1584699453551912,1.1174863387978142,0.071,0.181,1.1301769593904425,0.3691687601799961,0.5650884796952212,1.6923076923076923,0.5384615384615384,0.8461538461538461,2.031746031746032,0.0,1.0158730158730158,0.623,0.1149999999999999,0.475,0.037,0.033,0.075,2.0,0.75,1.0,0.161
156,P-Zn,1.2482846251588309,0.5646759847522237,0.6241423125794154,2.0983606557377046,0.2950819672131147,1.0491803278688523,-0.129,0.0189999999999999,0.7629555807083895,0.0019473814979432,0.3814777903541947,1.7307692307692308,0.5769230769230769,0.8653846153846154,2.0793650793650795,0.0476190476190476,1.0396825396825398,0.696,0.0419999999999999,0.368,0.144,0.0219999999999999,0.064,2.125,0.875,1.0625,-0.058
157,P-Ga,1.0927573062261753,0.409148665819568,0.5463786531130876,2.185792349726776,0.2076502732240436,1.092896174863388,-0.2269999999999999,0.1169999999999999,0.5477539684730696,0.2132542307373768,0.2738769842365348,1.7692307692307692,0.6153846153846154,0.8846153846153846,2.126984126984127,0.0952380952380952,1.0634920634920637,0.772,0.034,0.349,0.163,0.019,0.061,1.0,0.25,0.5,-0.211
158,P-Ge,1.0182210927573063,0.3346124523506989,0.5091105463786532,2.295081967213114,0.098360655737705,1.147540983606557,-0.176,0.066,1.0493609032934876,0.2883527040830412,0.5246804516467438,1.807692307692308,0.6538461538461539,0.903846153846154,2.1587301587301586,0.1269841269841269,1.0793650793650793,0.8360000000000001,0.098,0.414,0.098,0.0099999999999999,0.052,1.125,0.125,0.5625,-0.32
159,P-As,1.0724269377382465,0.3888182973316391,0.5362134688691232,2.3879781420765025,0.0054644808743168,1.1939890710382512,-0.119,0.015,0.9824144880324656,0.2214062888220192,0.4912072440162328,1.8461538461538465,0.6923076923076923,0.9230769230769232,2.1904761904761907,0.1587301587301587,1.0952380952380951,0.905,0.167,0.484,0.0279999999999999,-0.01,0.032,1.25,0.0,0.625,-0.336
160,P-Se,0.9541296060991106,0.2705209656925031,0.4770648030495553,2.5901639344262297,0.1967213114754097,1.2950819672131149,-0.07,0.04,0.6533417994092151,0.1076663998012312,0.3266708997046075,1.8846153846153848,0.7307692307692307,0.9423076923076924,2.126984126984127,0.0952380952380952,1.0634920634920637,1.044,0.306,0.5640000000000001,0.0519999999999999,-0.007,0.035,1.375,0.125,0.6875,-0.179
161,P-Zr,1.170266836086404,0.4866581956797966,0.585133418043202,1.9234972677595628,0.4699453551912567,0.9617486338797814,-0.4419999999999999,0.372,1.5549788808215774,0.793970681611131,0.7774894404107887,2.1153846153846154,0.9615384615384616,1.0576923076923077,2.2857142857142856,0.2539682539682539,1.1428571428571428,1.114,0.376,0.165,0.347,0.044,0.086,1.125,0.125,0.5625,0.051
162,P-Nb,1.4307496823379924,0.7471410419313851,0.7153748411689962,2.07103825136612,0.3224043715846993,1.03551912568306,-0.734,0.6699999999999999,1.8989592248019211,1.1379510255914749,0.9494796124009608,2.1538461538461537,1.0,1.0769230769230769,2.1746031746031744,0.1428571428571428,1.0873015873015872,0.764,0.026,0.114,0.398,0.032,0.074,1.25,0.0,0.625,-0.038
163,P-Mo,1.6378653113087671,0.95425667090216,0.8189326556543837,2.3770491803278686,0.0163934426229507,1.1885245901639343,-0.8360000000000001,0.772,1.9790188554233497,1.2180106562129034,0.9895094277116748,2.1923076923076925,1.0384615384615383,1.0961538461538465,2.119047619047619,0.0873015873015873,1.0595238095238095,0.539,0.1989999999999999,0.139,0.373,0.0049999999999999,0.047,1.375,0.125,0.6875,-0.08
164,P-Ru,1.8792884371029224,1.195679796696315,0.9396442185514612,2.398907103825137,0.005464480874317,1.1994535519125684,0.087,0.175,1.819451729564089,1.0584435303536426,0.9097258647820444,2.269230769230769,1.1153846153846154,1.1346153846153846,2.0793650793650795,0.0476190476190476,1.0396825396825398,0.491,0.247,0.273,0.239,0.026,0.068,1.625,0.375,0.8125,0.072
165,P-Rh,1.917407878017789,1.2337992376111817,0.9587039390088944,2.442622950819672,0.0491803278688523,1.221311475409836,0.434,0.536,1.6151616376335478,0.8541534384231013,0.8075808188167739,2.3076923076923075,1.1538461538461535,1.1538461538461535,2.0793650793650795,0.0476190476190476,1.0396825396825398,0.526,0.212,0.366,0.146,0.045,0.087,1.75,0.5,0.875,0.122
166,P-Pd,1.866581956797967,1.1829733163913596,0.9332909783989836,2.398907103825137,0.005464480874317,1.1994535519125684,0.241,0.349,1.3897799740496368,0.6287717748391907,0.6948899870248184,2.3461538461538463,1.1923076923076923,1.1730769230769231,2.1031746031746037,0.0714285714285714,1.0515873015873016,0.663,0.075,0.473,0.039,0.0849999999999999,0.127,1.875,0.625,0.9375,0.156
167,P-Sn,1.267725540025413,0.5841168996188055,0.6338627700127065,2.26775956284153,0.1256830601092896,1.133879781420765,-0.248,0.14,0.65937663915192,0.1016315600585263,0.32968831957596,2.5,1.3461538461538465,1.25,2.3095238095238093,0.2777777777777778,1.1547619047619049,1.127,0.389,0.37,0.142,0.088,0.13,1.125,0.125,0.5625,-0.287
168,P-Sb,1.1905972045743327,0.5069885641677255,0.5952986022871664,2.3169398907103824,0.0765027322404372,1.1584699453551912,-0.143,0.043,0.879511912320901,0.1185037131104547,0.4397559561604505,2.5384615384615383,1.3846153846153846,1.2692307692307692,2.333333333333333,0.3015873015873015,1.1666666666666667,1.118,0.38,0.387,0.125,0.037,0.079,1.25,0.0,0.625,-0.416
169,P-Te,1.1336721728081325,0.4500635324015248,0.5668360864040661,2.344262295081967,0.0491803278688523,1.1721311475409837,-0.115,0.015,0.7795102559147502,0.0185020567043038,0.3897551279573751,2.576923076923077,1.4230769230769231,1.2884615384615383,2.2857142857142856,0.2539682539682539,1.1428571428571428,1.17,0.432,0.452,0.06,0.0099999999999999,0.052,1.375,0.125,0.6875,-0.425
170,P-Hf,2.0317662007623887,1.3481575603557816,1.0158831003811943,1.907103825136612,0.4863387978142076,0.953551912568306,-0.545,0.475,1.764238191204483,1.0032299919940368,0.8821190956022417,3.3461538461538463,2.1923076923076925,1.6730769230769231,2.2777777777777777,0.246031746031746,1.1388888888888888,1.015,0.277,0.108,0.404,0.0519999999999999,0.094,1.125,0.125,0.5625,0.003
171,P-Ta,2.42566709021601,1.7420584498094027,1.212833545108005,2.0163934426229506,0.3770491803278688,1.0081967213114753,-0.751,0.689,2.1971123319437926,1.436104132733346,1.0985561659718963,3.3846153846153846,2.230769230769231,1.6923076923076923,2.1746031746031744,0.1428571428571428,1.0873015873015872,0.69,0.0479999999999999,0.076,0.436,0.019,0.061,1.25,0.0,0.625,-0.126
172,P-W,2.794155019059721,2.110546378653113,1.3970775095298604,2.125683060109289,0.26775956284153,1.0628415300546448,-0.782,0.722,2.416310079231428,1.655301880020981,1.2081550396157137,3.423076923076923,2.269230769230769,1.7115384615384617,2.119047619047619,0.0873015873015873,1.0595238095238095,0.498,0.24,0.107,0.405,-0.005,0.037,1.375,0.125,0.6875,-0.195
173,P-Re,2.984752223634054,2.301143583227446,1.492376111817027,2.2349726775956285,0.1584699453551912,1.1174863387978142,-0.664,0.596,2.2898710763879304,1.528862877177484,1.1449355381939652,3.4615384615384617,2.3076923076923075,1.7307692307692308,2.1031746031746037,0.0714285714285714,1.0515873015873016,0.446,0.292,0.168,0.344,-0.011,0.031,1.5,0.25,0.75,-0.201
174,P-Os,3.2118424396442187,2.528233799237611,1.6059212198221091,2.398907103825137,0.005464480874317,1.1994535519125684,-0.245,0.1629999999999999,2.205946498081329,1.444938298870883,1.1029732490406647,3.5,2.3461538461538463,1.75,2.0873015873015874,0.0555555555555555,1.0436507936507935,0.4599999999999999,0.278,0.24,0.272,-0.001,0.041,1.625,0.375,0.8125,-0.129
175,P-Ir,3.20866581956798,2.5250571791613723,1.60433290978399,2.398907103825137,0.005464480874317,1.1994535519125684,0.272,0.368,1.881843027910444,1.1208348286999972,0.9409215139552218,3.5384615384615383,2.3846153846153846,1.7692307692307692,2.095238095238096,0.0634920634920634,1.0476190476190477,0.504,0.2339999999999999,0.337,0.175,0.036,0.078,1.75,0.5,0.875,-0.026
176,P-Pt,3.073697585768742,2.3900889453621343,1.536848792884371,2.398907103825137,0.005464480874317,1.1994535519125684,0.251,0.359,1.5076056649090357,0.7465974656985892,0.7538028324545178,3.576923076923077,2.423076923076923,1.7884615384615383,2.119047619047619,0.0873015873015873,1.0595238095238095,0.631,0.1069999999999999,0.4609999999999999,0.051,0.073,0.115,1.875,0.625,0.9375,-0.018
177,P-Au,2.794155019059721,2.110546378653113,1.3970775095298604,2.5081967213114758,0.1147540983606557,1.2540983606557377,0.078,0.192,1.118891312149739,0.3578831129392926,0.5594456560748695,3.615384615384616,2.4615384615384617,1.807692307692308,2.1587301587301586,0.1269841269841269,1.0793650793650793,0.8260000000000001,0.088,0.5529999999999999,0.0409999999999999,0.117,0.159,2.0,0.75,1.0,0.007
178,P-U,2.76874205844981,2.085133418043202,1.384371029224905,2.125683060109289,0.26775956284153,1.0628415300546448,-1.367,1.311,1.157993540016012,0.3969853408055656,0.578996770008006,4.115384615384615,2.9615384615384617,2.0576923076923075,2.365079365079365,0.3333333333333333,1.1825396825396826,1.617,0.879,0.485,0.0269999999999999,0.0519999999999999,0.094,1.375,0.125,0.6875,-0.26
179,P-Np,2.90851334180432,2.2249047013977123,1.45425667090216,1.907103825136612,0.4863387978142076,0.953551912568306,-2.809,2.743,0.8868950666703475,0.1258868674599011,0.4434475333351737,4.153846153846154,3.0,2.076923076923077,2.373015873015873,0.3412698412698413,1.1865079365079363,1.655,0.917,0.503,0.009,0.034,0.076,1.5,0.25,0.75,-0.183
180,S-S,0.5260482846251587,0.0,0.2630241423125793,2.819672131147541,0.0,1.4098360655737705,0.007,0.001,0.4288545951467299,0.0,0.2144272975733649,1.2307692307692308,0.0,0.6153846153846154,2.015873015873016,0.0,1.007936507936508,1.146,0.0,0.754,0.0,0.008,0.0,1.5,0.0,0.75,0.412
181,S-Sc,0.6429479034307497,0.1168996188055909,0.3214739517153748,2.1530054644808745,0.6666666666666666,1.0765027322404372,-0.431,0.491,1.2160837037241532,0.7872291085774231,0.6080418518620766,1.4230769230769231,0.1923076923076923,0.7115384615384616,2.293650793650793,0.2777777777777778,1.1468253968253967,1.282,0.136,0.256,0.498,0.084,0.076,1.125,0.375,0.5625,0.441
182,S-Ti,0.8355781448538755,0.3095298602287167,0.4177890724269377,2.251366120218579,0.5683060109289617,1.1256830601092895,-0.88,0.946,1.2873091682080446,0.8584545730613146,0.6436545841040223,1.4615384615384617,0.2307692307692307,0.7307692307692307,2.1746031746031744,0.1587301587301587,1.0873015873015872,0.834,0.3119999999999999,0.217,0.537,0.02,0.012,1.25,0.25,0.625,0.155
183,S-V,1.0254129606099112,0.4993646759847522,0.5127064803049556,2.300546448087432,0.5191256830601094,1.150273224043716,-1.436,1.5,1.4198216602710985,0.9909670651243684,0.7099108301355492,1.5,0.2692307692307692,0.75,2.071428571428572,0.0555555555555555,1.0357142857142858,0.629,0.5169999999999999,0.291,0.4629999999999999,-0.004,0.012,1.375,0.125,0.6875,0.034
184,S-Cr,1.1715374841168995,0.6454891994917408,0.5857687420584499,2.3169398907103824,0.5027322404371586,1.1584699453551912,-2.085,2.141,1.4181652541203102,0.9893106589735804,0.7090826270601551,1.5384615384615383,0.3076923076923077,0.7692307692307693,2.023809523809524,0.0079365079365079,1.011904761904762,0.623,0.5229999999999999,0.382,0.372,0.002,0.006,1.5,0.0,0.75,0.053
185,S-Mn,1.1905972045743327,0.6645489199491741,0.5952986022871664,2.256830601092896,0.5628415300546448,1.128415300546448,-2.553,2.593,1.0532037655633162,0.6243491704165861,0.5266018827816581,1.5769230769230769,0.3461538461538461,0.7884615384615384,2.015873015873016,0.0,1.007936507936508,0.705,0.4409999999999999,0.471,0.283,0.023,0.015,1.625,0.125,0.8125,0.184
186,S-Co,1.388818297331639,0.8627700127064802,0.6944091486658195,2.4371584699453552,0.3825136612021859,1.2185792349726776,1.606,1.564,1.1906854760787349,0.7618308809320045,0.5953427380393673,1.6538461538461535,0.4230769230769231,0.8269230769230769,2.0,0.0158730158730158,1.0,0.563,0.583,0.49,0.264,0.02,0.012,1.875,0.375,0.9375,0.018
187,S-Ni,1.3939008894536211,0.8678526048284625,0.6969504447268107,2.453551912568306,0.366120218579235,1.226775956284153,0.795,0.761,1.1686000607348923,0.7397454655881621,0.5843000303674462,1.6923076923076923,0.4615384615384615,0.8461538461538461,1.992063492063492,0.0238095238095238,0.996031746031746,0.6779999999999999,0.4679999999999999,0.597,0.157,0.05,0.0419999999999999,2.0,0.5,1.0,0.167
188,S-Cu,1.4015247776365949,0.8754764930114359,0.7007623888182974,2.448087431693989,0.371584699453552,1.2240437158469946,0.1629999999999999,0.129,0.9641001573585845,0.5352455622118543,0.4820500786792921,1.7307692307692308,0.5,0.8653846153846154,2.023809523809524,0.0079365079365079,1.011904761904762,0.827,0.3189999999999999,0.596,0.158,0.0579999999999999,0.05,2.125,0.625,1.0625,0.269
189,S-Zn,1.1695044472681069,0.6434561626429479,0.5847522236340534,2.3114754098360657,0.5081967213114755,1.1557377049180328,-0.0549999999999999,0.093,0.5968787786765314,0.1680241835298014,0.2984393893382657,1.7692307692307692,0.5384615384615384,0.8846153846153846,2.071428571428572,0.0555555555555555,1.0357142857142858,0.8999999999999999,0.2459999999999999,0.489,0.265,0.047,0.0389999999999999,2.25,0.75,1.125,0.133
190,S-Ga,1.013977128335451,0.4879288437102922,0.5069885641677255,2.398907103825137,0.4207650273224043,1.1994535519125684,-0.159,0.1969999999999999,0.3816771664412113,0.0471774287055186,0.1908385832206056,1.807692307692308,0.5769230769230769,0.903846153846154,2.119047619047619,0.1031746031746031,1.0595238095238095,0.976,0.1699999999999999,0.47,0.284,0.044,0.036,1.125,0.375,0.5625,0.045
191,S-Ge,0.939440914866582,0.4133926302414232,0.4697204574332909,2.5081967213114758,0.3114754098360657,1.2540983606557377,-0.11,0.14,0.8832841012616294,0.4544295061148994,0.4416420506308147,1.8461538461538465,0.6153846153846154,0.9230769230769232,2.1507936507936507,0.1349206349206349,1.0753968253968254,1.04,0.1059999999999999,0.535,0.219,0.035,0.027,1.25,0.25,0.625,0.01
192,S-As,0.9936467598475224,0.4675984752223634,0.4968233799237611,2.601092896174863,0.2185792349726775,1.3005464480874316,-0.066,0.0839999999999999,0.8163376860006074,0.3874830908538774,0.4081688430003037,1.8846153846153848,0.6538461538461539,0.9423076923076924,2.1825396825396823,0.1666666666666666,1.0912698412698412,1.109,0.0369999999999999,0.605,0.149,0.015,0.0069999999999999,1.375,0.125,0.6875,0.06
193,S-Se,0.8753494282083861,0.3493011435832274,0.437674714104193,2.80327868852459,0.0163934426229509,1.401639344262295,-0.023,0.027,0.4872649973773569,0.0584104022306269,0.2436324986886784,1.9230769230769231,0.6923076923076923,0.9615384615384616,2.119047619047619,0.1031746031746031,1.0595238095238095,1.248,0.102,0.685,0.069,0.018,0.01,1.5,0.0,0.75,0.25
194,S-Zr,1.0914866581956797,0.5654383735705208,0.5457433290978398,2.1366120218579234,0.6830601092896175,1.0683060109289615,-0.3879999999999999,0.44,1.3889020787897193,0.9600474836429892,0.6944510393948596,2.1538461538461537,0.9230769230769232,1.0769230769230769,2.2777777777777777,0.2619047619047619,1.1388888888888888,1.318,0.172,0.286,0.4679999999999999,0.069,0.061,1.25,0.25,0.625,0.358
195,S-Nb,1.3519695044472682,0.8259212198221093,0.6759847522236341,2.2841530054644807,0.53551912568306,1.1420765027322404,-0.7,0.754,1.7328824227700632,1.3040278276233332,0.8664412113850316,2.1923076923076925,0.9615384615384616,1.0961538461538465,2.1666666666666665,0.1507936507936507,1.0833333333333333,0.968,0.1779999999999999,0.235,0.519,0.0569999999999999,0.049,1.375,0.125,0.6875,0.143
196,S-Mo,1.5590851334180431,1.0330368487928845,0.7795425667090216,2.5901639344262297,0.2295081967213114,1.2950819672131149,-0.83,0.876,1.812942053391492,1.3840874582447615,0.906471026695746,2.230769230769231,1.0,1.1153846153846154,2.111111111111111,0.0952380952380952,1.0555555555555556,0.743,0.4029999999999999,0.26,0.494,0.03,0.022,1.5,0.0,0.75,0.006
197,S-Ru,1.800508259212198,1.2744599745870393,0.9002541296060991,2.612021857923497,0.2076502732240436,1.3060109289617488,0.124,0.102,1.653374927532231,1.224520332385501,0.8266874637661155,2.3076923076923075,1.0769230769230769,1.1538461538461535,2.071428571428572,0.0555555555555555,1.0357142857142858,0.695,0.4509999999999999,0.394,0.36,0.051,0.043,1.75,0.25,0.875,0.076
198,S-Rh,1.8386277001270648,1.312579415501906,0.9193138500635324,2.655737704918032,0.1639344262295083,1.327868852459016,0.499,0.483,1.4490848356016897,1.0202302404549597,0.7245424178008448,2.3461538461538463,1.1153846153846154,1.1730769230769231,2.071428571428572,0.0555555555555555,1.0357142857142858,0.73,0.4159999999999999,0.487,0.267,0.07,0.062,1.875,0.375,0.9375,0.12
199,S-Pd,1.787801778907243,1.2617534942820838,0.8939008894536213,2.612021857923497,0.2076502732240436,1.3060109289617488,0.341,0.311,1.223703172017779,0.7948485768710488,0.6118515860088893,2.3846153846153846,1.1538461538461535,1.1923076923076923,2.095238095238096,0.0793650793650793,1.0476190476190477,0.867,0.2789999999999999,0.594,0.16,0.11,0.102,2.0,0.5,1.0,0.219
200,S-Sn,1.1889453621346886,0.6628970775095299,0.5944726810673443,2.480874316939891,0.3387978142076503,1.2404371584699454,-0.184,0.212,0.4932998371200618,0.0644452419733318,0.2466499185600309,2.5384615384615383,1.3076923076923077,1.2692307692307692,2.3015873015873014,0.2857142857142857,1.1507936507936507,1.331,0.185,0.491,0.263,0.113,0.105,1.25,0.25,0.625,0.078
201,S-Sb,1.1118170266836087,0.5857687420584498,0.5559085133418044,2.530054644808743,0.2896174863387979,1.2650273224043715,-0.087,0.105,0.7134351102890428,0.2845805151423128,0.3567175551445214,2.576923076923077,1.3461538461538465,1.2884615384615383,2.3253968253968256,0.3095238095238095,1.1626984126984128,1.322,0.176,0.508,0.246,0.062,0.054,1.375,0.125,0.6875,0.016
202,S-Te,1.0548919949174078,0.5288437102922492,0.5274459974587039,2.557377049180328,0.2622950819672131,1.2786885245901638,-0.0659999999999999,0.076,0.613433453882892,0.184578858736162,0.306716726941446,2.6153846153846154,1.3846153846153846,1.3076923076923077,2.2777777777777777,0.2619047619047619,1.1388888888888888,1.374,0.2280000000000001,0.573,0.181,0.035,0.027,1.5,0.0,0.75,0.059
203,S-Hf,1.952986022871665,1.4269377382465058,0.9764930114358324,2.1202185792349724,0.6994535519125683,1.0601092896174862,-0.482,0.54,1.5981613891726252,1.169306794025895,0.7990806945863126,3.3846153846153846,2.1538461538461537,1.6923076923076923,2.2698412698412698,0.2539682539682539,1.1349206349206349,1.219,0.073,0.229,0.525,0.077,0.0689999999999999,1.25,0.25,0.625,0.267
204,S-Ta,2.3468869123252856,1.8208386277001267,1.1734434561626428,2.2295081967213117,0.5901639344262295,1.1147540983606556,-0.711,0.771,2.0310355299119345,1.6021809347652043,1.0155177649559672,3.423076923076923,2.1923076923076925,1.7115384615384617,2.1666666666666665,0.1507936507936507,1.0833333333333333,0.8939999999999999,0.2519999999999999,0.197,0.5569999999999999,0.044,0.036,1.375,0.125,0.6875,0.027
205,S-W,2.7153748411689964,2.1893265565438376,1.3576874205844982,2.33879781420765,0.4808743169398907,1.169398907103825,-0.77,0.8200000000000001,2.250233277199569,1.8213786820528397,1.1251166385997846,3.4615384615384617,2.230769230769231,1.7307692307692308,2.111111111111111,0.0952380952380952,1.0555555555555556,0.702,0.4439999999999999,0.228,0.526,0.02,0.012,1.5,0.0,0.75,-0.128
206,S-Re,2.9059720457433293,2.3799237611181705,1.452986022871665,2.448087431693989,0.371584699453552,1.2240437158469946,-0.668,0.7020000000000001,2.1237942743560723,1.694939679209342,1.061897137178036,3.5,2.269230769230769,1.75,2.095238095238096,0.0793650793650793,1.0476190476190477,0.6499999999999999,0.4959999999999999,0.289,0.4649999999999999,0.014,0.006,1.625,0.125,0.8125,-0.192
207,S-Os,3.1330622617534942,2.6070139771283354,1.5665311308767471,2.612021857923497,0.2076502732240436,1.3060109289617488,-0.235,0.257,2.0398696960494718,1.6110151009027414,1.0199348480247357,3.5384615384615383,2.3076923076923075,1.7692307692307692,2.0793650793650795,0.0634920634920634,1.0396825396825398,0.6639999999999999,0.482,0.361,0.393,0.024,0.016,1.75,0.25,0.875,-0.155
208,S-Ir,3.129885641677256,2.6038373570520967,1.5649428208386278,2.612021857923497,0.2076502732240436,1.3060109289617488,0.316,0.306,1.7157662258785855,1.286911630731855,0.8578831129392928,3.576923076923077,2.3461538461538463,1.7884615384615383,2.0873015873015874,0.0714285714285714,1.0436507936507935,0.708,0.4379999999999999,0.458,0.296,0.061,0.053,1.875,0.375,0.9375,-0.059
209,S-Pt,2.9949174078780176,2.468869123252859,1.4974587039390088,2.612021857923497,0.2076502732240436,1.3060109289617488,0.347,0.325,1.3415288628771775,0.9126742677304474,0.6707644314385888,3.615384615384616,2.3846153846153846,1.807692307692308,2.111111111111111,0.0952380952380952,1.0555555555555556,0.835,0.3109999999999999,0.582,0.172,0.098,0.09,2.0,0.5,1.0,0.026
210,S-Au,2.7153748411689964,2.1893265565438376,1.3576874205844982,2.721311475409836,0.098360655737705,1.360655737704918,0.1629999999999999,0.133,0.9528145101178808,0.5239599149711508,0.4764072550589404,3.6538461538461537,2.423076923076923,1.8269230769230769,2.1507936507936507,0.1349206349206349,1.0753968253968254,1.03,0.1159999999999999,0.6739999999999999,0.08,0.142,0.134,2.125,0.625,1.0625,0.185
211,S-U,2.689961880559085,2.163913595933926,1.3449809402795427,2.33879781420765,0.4808743169398907,1.169398907103825,-1.47,1.486,0.9919167379841538,0.5630621428374237,0.4959583689920769,4.153846153846154,2.923076923076923,2.076923076923077,2.357142857142857,0.3412698412698413,1.1785714285714286,1.821,0.675,0.606,0.148,0.077,0.0689999999999999,1.5,0.0,0.75,0.249
212,S-Np,2.829733163913596,2.303684879288437,1.4148665819567978,2.1202185792349724,0.6994535519125683,1.0601092896174862,-2.781,2.813,0.7208182646384893,0.2919636694917593,0.3604091323192446,4.1923076923076925,2.9615384615384617,2.0961538461538463,2.365079365079365,0.3492063492063492,1.1825396825396826,1.859,0.7130000000000001,0.624,0.13,0.059,0.051,1.625,0.125,0.8125,0.348
213,Sc-Sc,0.7598475222363406,0.0,0.3799237611181703,1.4863387978142075,0.0,0.7431693989071039,-1.084,0.0,2.0033128123015764,0.0,1.0016564061507882,1.6153846153846154,0.0,0.8076923076923077,2.571428571428572,0.0,1.2857142857142858,1.418,0.0,-0.242,0.0,0.16,0.0,0.75,0.0,0.375,-0.218
214,Sc-Ti,0.9524777636594663,0.1926302414231258,0.4762388818297332,1.5846994535519128,0.0983606557377048,0.7923497267759564,-1.519,0.4309999999999999,2.074538276785468,0.0712254644838914,1.037269138392734,1.6538461538461535,0.0384615384615384,0.8269230769230769,2.452380952380953,0.119047619047619,1.2261904761904765,0.97,0.4479999999999999,-0.281,0.039,0.096,0.064,0.875,0.125,0.4375,-0.276
215,Sc-V,1.142312579415502,0.3824650571791613,0.571156289707751,1.633879781420765,0.1475409836065572,0.8169398907103825,-1.988,0.912,2.207050768848521,0.2037379565469453,1.1035253844242607,1.6923076923076923,0.0769230769230769,0.8461538461538461,2.3492063492063493,0.2222222222222222,1.1746031746031746,0.765,0.6529999999999999,-0.207,0.035,0.072,0.088,1.0,0.25,0.5,-0.235
216,Sc-Cr,1.2884371029224906,0.5285895806861499,0.6442185514612453,1.650273224043716,0.1639344262295081,0.825136612021858,-2.409,1.377,2.2053943626977333,0.2020815503961571,1.1026971813488666,1.7307692307692308,0.1153846153846153,0.8653846153846154,2.3015873015873014,0.2698412698412698,1.1507936507936507,0.759,0.6589999999999999,-0.1159999999999999,0.126,0.078,0.082,1.125,0.375,0.5625,-0.149
217,Sc-Mn,1.3074968233799236,0.5476493011435831,0.6537484116899618,1.5901639344262295,0.1038251366120218,0.7950819672131147,-2.387,1.4209999999999998,1.8404328741407396,0.162879938160837,0.9202164370703696,1.7692307692307692,0.1538461538461538,0.8846153846153846,2.293650793650793,0.2777777777777778,1.1468253968253967,0.841,0.577,-0.0269999999999999,0.215,0.099,0.061,1.25,0.5,0.625,-0.04
218,Sc-Co,1.5057179161372298,0.7458703939008894,0.7528589580686149,1.7704918032786885,0.2841530054644807,0.8852459016393442,1.062,2.1260000000000003,1.9779145846561577,0.0253982276454186,0.9889572923280788,1.8461538461538465,0.2307692307692307,0.9230769230769232,2.2777777777777777,0.2936507936507936,1.1388888888888888,0.699,0.719,-0.0079999999999999,0.2339999999999999,0.096,0.064,1.5,0.75,0.75,0.072
219,Sc-Ni,1.5108005082592122,0.7509529860228716,0.7554002541296061,1.786885245901639,0.3005464480874316,0.8934426229508197,0.3119999999999999,1.314,1.9558291693123155,0.0474836429892609,0.9779145846561575,1.8846153846153848,0.2692307692307692,0.9423076923076924,2.2698412698412698,0.3015873015873015,1.1349206349206349,0.814,0.604,0.099,0.3409999999999999,0.126,0.034,1.625,0.875,0.8125,0.151
220,Sc-Cu,1.5184243964421855,0.7585768742058451,0.7592121982210928,1.7814207650273222,0.2950819672131146,0.8907103825136611,-0.38,0.604,1.7513292659360074,0.2519835463655689,0.8756646329680037,1.9230769230769231,0.3076923076923077,0.9615384615384616,2.3015873015873014,0.2698412698412698,1.1507936507936507,0.963,0.4549999999999999,0.098,0.3399999999999999,0.134,0.026,1.75,1.0,0.875,0.13
221,Sc-Zn,1.2864040660736975,0.5265565438373571,0.6432020330368489,1.6448087431693987,0.1584699453551911,0.8224043715846994,-0.611,0.441,1.3841078872539547,0.6192049250476217,0.6920539436269774,1.9615384615384612,0.3461538461538461,0.9807692307692308,2.3492063492063493,0.2222222222222222,1.1746031746031746,1.036,0.3819999999999999,-0.0089999999999999,0.2329999999999999,0.123,0.037,1.875,1.125,0.9375,0.019
222,Sc-Ga,1.130876747141042,0.3710292249047013,0.565438373570521,1.73224043715847,0.2459016393442622,0.8661202185792349,-0.678,0.3399999999999999,1.1689062750186343,0.8344065372829418,0.5844531375093173,2.0,0.3846153846153846,1.0,2.3968253968253967,0.1746031746031746,1.1984126984126984,1.112,0.3059999999999999,-0.0279999999999999,0.214,0.12,0.04,0.75,0.0,0.375,-0.033
223,Sc-Ge,1.056340533672173,0.2964930114358323,0.5281702668360865,1.8415300546448088,0.3551912568306009,0.9207650273224044,-0.592,0.384,1.6705132098390525,0.3327996024625237,0.8352566049195262,2.0384615384615383,0.4230769230769231,1.0192307692307692,2.4285714285714284,0.1428571428571428,1.2142857142857142,1.176,0.2419999999999999,0.037,0.279,0.111,0.049,0.875,0.125,0.4375,-0.008
224,Sc-As,1.1105463786531131,0.3506988564167725,0.5552731893265566,1.9344262295081969,0.448087431693989,0.9672131147540984,-0.534,0.43,1.6035667945780303,0.3997460177235458,0.8017833972890153,2.076923076923077,0.4615384615384615,1.0384615384615383,2.4603174603174605,0.1111111111111111,1.2301587301587302,1.245,0.1729999999999999,0.107,0.349,0.091,0.069,1.0,0.25,0.5,0.064
225,Sc-Se,0.9922490470139772,0.2324015247776365,0.4961245235069885,2.1366120218579234,0.6502732240437157,1.0683060109289615,-0.486,0.488,1.27449410595478,0.7288187063467962,0.63724705297739,2.1153846153846154,0.5,1.0576923076923077,2.3968253968253967,0.1746031746031746,1.1984126984126984,1.384,0.0339999999999999,0.187,0.429,0.094,0.066,1.125,0.375,0.5625,0.199
226,Sc-Zr,1.2083862770012703,0.44853875476493,0.6041931385006353,1.469945355191257,0.0163934426229508,0.7349726775956285,-0.998,0.094,2.1761311873671425,0.172818375065566,1.0880655936835713,2.3461538461538463,0.7307692307692307,1.1730769230769231,2.555555555555556,0.0158730158730158,1.2777777777777777,1.454,0.036,-0.212,0.03,0.145,0.015,0.875,0.125,0.4375,-0.339
227,Sc-Nb,1.468869123252859,0.7090216010165185,0.7344345616264295,1.6174863387978142,0.1311475409836065,0.8087431693989071,-1.263,0.2109999999999999,2.5201115313474864,0.51679871904591,1.2600557656737432,2.3846153846153846,0.7692307692307693,1.1923076923076923,2.4444444444444446,0.1269841269841269,1.2222222222222223,1.104,0.3139999999999999,-0.263,0.0209999999999999,0.133,0.027,1.0,0.25,0.5,-0.329
228,Sc-Mo,1.675984752223634,0.9161372299872934,0.837992376111817,1.923497267759563,0.4371584699453552,0.9617486338797816,-1.31,0.286,2.6001711619689147,0.5968583496673384,1.3000855809844574,2.423076923076923,0.8076923076923077,1.2115384615384617,2.388888888888889,0.1825396825396825,1.1944444444444444,0.879,0.5389999999999999,-0.238,0.0039999999999999,0.106,0.054,1.125,0.375,0.5625,-0.27
229,Sc-Ru,1.917407878017789,1.1575603557814484,0.9587039390088944,1.9453551912568308,0.4590163934426229,0.9726775956284154,-0.3349999999999999,0.643,2.440604036109654,0.4372912238080777,1.220302018054827,2.5,0.8846153846153846,1.25,2.3492063492063493,0.2222222222222222,1.1746031746031746,0.831,0.587,-0.104,0.138,0.127,0.033,1.375,0.625,0.6875,0.039
230,Sc-Rh,1.955527318932656,1.195679796696315,0.9777636594663278,1.9890710382513657,0.5027322404371583,0.9945355191256828,0.0879999999999999,1.0659999999999998,2.2363139441791127,0.2330011318775363,1.1181569720895563,2.5384615384615383,0.9230769230769232,1.2692307692307692,2.3492063492063493,0.2222222222222222,1.1746031746031746,0.866,0.5519999999999999,-0.0109999999999999,0.2309999999999999,0.146,0.0139999999999999,1.5,0.75,0.75,0.148
231,Sc-Pd,1.9047013977128333,1.144853875476493,0.9523506988564168,1.9453551912568308,0.4590163934426229,0.9726775956284154,-0.143,0.839,2.010932280595202,0.0076194682936255,1.005466140297601,2.576923076923077,0.9615384615384616,1.2884615384615383,2.373015873015873,0.1984126984126984,1.1865079365079363,1.003,0.415,0.096,0.3379999999999999,0.186,0.0259999999999999,1.625,0.875,0.8125,0.18
232,Sc-Sn,1.3058449809402797,0.545997458703939,0.6529224904701398,1.814207650273224,0.3278688524590163,0.907103825136612,-0.675,0.319,1.2805289456974849,0.7227838666040913,0.6402644728487424,2.730769230769231,1.1153846153846154,1.3653846153846154,2.5793650793650795,0.0079365079365079,1.2896825396825398,1.467,0.049,-0.0069999999999999,0.235,0.189,0.0289999999999999,0.875,0.125,0.4375,-0.171
233,Sc-Sb,1.2287166454891996,0.4688691232528589,0.6143583227445998,1.8633879781420768,0.3770491803278686,0.9316939890710384,-0.577,0.421,1.5006642188664658,0.5026485934351103,0.7503321094332329,2.769230769230769,1.1538461538461535,1.3846153846153846,2.6031746031746037,0.0317460317460317,1.3015873015873016,1.458,0.04,0.01,0.252,0.138,0.022,1.0,0.25,0.5,-0.186
234,Sc-Te,1.171791613722999,0.4119440914866581,0.5858958068614994,1.890710382513661,0.4043715846994535,0.9453551912568304,-0.561,0.451,1.400662562460315,0.6026502498412611,0.7003312812301575,2.8076923076923075,1.1923076923076923,1.4038461538461535,2.555555555555556,0.0158730158730158,1.2777777777777777,1.51,0.092,0.075,0.317,0.111,0.049,1.125,0.375,0.5625,-0.136
235,Sc-Hf,2.069885641677255,1.310038119440915,1.0349428208386275,1.453551912568306,0.0327868852459016,0.726775956284153,-1.101,0.0289999999999999,2.3853904977500484,0.3820776854484719,1.1926952488750242,3.576923076923077,1.9615384615384612,1.7884615384615383,2.5476190476190474,0.0238095238095238,1.2738095238095235,1.355,0.0629999999999999,-0.269,0.0269999999999999,0.153,0.007,0.875,0.125,0.4375,-0.367
236,Sc-Ta,2.463786531130877,1.703939008894536,1.2318932655654384,1.562841530054645,0.0765027322404371,0.7814207650273225,-1.298,0.244,2.818264638489357,0.8149518261877812,1.4091323192446787,3.615384615384616,2.0,1.807692307692308,2.4444444444444446,0.1269841269841269,1.2222222222222223,1.03,0.3879999999999999,-0.301,0.059,0.12,0.04,1.0,0.25,0.5,-0.405
237,Sc-W,2.832274459974587,2.0724269377382467,1.4161372299872934,1.6721311475409837,0.1857923497267758,0.8360655737704917,-1.292,0.252,3.0374623857769927,1.034149573475416,1.5187311928884963,3.6538461538461537,2.0384615384615383,1.8269230769230769,2.388888888888889,0.1825396825396825,1.1944444444444444,0.838,0.58,-0.27,0.0279999999999999,0.096,0.064,1.125,0.375,0.5625,-0.37
238,Sc-Re,3.02287166454892,2.26302414231258,1.51143583227446,1.7814207650273222,0.2950819672131146,0.8907103825136611,-1.115,0.0929999999999999,2.9110233829334957,0.907710570631919,1.4555116914667476,3.692307692307693,2.076923076923077,1.8461538461538465,2.373015873015873,0.1984126984126984,1.1865079365079363,0.7859999999999999,0.632,-0.209,0.033,0.09,0.07,1.25,0.5,0.625,-0.264
239,Sc-Os,3.2499618805590846,2.4901143583227445,1.6249809402795423,1.9453551912568308,0.4590163934426229,0.9726775956284154,-0.6679999999999999,0.322,2.8270988046268943,0.8237859923253181,1.4135494023134472,3.730769230769231,2.1153846153846154,1.8653846153846156,2.357142857142857,0.2142857142857142,1.1785714285714286,0.7999999999999999,0.618,-0.137,0.105,0.1,0.06,1.375,0.625,0.6875,-0.086
240,Sc-Ir,3.246785260482846,2.486937738246506,1.623392630241423,1.9453551912568308,0.4590163934426229,0.9726775956284154,-0.1049999999999999,0.877,2.5029953344560085,0.4996825221544322,1.2514976672280045,3.769230769230769,2.1538461538461537,1.8846153846153848,2.365079365079365,0.2063492063492063,1.1825396825396826,0.844,0.574,-0.0399999999999999,0.202,0.137,0.023,1.5,0.75,0.75,0.075
241,Sc-Pt,3.111817026683609,2.351969504447268,1.5559085133418045,1.9453551912568308,0.4590163934426229,0.9726775956284154,-0.141,0.855,2.128757971454601,0.1254451591530242,1.0643789857273005,3.807692307692308,2.1923076923076925,1.9038461538461535,2.388888888888889,0.1825396825396825,1.1944444444444444,0.971,0.4469999999999999,0.0839999999999999,0.3259999999999999,0.174,0.0139999999999999,1.625,0.875,0.8125,0.145
242,Sc-Au,2.832274459974587,2.0724269377382467,1.4161372299872934,2.054644808743169,0.5683060109289616,1.0273224043715845,-0.3329999999999999,0.651,1.740043618695304,0.2632691936062723,0.870021809347652,3.8461538461538463,2.230769230769231,1.9230769230769231,2.4285714285714284,0.1428571428571428,1.2142857142857142,1.166,0.2519999999999999,0.176,0.418,0.218,0.058,1.75,1.0,0.875,0.127
243,Sc-U,2.8068614993646763,2.0470139771283358,1.4034307496823382,1.6721311475409837,0.1857923497267758,0.8360655737704917,-1.944,0.8040000000000002,1.7791458465615768,0.2241669657399994,0.8895729232807884,4.346153846153846,2.730769230769231,2.173076923076923,2.634920634920635,0.0634920634920634,1.3174603174603174,1.957,0.539,0.108,0.35,0.153,0.007,1.125,0.375,0.5625,-0.371
244,Sc-Np,2.9466327827191865,2.1867852604828464,1.4733163913595932,1.453551912568306,0.0327868852459016,0.726775956284153,-3.338,2.176,1.5080473732159123,0.4952654390856638,0.7540236866079563,4.384615384615385,2.769230769230769,2.1923076923076925,2.642857142857143,0.0714285714285714,1.3214285714285714,1.995,0.5770000000000001,0.126,0.368,0.135,0.025,1.25,0.5,0.625,-0.311
245,Ti-Ti,1.145108005082592,0.0,0.5725540025412961,1.6830601092896174,0.0,0.8415300546448087,-1.946,0.0,2.1457637412693598,0.0,1.0728818706346797,1.6923076923076923,0.0,0.8461538461538461,2.333333333333333,0.0,1.1666666666666667,0.522,0.0,-0.32,0.0,0.032,0.0,1.0,0.0,0.5,-0.28
246,Ti-V,1.3349428208386278,0.1898348157560355,0.6674714104193139,1.73224043715847,0.0491803278688523,0.8661202185792349,-2.348,0.4620000000000001,2.278276233332413,0.1325124920630538,1.1391381166662065,1.7307692307692308,0.0384615384615384,0.8653846153846154,2.2301587301587302,0.1031746031746031,1.1150793650793651,0.317,0.205,-0.246,0.074,0.008,0.024,1.125,0.125,0.5625,-0.241
247,Ti-Cr,1.4810673443456164,0.3359593392630242,0.7405336721728082,1.7486338797814207,0.0655737704918032,0.8743169398907104,-2.684,0.896,2.2766198271816247,0.1308560859122657,1.1383099135908124,1.7692307692307692,0.0769230769230769,0.8846153846153846,2.1825396825396823,0.1507936507936507,1.0912698412698412,0.311,0.211,-0.155,0.165,0.014,0.018,1.25,0.25,0.625,-0.193
248,Ti-Mn,1.5001270648030496,0.3550190597204574,0.7500635324015248,1.6885245901639343,0.0054644808743169,0.8442622950819672,-2.383,0.7170000000000001,1.9116583386246309,0.2341054026447284,0.9558291693123154,1.807692307692308,0.1153846153846153,0.903846153846154,2.1746031746031744,0.1587301587301587,1.0873015873015872,0.393,0.129,-0.066,0.254,0.035,0.0029999999999999,1.375,0.375,0.6875,-0.133
249,Ti-Co,1.6983481575603556,0.5532401524777636,0.8491740787801778,1.8688524590163933,0.1857923497267758,0.9344262295081966,0.659,2.559,2.0491400491400493,0.0966236921293101,1.0245700245700249,1.8846153846153848,0.1923076923076923,0.9423076923076924,2.1587301587301586,0.1746031746031746,1.0793650793650793,0.251,0.271,-0.047,0.273,0.032,0.0,1.625,0.625,0.8125,0.017
250,Ti-Ni,1.703430749682338,0.5583227445997458,0.851715374841169,1.8852459016393444,0.2021857923497267,0.9426229508196722,-0.069,1.735,2.0270546337962068,0.1187091074731524,1.0135273168981034,1.9230769230769231,0.2307692307692307,0.9615384615384616,2.1507936507936507,0.1825396825396825,1.0753968253968254,0.366,0.156,0.06,0.38,0.062,0.03,1.75,0.75,0.875,0.018
251,Ti-Cu,1.711054637865311,0.5659466327827193,0.8555273189326557,1.8797814207650272,0.1967213114754097,0.9398907103825136,-0.843,1.035,1.822554730419899,0.3232090108494603,0.9112773652099496,1.9615384615384612,0.2692307692307692,0.9807692307692308,2.1825396825396823,0.1507936507936507,1.0912698412698412,0.515,0.007,0.059,0.379,0.07,0.038,1.875,0.875,0.9375,-0.013
252,Ti-Zn,1.4790343074968235,0.3339263024142312,0.7395171537484118,1.7431693989071038,0.0601092896174862,0.8715846994535519,-1.022,0.858,1.4553333517378462,0.6904303895315131,0.7276666758689231,2.0,0.3076923076923077,1.0,2.2301587301587302,0.1031746031746031,1.1150793650793651,0.5880000000000001,0.066,-0.048,0.272,0.059,0.0269999999999999,2.0,1.0,1.0,-0.094
253,Ti-Ga,1.3235069885641677,0.1783989834815756,0.6617534942820839,1.830601092896175,0.1475409836065573,0.9153005464480874,-1.066,0.742,1.240131739502526,0.9056320017668332,0.620065869751263,2.0384615384615383,0.3461538461538461,1.0192307692307692,2.2777777777777777,0.0555555555555555,1.1388888888888888,0.664,0.142,-0.067,0.253,0.056,0.024,0.875,0.125,0.4375,-0.141
254,Ti-Ge,1.2489707750952983,0.1038627700127065,0.6244853875476493,1.9398907103825136,0.256830601092896,0.9699453551912568,-0.99,0.788,1.741738674322944,0.4040250669464152,0.870869337161472,2.076923076923077,0.3846153846153846,1.0384615384615383,2.3095238095238093,0.0238095238095238,1.1547619047619049,0.728,0.206,-0.002,0.318,0.047,0.015,1.0,0.0,0.5,-0.124
255,Ti-As,1.303176620076239,0.1580686149936467,0.6515883100381195,2.0327868852459017,0.3497267759562842,1.0163934426229508,-0.949,0.845,1.674792259061922,0.4709714822074372,0.837396129530961,2.1153846153846154,0.4230769230769231,1.0576923076923077,2.3412698412698414,0.0079365079365079,1.1706349206349207,0.797,0.275,0.068,0.388,0.027,0.005,1.125,0.125,0.5625,-0.07
256,Ti-Se,1.1848792884371029,0.0397712833545107,0.5924396442185514,2.2349726775956285,0.5519125683060108,1.1174863387978142,-0.921,0.913,1.3457195704386715,0.8000441708306877,0.6728597852193358,2.1538461538461537,0.4615384615384615,1.0769230769230769,2.2777777777777777,0.0555555555555555,1.1388888888888888,0.936,0.414,0.148,0.4679999999999999,0.03,0.002,1.25,0.25,0.625,0.019
257,Ti-Zr,1.4010165184243963,0.2559085133418042,0.7005082592121982,1.5683060109289615,0.1147540983606557,0.7841530054644809,-1.386,0.506,2.247356651851034,0.1015929105816746,1.123678325925517,2.3846153846153846,0.6923076923076923,1.1923076923076923,2.4365079365079363,0.1031746031746031,1.218253968253968,1.006,0.484,-0.251,0.069,0.081,0.049,1.0,0.0,0.5,-0.349
258,Ti-Nb,1.6614993646759848,0.5163913595933927,0.8307496823379924,1.715846994535519,0.0327868852459016,0.8579234972677595,-1.638,0.202,2.591336995831378,0.4455732545620186,1.295668497915689,2.423076923076923,0.7307692307692307,1.2115384615384617,2.3253968253968256,0.0079365079365079,1.1626984126984128,0.656,0.134,-0.302,0.018,0.069,0.037,1.125,0.125,0.5625,-0.327
259,Ti-Mo,1.86861499364676,0.7235069885641676,0.93430749682338,2.021857923497268,0.3387978142076503,1.010928961748634,-1.667,0.125,2.671396626452806,0.525632885183447,1.335698313226403,2.4615384615384617,0.7692307692307693,1.2307692307692308,2.2698412698412698,0.0634920634920634,1.1349206349206349,0.431,0.091,-0.277,0.043,0.0419999999999999,0.0099999999999999,1.25,0.25,0.625,-0.27
260,Ti-Ru,2.1100381194409152,0.9649301143583228,1.0550190597204576,2.043715846994536,0.3606557377049181,1.0218579234972678,-0.643,1.055,2.5118295005935454,0.3660657593241863,1.255914750296773,2.5384615384615383,0.8461538461538461,1.2692307692307692,2.2301587301587302,0.1031746031746031,1.1150793650793651,0.383,0.139,-0.143,0.177,0.063,0.031,1.5,0.5,0.75,0.009
261,Ti-Rh,2.148157560355781,1.0030495552731893,1.0740787801778906,2.0874316939890707,0.4043715846994534,1.0437158469945351,-0.301,1.467,2.307539408663004,0.1617756673936449,1.153769704331502,2.576923076923077,0.8846153846153846,1.2884615384615383,2.2301587301587302,0.1031746031746031,1.1150793650793651,0.418,0.104,-0.05,0.27,0.082,0.05,1.625,0.625,0.8125,0.07
262,Ti-Pd,2.0973316391359598,0.9522236340533672,1.0486658195679797,2.043715846994536,0.3606557377049181,1.0218579234972678,-0.538,1.248,2.0821577450790936,0.0636059961902658,1.0410788725395468,2.6153846153846154,0.9230769230769232,1.3076923076923077,2.253968253968254,0.0793650793650793,1.126984126984127,0.5549999999999999,0.0329999999999999,0.0569999999999999,0.377,0.122,0.09,1.75,0.75,0.875,0.032
263,Ti-Sn,1.4984752223634052,0.3533672172808131,0.7492376111817026,1.9125683060109289,0.2295081967213114,0.9562841530054644,-1.073,0.7170000000000001,1.3517544101813763,0.7940093310879828,0.6758772050906882,2.769230769230769,1.0769230769230769,1.3846153846153846,2.4603174603174605,0.1269841269841269,1.2301587301587302,1.019,0.497,-0.046,0.274,0.125,0.093,1.0,0.0,0.5,-0.247
264,Ti-Sb,1.4213468869123254,0.2762388818297331,0.7106734434561627,1.9617486338797807,0.2786885245901638,0.9808743169398906,-0.974,0.8200000000000001,1.5718896833503573,0.5738740579190017,0.7859448416751786,2.8076923076923075,1.1153846153846154,1.4038461538461535,2.484126984126984,0.1507936507936507,1.242063492063492,1.01,0.488,-0.0289999999999999,0.291,0.074,0.042,1.125,0.125,0.5625,-0.241
265,Ti-Te,1.3644218551461245,0.2193138500635324,0.6822109275730622,1.989071038251366,0.3060109289617486,0.994535519125683,-0.957,0.847,1.4718880269442065,0.6738757143251526,0.7359440134721033,2.8461538461538463,1.1538461538461535,1.4230769230769231,2.4365079365079363,0.1031746031746031,1.218253968253968,1.062,0.54,0.036,0.356,0.047,0.015,1.25,0.25,0.625,-0.202
266,Ti-Hf,2.2625158831003813,1.1174078780177892,1.1312579415501909,1.5519125683060109,0.1311475409836065,0.7759562841530054,-1.508,0.3839999999999999,2.45661596223394,0.3108522209645805,1.22830798111697,3.615384615384616,1.9230769230769231,1.807692307692308,2.4285714285714284,0.0952380952380952,1.2142857142857142,0.907,0.385,-0.308,0.012,0.089,0.0569999999999999,1.0,0.0,0.5,-0.365
267,Ti-Ta,2.656416772554002,1.5113087674714103,1.328208386277001,1.6612021857923496,0.0218579234972677,0.8306010928961748,-1.699,0.161,2.889490102973249,0.7437263617038897,1.4447450514866245,3.6538461538461537,1.9615384615384612,1.8269230769230769,2.3253968253968256,0.0079365079365079,1.1626984126984128,0.5820000000000001,0.06,-0.3399999999999999,0.0199999999999999,0.056,0.024,1.125,0.125,0.5625,-0.369
268,Ti-W,3.024904701397713,1.8797966963151207,1.5124523506988563,1.7704918032786885,0.087431693989071,0.8852459016393442,-1.654,0.152,3.108687850260884,0.9629241089915248,1.554343925130442,3.692307692307693,2.0,1.8461538461538465,2.2698412698412698,0.0634920634920634,1.1349206349206349,0.39,0.132,-0.309,0.011,0.032,0.0,1.25,0.25,0.625,-0.327
269,Ti-Re,3.215501905972046,2.070393900889454,1.607750952986023,1.8797814207650272,0.1967213114754097,0.9398907103825136,-1.41,0.3019999999999999,2.9822488474173867,0.8364851061480274,1.4911244237086934,3.730769230769231,2.0384615384615383,1.8653846153846156,2.253968253968254,0.0793650793650793,1.126984126984127,0.338,0.184,-0.248,0.072,0.026,0.006,1.375,0.375,0.6875,-0.243
270,Ti-Os,3.442592121982211,2.2974841168996187,1.7212960609911054,2.043715846994536,0.3606557377049181,1.0218579234972678,-0.947,0.703,2.898324269110786,0.7525605278414267,1.449162134555393,3.769230769230769,2.076923076923077,1.8846153846153848,2.238095238095238,0.0952380952380952,1.119047619047619,0.352,0.17,-0.176,0.144,0.036,0.004,1.5,0.5,0.75,-0.088
271,Ti-Ir,3.439415501905972,2.29430749682338,1.719707750952986,2.043715846994536,0.3606557377049181,1.0218579234972678,-0.4539999999999999,1.264,2.5742207989399,0.4284570576705408,1.28711039946995,3.807692307692308,2.1153846153846154,1.9038461538461535,2.246031746031746,0.0873015873015873,1.123015873015873,0.396,0.126,-0.079,0.241,0.073,0.041,1.625,0.625,0.8125,0.049
272,Ti-Pt,3.3044472681067343,2.159339263024142,1.6522236340533671,2.043715846994536,0.3606557377049181,1.0218579234972678,-0.517,1.249,2.199983435938492,0.0542196946691327,1.099991717969246,3.8461538461538463,2.1538461538461537,1.9230769230769231,2.2698412698412698,0.0634920634920634,1.1349206349206349,0.523,0.001,0.0449999999999999,0.365,0.11,0.078,1.75,0.75,0.875,0.043
273,Ti-Au,3.024904701397713,1.8797966963151207,1.5124523506988563,2.153005464480874,0.4699453551912567,1.076502732240437,-0.708,1.046,1.8112690831791955,0.3344946580901637,0.9056345415895978,3.8846153846153846,2.1923076923076925,1.9423076923076923,2.3095238095238093,0.0238095238095238,1.1547619047619049,0.718,0.196,0.1369999999999999,0.4569999999999999,0.154,0.122,1.875,0.875,0.9375,-0.039
274,Ti-U,2.999491740787802,1.8543837357052095,1.499745870393901,1.7704918032786885,0.087431693989071,0.8852459016393442,-2.3040000000000003,0.4080000000000001,1.8503713110454685,0.2953924302238909,0.925185655522734,4.384615384615385,2.6923076923076925,2.1923076923076925,2.515873015873016,0.1825396825396825,1.257936507936508,1.509,0.987,0.069,0.389,0.089,0.0569999999999999,1.25,0.25,0.625,-0.42
275,Ti-Np,3.1392630241423123,1.9941550190597204,1.569631512071156,1.5519125683060109,0.1311475409836065,0.7759562841530054,-3.657,1.763,1.579272837699804,0.5664909035695552,0.789636418849902,4.423076923076923,2.730769230769231,2.2115384615384617,2.523809523809524,0.1904761904761904,1.261904761904762,1.5470000000000002,1.025,0.087,0.407,0.071,0.039,1.375,0.375,0.6875,-0.372
276,V-V,1.5247776365946633,0.0,0.7623888182973316,1.7814207650273222,0.0,0.8907103825136611,-2.689,0.0009999999999998,2.410788725395467,0.0,1.2053943626977337,1.7692307692307692,0.0,0.8846153846153846,2.126984126984127,0.0,1.0634920634920637,0.112,0.0,-0.172,0.0,-0.016,0.0,1.25,0.0,0.625,-0.245
277,V-Cr,1.6709021601016518,0.1461245235069886,0.8354510800508259,1.7978142076502732,0.0163934426229508,0.8989071038251366,-2.992,0.4199999999999999,2.4091323192446787,0.0016564061507881,1.2045661596223394,1.807692307692308,0.0384615384615384,0.903846153846154,2.0793650793650795,0.0476190476190476,1.0396825396825398,0.106,0.0059999999999999,-0.0809999999999999,0.091,-0.01,0.006,1.375,0.125,0.6875,-0.253
278,V-Mn,1.6899618805590852,0.1651842439644218,0.8449809402795426,1.7377049180327866,0.0437158469945354,0.8688524590163933,-1.07,1.396,2.0441708306876847,0.3666178947077823,1.0220854153438423,1.8461538461538465,0.0769230769230769,0.9230769230769232,2.071428571428572,0.0555555555555555,1.0357142857142858,0.188,0.076,0.008,0.18,0.011,0.027,1.5,0.25,0.75,-0.227
279,V-Co,1.8881829733163915,0.363405336721728,0.9440914866581956,1.9180327868852456,0.1366120218579234,0.9590163934426228,0.2489999999999999,3.019,2.181652541203103,0.2291361841923639,1.0908262706015517,1.9230769230769231,0.1538461538461538,0.9615384615384616,2.055555555555556,0.0714285714285714,1.0277777777777777,0.046,0.066,0.027,0.199,0.008,0.024,1.75,0.5,0.875,-0.042
280,V-Ni,1.8932655654383737,0.3684879288437103,0.9466327827191868,1.9344262295081969,0.1530054644808743,0.9672131147540984,-0.5100000000000001,2.198,2.159567125859261,0.2512215995362062,1.0797835629296304,1.9615384615384612,0.1923076923076923,0.9807692307692308,2.0476190476190474,0.0793650793650793,1.0238095238095235,0.161,0.0489999999999999,0.134,0.306,0.038,0.054,1.875,0.625,0.9375,-0.087
281,V-Cu,1.900889453621347,0.3761118170266837,0.9504447268106736,1.92896174863388,0.1475409836065573,0.96448087431694,-1.351,1.527,1.9550672224829528,0.4557215029125142,0.9775336112414764,2.0,0.2307692307692307,1.0,2.0793650793650795,0.0476190476190476,1.0396825396825398,0.31,0.198,0.133,0.305,0.046,0.062,2.0,0.75,1.0,-0.068
282,V-Zn,1.668869123252859,0.1440914866581957,0.8344345616264295,1.792349726775956,0.0109289617486338,0.896174863387978,-1.489,1.335,1.5878458438009,0.8229428815945671,0.79392292190045,2.0384615384615383,0.2692307692307692,1.0192307692307692,2.126984126984127,0.0,1.0634920634920637,0.383,0.271,0.026,0.198,0.0349999999999999,0.051,2.125,0.875,1.0625,-0.142
283,V-Ga,1.5133418043202034,0.0114358322744599,0.7566709021601017,1.8797814207650272,0.098360655737705,0.9398907103825136,-1.541,1.225,1.3726442315655798,1.0381444938298872,0.6863221157827899,2.076923076923077,0.3076923076923077,1.0384615384615383,2.1746031746031744,0.0476190476190476,1.0873015873015872,0.459,0.347,0.007,0.179,0.032,0.048,1.0,0.25,0.5,-0.184
284,V-Ge,1.4388055908513342,0.085972045743329,0.7194027954256671,1.9890710382513657,0.2076502732240436,0.9945355191256828,-1.487,1.287,1.8742511663859975,0.5365375590094691,0.9371255831929988,2.1153846153846154,0.3461538461538461,1.0576923076923077,2.2063492063492065,0.0793650793650793,1.1031746031746033,0.523,0.411,0.072,0.244,0.023,0.039,1.125,0.125,0.5625,-0.158
285,V-As,1.4930114358322744,0.0317662007623888,0.7465057179161372,2.081967213114754,0.3005464480874318,1.040983606557377,-1.4509999999999998,1.349,1.807304751124976,0.603483974270491,0.903652375562488,2.1538461538461537,0.3846153846153846,1.0769230769230769,2.238095238095238,0.1111111111111111,1.119047619047619,0.5920000000000001,0.48,0.142,0.314,0.0029999999999999,0.019,1.25,0.0,0.625,-0.114
286,V-Se,1.3747141041931383,0.1500635324015247,0.6873570520965692,2.2841530054644807,0.5027322404371584,1.1420765027322404,-1.438,1.4280000000000002,1.4782320625017251,0.9325566628937416,0.7391160312508627,2.1923076923076925,0.4230769230769231,1.0961538461538465,2.1746031746031744,0.0476190476190476,1.0873015873015872,0.7310000000000001,0.619,0.222,0.394,0.006,0.022,1.375,0.125,0.6875,-0.057
287,V-Zr,1.590851334180432,0.0660736975857686,0.795425667090216,1.6174863387978142,0.1639344262295081,0.8087431693989071,-1.787,0.947,2.3798691439140875,0.0309195814813792,1.1899345719570438,2.423076923076923,0.6538461538461539,1.2115384615384617,2.333333333333333,0.2063492063492063,1.1666666666666667,0.801,0.689,-0.177,0.005,0.057,0.073,1.125,0.125,0.5625,-0.317
288,V-Nb,1.85133418043202,0.3265565438373571,0.92566709021601,1.7650273224043715,0.0163934426229507,0.8825136612021858,-2.021,0.629,2.7238494878944315,0.3130607624989647,1.3619247439472155,2.4615384615384617,0.6923076923076923,1.2307692307692308,2.2222222222222223,0.0952380952380952,1.1111111111111112,0.451,0.339,-0.2279999999999999,0.0559999999999999,0.045,0.061,1.25,0.0,0.625,-0.312
289,V-Mo,2.0584498094027954,0.5336721728081321,1.0292249047013975,2.07103825136612,0.2896174863387979,1.03551912568306,-1.995,0.5429999999999999,2.80390911851586,0.3931203931203931,1.40195455925793,2.5,0.7307692307692307,1.25,2.1666666666666665,0.0396825396825396,1.0833333333333333,0.226,0.114,-0.203,0.031,0.018,0.034,1.375,0.125,0.6875,-0.284
290,V-Ru,2.2998729351969507,0.7750952986022871,1.1499364675984751,2.092896174863388,0.3114754098360657,1.046448087431694,-0.943,1.493,2.6443419926565994,0.2335532672611324,1.3221709963282997,2.576923076923077,0.8076923076923077,1.2884615384615383,2.126984126984127,0.0,1.0634920634920637,0.178,0.066,-0.0689999999999999,0.103,0.039,0.055,1.625,0.375,0.8125,-0.038
291,V-Rh,2.3379923761118167,0.8132147395171537,1.1689961880559083,2.1366120218579234,0.355191256830601,1.0683060109289615,-0.7130000000000001,1.903,2.440051900726058,0.029263175330591,1.220025950363029,2.6153846153846154,0.8461538461538461,1.3076923076923077,2.126984126984127,0.0,1.0634920634920637,0.213,0.101,0.024,0.196,0.058,0.074,1.75,0.5,0.875,-0.016
292,V-Pd,2.2871664548919948,0.7623888182973316,1.1435832274459974,2.092896174863388,0.3114754098360657,1.046448087431694,-0.987,1.705,2.214670237142147,0.1961184882533197,1.1073351185710736,2.6538461538461537,0.8846153846153846,1.3269230769230769,2.1507936507936507,0.0238095238095238,1.0753968253968254,0.35,0.238,0.131,0.303,0.098,0.1139999999999999,1.875,0.625,0.9375,-0.086
293,V-Sn,1.6883100381194407,0.1635324015247776,0.8441550190597203,1.9617486338797807,0.180327868852459,0.9808743169398906,-1.554,1.196,1.4842669022444304,0.9265218231510368,0.7421334511222152,2.8076923076923075,1.0384615384615383,1.4038461538461535,2.357142857142857,0.2301587301587301,1.1785714285714286,0.8140000000000001,0.702,0.028,0.2,0.101,0.1169999999999999,1.125,0.125,0.5625,-0.238
294,V-Sb,1.6111817026683608,0.0864040660736975,0.8055908513341804,2.010928961748633,0.2295081967213114,1.0054644808743167,-1.439,1.287,1.704402175413411,0.7063865499820556,0.8522010877067057,2.8461538461538463,1.0769230769230769,1.4230769230769231,2.380952380952381,0.2539682539682539,1.1904761904761905,0.805,0.693,0.045,0.217,0.05,0.066,1.25,0.0,0.625,-0.233
295,V-Te,1.55425667090216,0.0294790343074968,0.77712833545108,2.0382513661202184,0.2568306010928963,1.0191256830601092,-1.42,1.31,1.6044005190072606,0.8063882063882065,0.8022002595036303,2.8846153846153846,1.1153846153846154,1.4423076923076923,2.333333333333333,0.2063492063492063,1.1666666666666667,0.8570000000000001,0.745,0.11,0.282,0.023,0.039,1.375,0.125,0.6875,-0.218
296,V-Hf,2.4523506988564168,0.9275730622617536,1.2261753494282084,1.6010928961748632,0.1803278688524589,0.8005464480874316,-1.928,0.826,2.589128454296993,0.1783397289015266,1.2945642271484967,3.6538461538461537,1.8846153846153848,1.8269230769230769,2.3253968253968256,0.1984126984126984,1.1626984126984128,0.7020000000000001,0.59,-0.2339999999999999,0.062,0.065,0.0809999999999999,1.125,0.125,0.5625,-0.314
297,V-Ta,2.846251588310038,1.3214739517153746,1.423125794155019,1.710382513661202,0.0710382513661201,0.855191256830601,-2.078,0.584,3.022002595036303,0.6112138696408359,1.5110012975181517,3.692307692307693,1.9230769230769231,1.8461538461538465,2.2222222222222223,0.0952380952380952,1.1111111111111112,0.377,0.265,-0.266,0.094,0.032,0.048,1.25,0.0,0.625,-0.324
298,V-W,3.2147395171537485,1.6899618805590852,1.6073697585768745,1.819672131147541,0.0382513661202186,0.9098360655737704,-1.979,0.561,3.2412003423239377,0.8304116169284709,1.6206001711619689,3.730769230769231,1.9615384615384612,1.8653846153846156,2.1666666666666665,0.0396825396825396,1.0833333333333333,0.185,0.073,-0.235,0.063,0.008,0.024,1.375,0.125,0.6875,-0.319
299,V-Re,3.405336721728081,1.8805590851334184,1.7026683608640407,1.92896174863388,0.1475409836065573,0.96448087431694,-1.67,0.68,3.1147613394804408,0.7039726140849736,1.5573806697402204,3.769230769230769,2.0,1.8846153846153848,2.1507936507936507,0.0238095238095238,1.0753968253968254,0.133,0.0209999999999999,-0.174,0.002,0.002,0.018,1.5,0.25,0.75,-0.26
300,V-Os,3.6324269377382463,2.1076493011435837,1.8162134688691232,2.092896174863388,0.3114754098360657,1.046448087431694,-1.22,1.096,3.03083676117384,0.6200480357783729,1.51541838058692,3.807692307692308,2.0384615384615383,1.9038461538461535,2.134920634920635,0.0079365079365079,1.0674603174603174,0.147,0.0349999999999999,-0.102,0.0699999999999999,0.012,0.028,1.625,0.375,0.8125,-0.129
301,V-Ir,3.629250317662008,2.104472681067344,1.814625158831004,2.092896174863388,0.3114754098360657,1.046448087431694,-0.8279999999999998,1.674,2.706733291002954,0.2959445656074869,1.353366645501477,3.8461538461538463,2.076923076923077,1.9230769230769231,2.142857142857143,0.0158730158730158,1.0714285714285714,0.191,0.079,-0.0049999999999999,0.1669999999999999,0.049,0.065,1.75,0.5,0.875,-0.016
302,V-Pt,3.49428208386277,1.9695044472681067,1.747141041931385,2.092896174863388,0.3114754098360657,1.046448087431694,-0.934,1.684,2.332495928001546,0.078292797393921,1.166247964000773,3.8846153846153846,2.1153846153846154,1.9423076923076923,2.1666666666666665,0.0396825396825396,1.0833333333333333,0.318,0.206,0.119,0.291,0.086,0.102,1.875,0.625,0.9375,-0.068
303,V-Au,3.2147395171537485,1.6899618805590852,1.6073697585768745,2.2021857923497263,0.4207650273224043,1.1010928961748632,-1.147,1.493,1.9437815752422491,0.4670071501532176,0.9718907876211248,3.923076923076923,2.1538461538461537,1.9615384615384612,2.2063492063492065,0.0793650793650793,1.1031746031746033,0.513,0.401,0.211,0.383,0.13,0.146,2.0,0.75,1.0,-0.163
304,V-U,3.1893265565438376,1.6645489199491743,1.5946632782719188,1.819672131147541,0.0382513661202186,0.9098360655737704,-2.669,0.0070000000000001,1.9828838031085223,0.4279049222869447,0.9914419015542612,4.423076923076923,2.6538461538461537,2.2115384615384617,2.412698412698413,0.2857142857142857,1.2063492063492065,1.304,1.192,0.143,0.315,0.065,0.0809999999999999,1.375,0.125,0.6875,-0.455
305,V-Np,3.329097839898348,1.8043202033036847,1.664548919949174,1.6010928961748632,0.1803278688524589,0.8005464480874316,-3.992,1.344,1.7117853297628578,0.699003395632609,0.8558926648814289,4.461538461538462,2.6923076923076925,2.230769230769231,2.4206349206349205,0.2936507936507936,1.2103174603174602,1.342,1.23,0.161,0.3329999999999999,0.047,0.063,1.5,0.25,0.75,-0.418
306,Cr-Cr,1.8170266836086404,0.0,0.9085133418043202,1.814207650273224,0.0,0.907103825136612,-3.108,0.0,2.4074759130938905,0.0,1.2037379565469453,1.8461538461538465,0.0,0.9230769230769232,2.031746031746032,0.0,1.0158730158730158,0.1,0.0,0.01,0.0,-0.004,0.0,1.5,0.0,0.75,-0.292
307,Cr-Mn,1.8360864040660736,0.0190597204574332,0.9180432020330368,1.7540983606557377,0.0601092896174862,0.8770491803278688,-1.927,1.093,2.0425144245368965,0.3649614885569942,1.0212572122684482,1.8846153846153848,0.0384615384615384,0.9423076923076924,2.023809523809524,0.0079365079365079,1.011904761904762,0.182,0.082,0.099,0.089,0.017,0.0209999999999999,1.625,0.125,0.8125,-0.239
308,Cr-Co,2.03430749682338,0.2172808132147394,1.01715374841169,1.9344262295081969,0.1202185792349726,0.9672131147540984,-0.1719999999999999,3.478,2.1799961350523147,0.2274797780415758,1.0899980675261574,1.9615384615384612,0.1153846153846153,0.9807692307692308,2.007936507936508,0.0238095238095238,1.003968253968254,0.04,0.06,0.118,0.108,0.014,0.018,1.875,0.375,0.9375,-0.084
309,Cr-Ni,2.0393900889453622,0.2223634053367217,1.0196950444726811,1.9508196721311477,0.1366120218579234,0.9754098360655736,-1.023,2.689,2.1579107197084726,0.2495651933854181,1.0789553598542363,2.0,0.1538461538461538,1.0,2.0,0.0317460317460317,1.0,0.155,0.0549999999999999,0.225,0.215,0.044,0.048,2.0,0.5,1.0,-0.139
310,Cr-Cu,2.0470139771283358,0.2299872935196951,1.0235069885641677,1.9453551912568303,0.1311475409836065,0.9726775956284152,-1.917,2.099,1.9534108163321648,0.454065096761726,0.9767054081660824,2.0384615384615383,0.1923076923076923,1.0192307692307692,2.031746031746032,0.0,1.0158730158730158,0.304,0.204,0.224,0.214,0.052,0.056,2.125,0.625,1.0625,-0.032
311,Cr-Zn,1.8149936467598475,0.0020330368487928,0.9074968233799238,1.808743169398907,0.0054644808743169,0.9043715846994534,-2.006,1.862,1.5861894376501118,0.8212864754437789,0.7930947188250559,2.076923076923077,0.2307692307692307,1.0384615384615383,2.0793650793650795,0.0476190476190476,1.0396825396825398,0.377,0.277,0.117,0.107,0.0409999999999999,0.045,2.25,0.75,1.125,-0.118
312,Cr-Ga,1.659466327827192,0.1575603557814485,0.829733163913596,1.896174863387978,0.0819672131147541,0.948087431693989,-2.096,1.788,1.3709878254147918,1.036488087679099,0.6854939127073959,2.1153846153846154,0.2692307692307692,1.0576923076923077,2.126984126984127,0.0952380952380952,1.0634920634920637,0.453,0.353,0.098,0.088,0.038,0.042,1.125,0.375,0.5625,-0.139
313,Cr-Ge,1.584930114358323,0.2320965692503176,0.7924650571791615,2.0054644808743167,0.1912568306010928,1.0027322404371584,-2.047,1.853,1.8725947602352095,0.5348811528586809,0.9362973801176048,2.1538461538461537,0.3076923076923077,1.0769230769230769,2.1587301587301586,0.1269841269841269,1.0793650793650793,0.517,0.417,0.163,0.153,0.0289999999999999,0.033,1.25,0.25,0.625,-0.099
314,Cr-As,1.6391359593392631,0.1778907242693774,0.8195679796696316,2.0983606557377046,0.2841530054644809,1.0491803278688523,-2.004,1.904,1.805648344974188,0.601827568119703,0.9028241724870938,2.1923076923076925,0.3461538461538461,1.0961538461538465,2.1904761904761907,0.1587301587301587,1.0952380952380951,0.5860000000000001,0.486,0.233,0.223,0.009,0.013,1.375,0.125,0.6875,-0.072
315,Cr-Se,1.5208386277001271,0.2961880559085134,0.7604193138500636,2.300546448087432,0.4863387978142076,1.150273224043716,-2.025,2.011,1.4765756563509371,0.9309002567429532,0.7382878281754687,2.230769230769231,0.3846153846153846,1.1153846153846154,2.126984126984127,0.0952380952380952,1.0634920634920637,0.7250000000000001,0.625,0.313,0.303,0.012,0.016,1.5,0.0,0.75,-0.033
316,Cr-Zr,1.7369758576874206,0.0800508259212199,0.8684879288437103,1.633879781420765,0.1803278688524589,0.8169398907103825,-2.14,1.342,2.3782127377632998,0.029263175330591,1.1891063688816497,2.4615384615384617,0.6153846153846154,1.2307692307692308,2.2857142857142856,0.2539682539682539,1.1428571428571428,0.795,0.695,-0.086,0.096,0.063,0.067,1.25,0.25,0.625,-0.274
317,Cr-Nb,1.997458703939009,0.1804320203303684,0.9987293519695044,1.7814207650273222,0.0327868852459015,0.8907103825136611,-2.324,0.996,2.722193081743644,0.3147171686497529,1.361096540871822,2.5,0.6538461538461539,1.25,2.1746031746031744,0.1428571428571428,1.0873015873015872,0.445,0.345,-0.1369999999999999,0.147,0.051,0.055,1.375,0.125,0.6875,-0.293
318,Cr-Mo,2.204574332909784,0.3875476493011434,1.102287166454892,2.087431693989071,0.2732240437158471,1.0437158469945356,-2.167,0.8389999999999999,2.802252712365072,0.3947767992711812,1.401126356182536,2.5384615384615383,0.6923076923076923,1.2692307692307692,2.119047619047619,0.0873015873015873,1.0595238095238095,0.22,0.12,-0.112,0.122,0.024,0.0279999999999999,1.5,0.0,0.75,-0.289
319,Cr-Ru,2.445997458703939,0.6289707750952985,1.2229987293519695,2.109289617486339,0.2950819672131148,1.0546448087431697,-1.264,1.89,2.642685586505811,0.2352096734119206,1.3213427932529056,2.6153846153846154,0.7692307692307693,1.3076923076923077,2.0793650793650795,0.0476190476190476,1.0396825396825398,0.172,0.072,0.022,0.012,0.045,0.049,1.75,0.25,0.875,-0.073
320,Cr-Rh,2.484116899618805,0.6670902160101652,1.2420584498094027,2.153005464480874,0.3387978142076502,1.076502732240437,-1.156,2.354,2.43839549457527,0.0309195814813792,1.219197747287635,2.6538461538461537,0.8076923076923077,1.3269230769230769,2.0793650793650795,0.0476190476190476,1.0396825396825398,0.207,0.107,0.115,0.105,0.064,0.068,1.875,0.375,0.9375,-0.078
321,Cr-Pd,2.433290978398983,0.6162642947903431,1.2166454891994916,2.109289617486339,0.2950819672131148,1.0546448087431697,-1.48,2.2,2.213013830991359,0.1944620821025315,1.1065069154956797,2.6923076923076925,0.8461538461538461,1.3461538461538465,2.1031746031746037,0.0714285714285714,1.0515873015873016,0.344,0.244,0.222,0.212,0.104,0.108,2.0,0.5,1.0,-0.142
322,Cr-Sn,1.8344345616264297,0.017407878017789,0.9172172808132149,1.978142076502732,0.1639344262295082,0.989071038251366,-2.077,1.731,1.482610496093642,0.9248654170002484,0.7413052480468211,2.8461538461538463,1.0,1.4230769230769231,2.3095238095238093,0.2777777777777778,1.1547619047619049,0.808,0.708,0.119,0.109,0.107,0.111,1.25,0.25,0.625,-0.149
323,Cr-Sb,1.7573062261753494,0.059720457433291,0.8786531130876747,2.0273224043715845,0.2131147540983606,1.0136612021857925,-1.939,1.791,1.702745769262623,0.7047301438312674,0.8513728846313116,2.8846153846153846,1.0384615384615383,1.4423076923076923,2.333333333333333,0.3015873015873015,1.1666666666666667,0.799,0.699,0.136,0.126,0.056,0.06,1.375,0.125,0.6875,-0.169
324,Cr-Te,1.700381194409149,0.1166454891994917,0.8501905972045745,2.054644808743169,0.2404371584699454,1.0273224043715845,-1.91,1.804,1.6027441128564723,0.8047318002374183,0.8013720564282362,2.923076923076923,1.0769230769230769,1.4615384615384617,2.2857142857142856,0.2539682539682539,1.1428571428571428,0.8510000000000001,0.751,0.201,0.191,0.0289999999999999,0.033,1.5,0.0,0.75,-0.175
325,Cr-Hf,2.5984752223634056,0.7814485387547649,1.2992376111817028,1.6174863387978142,0.1967213114754097,0.8087431693989071,-2.285,1.221,2.587472048146205,0.1799961350523148,1.2937360240731026,3.692307692307693,1.8461538461538465,1.8461538461538465,2.2777777777777777,0.246031746031746,1.1388888888888888,0.6960000000000001,0.596,-0.143,0.153,0.071,0.075,1.25,0.25,0.625,-0.251
326,Cr-Ta,2.9923761118170265,1.175349428208386,1.4961880559085132,1.726775956284153,0.087431693989071,0.8633879781420765,-2.355,0.941,3.0203461888855148,0.6128702757916241,1.5101730944427574,3.730769230769231,1.8846153846153848,1.8653846153846156,2.1746031746031744,0.1428571428571428,1.0873015873015872,0.371,0.271,-0.175,0.185,0.038,0.042,1.375,0.125,0.6875,-0.295
327,Cr-W,3.3608640406607373,1.543837357052097,1.6804320203303686,1.836065573770492,0.0218579234972677,0.9180327868852458,-2.138,0.8360000000000001,3.239543936173149,0.832068023079259,1.6197719680865748,3.769230769230769,1.9230769230769231,1.8846153846153848,2.119047619047619,0.0873015873015873,1.0595238095238095,0.179,0.079,-0.144,0.154,0.014,0.018,1.5,0.0,0.75,-0.317
328,Cr-Re,3.5514612452350702,1.7344345616264294,1.7757306226175351,1.9453551912568303,0.1311475409836065,0.9726775956284152,-1.862,0.934,3.1131049333296525,0.7056290202357618,1.5565524666648265,3.807692307692308,1.9615384615384612,1.9038461538461535,2.1031746031746037,0.0714285714285714,1.0515873015873016,0.127,0.0269999999999999,-0.0829999999999999,0.093,0.008,0.012,1.625,0.125,0.8125,-0.27
329,Cr-Os,3.778551461245235,1.9615247776365945,1.8892757306226176,2.109289617486339,0.2950819672131148,1.0546448087431697,-1.477,1.433,3.029180355023052,0.621704441929161,1.5145901775115258,3.8461538461538463,2.0,1.9230769230769231,2.0873015873015874,0.0555555555555555,1.0436507936507935,0.141,0.0409999999999999,-0.011,0.021,0.018,0.022,1.75,0.25,0.875,-0.168
330,Cr-Ir,3.775374841168997,1.958348157560356,1.8876874205844985,2.109289617486339,0.2950819672131148,1.0546448087431697,-1.234,2.078,2.705076884852166,0.2976009717582751,1.352538442426083,3.8846153846153846,2.0384615384615383,1.9423076923076923,2.095238095238096,0.0634920634920634,1.0476190476190477,0.185,0.085,0.086,0.076,0.055,0.059,1.875,0.375,0.9375,-0.078
331,Cr-Pt,3.6404066073697594,1.823379923761118,1.8202033036848797,2.109289617486339,0.2950819672131148,1.0546448087431697,-1.402,2.15,2.330839521850758,0.0766363912431329,1.165419760925379,3.923076923076923,2.076923076923077,1.9615384615384612,2.119047619047619,0.0873015873015873,1.0595238095238095,0.312,0.212,0.21,0.1999999999999999,0.092,0.096,2.0,0.5,1.0,-0.144
332,Cr-Au,3.3608640406607373,1.543837357052097,1.6804320203303686,2.2185792349726774,0.4043715846994535,1.1092896174863387,-1.745,2.047,1.9421251690914607,0.4653507440024295,0.9710625845457306,3.9615384615384617,2.1153846153846154,1.9807692307692308,2.1587301587301586,0.1269841269841269,1.0793650793650793,0.507,0.407,0.302,0.292,0.136,0.14,2.125,0.625,1.0625,-0.219
333,Cr-U,3.335451080050826,1.5184243964421855,1.667725540025413,1.836065573770492,0.0218579234972677,0.9180327868852458,-2.914,0.306,1.981227396957734,0.4262485161361565,0.990613698478867,4.461538461538462,2.6153846153846154,2.230769230769231,2.365079365079365,0.3333333333333333,1.1825396825396826,1.298,1.198,0.234,0.224,0.071,0.075,1.5,0.0,0.75,-0.476
334,Cr-Np,3.475222363405337,1.658195679796696,1.7376111817026685,1.6174863387978142,0.1967213114754097,0.8087431693989071,-4.205,1.017,1.7101289236120696,0.697346989481821,0.8550644618060348,4.5,2.6538461538461537,2.25,2.373015873015873,0.3412698412698413,1.1865079365079363,1.336,1.236,0.252,0.242,0.053,0.057,1.625,0.125,0.8125,-0.45
335,Mn-Mn,1.855146124523507,0.0,0.9275730622617536,1.6939890710382512,0.0,0.8469945355191256,-0.318,2.924,1.6775529359799022,0.0,0.8387764679899511,1.9230769230769231,0.0,0.9615384615384616,2.015873015873016,0.0,1.007936507936508,0.264,0.0,0.188,0.0,0.038,0.0,1.75,0.0,0.875,-0.146
336,Mn-Co,2.053367217280813,0.1982210927573061,1.0266836086404063,1.8743169398907105,0.1803278688524589,0.9371584699453552,-0.31,3.62,1.8150346464953209,0.1374817105154183,0.9075173232476604,2.0,0.0769230769230769,1.0,2.0,0.0158730158730158,1.0,0.122,0.142,0.207,0.019,0.035,0.0029999999999999,2.0,0.25,1.0,-0.101
337,Mn-Ni,2.0584498094027954,0.2033036848792885,1.0292249047013975,1.890710382513661,0.1967213114754097,0.9453551912568304,-1.877,3.333,1.7929492311514783,0.115396295171576,0.8964746155757392,2.0384615384615383,0.1153846153846153,1.0192307692307692,1.992063492063492,0.0238095238095238,0.996031746031746,0.237,0.027,0.314,0.126,0.065,0.027,2.125,0.375,1.0625,-0.073
338,Mn-Cu,2.066073697585769,0.2109275730622618,1.0330368487928845,1.8852459016393444,0.1912568306010928,0.9426229508196722,-2.262,2.48,1.5884493277751703,0.0891036082047318,0.7942246638875852,2.076923076923077,0.1538461538461538,1.0384615384615383,2.023809523809524,0.0079365079365079,1.011904761904762,0.386,0.122,0.313,0.125,0.073,0.035,2.25,0.5,1.125,0.067
339,Mn-Zn,1.834053367217281,0.0210927573062261,0.9170266836086404,1.7486338797814207,0.0546448087431693,0.8743169398907104,-2.497,2.351,1.2212279490931175,0.4563249868867847,0.6106139745465589,2.1153846153846154,0.1923076923076923,1.0576923076923077,2.071428571428572,0.0555555555555555,1.0357142857142858,0.459,0.195,0.206,0.018,0.062,0.0239999999999999,2.375,0.625,1.1875,-0.02
340,Mn-Ga,1.6785260482846251,0.1766200762388818,0.8392630241423126,1.836065573770492,0.1420765027322404,0.918032786885246,-2.564,2.264,1.0060263368577975,0.6715265991221048,0.5030131684288988,2.1538461538461537,0.2307692307692307,1.0769230769230769,2.119047619047619,0.1031746031746031,1.0595238095238095,0.535,0.271,0.187,0.001,0.059,0.021,1.25,0.5,0.625,0.012
341,Mn-Ge,1.603989834815756,0.2511562897077509,0.801994917407878,1.9453551912568303,0.251366120218579,0.9726775956284152,-2.4410000000000003,2.251,1.5076332716782157,0.1699196643016867,0.7538166358391077,2.1923076923076925,0.2692307692307692,1.0961538461538465,2.1507936507936507,0.1349206349206349,1.0753968253968254,0.599,0.335,0.252,0.064,0.05,0.012,1.375,0.375,0.6875,0.048
342,Mn-As,1.6581956797966964,0.1969504447268106,0.8290978398983482,2.038251366120219,0.3442622950819672,1.0191256830601094,-2.366,2.268,1.4406868564171935,0.2368660795627087,0.7203434282085968,2.230769230769231,0.3076923076923077,1.1153846153846154,2.1825396825396823,0.1666666666666666,1.0912698412698412,0.668,0.404,0.322,0.134,0.03,0.008,1.5,0.25,0.75,0.061
343,Mn-Se,1.5398983481575603,0.3152477763659466,0.7699491740787802,2.240437158469945,0.5464480874316938,1.1202185792349726,-2.396,2.378,1.111614167793943,0.5659387681859591,0.5558070838969715,2.269230769230769,0.3461538461538461,1.1346153846153846,2.119047619047619,0.1031746031746031,1.0595238095238095,0.807,0.543,0.402,0.214,0.033,0.0049999999999999,1.625,0.125,0.8125,0.081
344,Mn-Zr,1.7560355781448538,0.0991105463786531,0.8780177890724269,1.5737704918032789,0.1202185792349726,0.7868852459016393,-1.892,1.14,2.0132512492063053,0.3356983132264031,1.0066256246031526,2.5,0.5769230769230769,1.25,2.2777777777777777,0.2619047619047619,1.1388888888888888,0.877,0.613,0.003,0.185,0.084,0.046,1.375,0.375,0.6875,-0.197
345,Mn-Nb,2.0165184243964425,0.1613722998729352,1.0082592121982212,1.7213114754098362,0.0273224043715847,0.8606557377049181,-1.35,0.0759999999999999,2.357231593186649,0.679678657206747,1.1786157965933246,2.5384615384615383,0.6153846153846154,1.2692307692307692,2.1666666666666665,0.1507936507936507,1.0833333333333333,0.527,0.263,-0.0479999999999999,0.236,0.072,0.034,1.5,0.25,0.75,-0.224
346,Mn-Mo,2.223634053367217,0.3684879288437102,1.1118170266836087,2.0273224043715845,0.3333333333333333,1.0136612021857925,0.345,1.849,2.437291223808077,0.7597382878281754,1.2186456119040388,2.576923076923077,0.6538461538461539,1.2884615384615383,2.111111111111111,0.0952380952380952,1.0555555555555556,0.302,0.038,-0.023,0.211,0.045,0.0069999999999999,1.625,0.125,0.8125,-0.182
347,Mn-Ru,2.465057179161372,0.6099110546378653,1.232528589580686,2.0491803278688523,0.3551912568306011,1.024590163934426,-1.2359999999999998,1.778,2.277724097948817,0.6001711619689147,1.1388620489744086,2.6538461538461537,0.7307692307692307,1.3269230769230769,2.071428571428572,0.0555555555555555,1.0357142857142858,0.254,0.01,0.111,0.077,0.066,0.028,1.875,0.125,0.9375,-0.062
348,Mn-Rh,2.503176620076238,0.648030495552732,1.251588310038119,2.092896174863388,0.3989071038251364,1.046448087431694,-1.521,2.6630000000000003,2.073434006018276,0.3958810700383733,1.036717003009138,2.6923076923076925,0.7692307692307693,1.3461538461538465,2.071428571428572,0.0555555555555555,1.0357142857142858,0.289,0.0249999999999999,0.204,0.016,0.085,0.047,2.0,0.25,1.0,-0.088
349,Mn-Pd,2.4523506988564168,0.5972045743329097,1.2261753494282084,2.0491803278688523,0.3551912568306011,1.024590163934426,-2.342,2.938,1.848052342434365,0.1704994064544626,0.9240261712171826,2.730769230769231,0.8076923076923077,1.3653846153846154,2.095238095238096,0.0793650793650793,1.0476190476190477,0.426,0.1619999999999999,0.311,0.123,0.125,0.087,2.125,0.375,1.0625,-0.077
350,Mn-Sn,1.853494282083863,0.0016518424396442,0.9267471410419312,1.9180327868852456,0.2240437158469944,0.9590163934426228,-2.429,2.099,1.117649007536648,0.5599039284432543,0.5588245037683239,2.8846153846153846,0.9615384615384616,1.4423076923076923,2.3015873015873014,0.2857142857142857,1.1507936507936507,0.89,0.626,0.208,0.02,0.128,0.09,1.375,0.375,0.6875,0.017
351,Mn-Sb,1.7763659466327828,0.0787801778907242,0.8881829733163914,1.967213114754098,0.2732240437158468,0.983606557377049,-2.213,2.069,1.3377842807056288,0.3397686552742733,0.6688921403528144,2.923076923076923,1.0,1.4615384615384617,2.3253968253968256,0.3095238095238095,1.1626984126984128,0.881,0.617,0.225,0.037,0.077,0.039,1.5,0.25,0.75,-0.031
352,Mn-Te,1.719440914866582,0.1357052096569249,0.859720457433291,1.9945355191256835,0.3005464480874317,0.9972677595628416,-2.142,2.036,1.237782624299478,0.4397703116804241,0.618891312149739,2.9615384615384617,1.0384615384615383,1.4807692307692308,2.2777777777777777,0.2619047619047619,1.1388888888888888,0.933,0.669,0.29,0.102,0.05,0.012,1.625,0.125,0.8125,-0.06
353,Mn-Hf,2.6175349428208388,0.7623888182973317,1.3087674714104194,1.5573770491803278,0.1366120218579234,0.7786885245901639,-2.033,1.031,2.222510559589211,0.544957623609309,1.1112552797946056,3.730769230769231,1.807692307692308,1.8653846153846156,2.2698412698412698,0.2539682539682539,1.1349206349206349,0.778,0.514,-0.0539999999999999,0.242,0.092,0.0539999999999999,1.375,0.375,0.6875,-0.162
354,Mn-Ta,3.01143583227446,1.1562897077509526,1.5057179161372298,1.6666666666666663,0.0273224043715847,0.8333333333333333,-1.795,0.4729999999999998,2.6553847003285207,0.9778317643486182,1.3276923501642603,3.769230769230769,1.8461538461538465,1.8846153846153848,2.1666666666666665,0.1507936507936507,1.0833333333333333,0.453,0.189,-0.086,0.274,0.059,0.021,1.5,0.25,0.75,-0.215
355,Mn-W,3.3799237611181705,1.5247776365946633,1.6899618805590852,1.7759562841530054,0.081967213114754,0.8879781420765027,-1.617,0.3409999999999999,2.8745824476161554,1.197029511636253,1.4372912238080775,3.807692307692308,1.8846153846153848,1.9038461538461535,2.111111111111111,0.0952380952380952,1.0555555555555556,0.261,0.003,-0.0549999999999999,0.243,0.035,0.0029999999999999,1.625,0.125,0.8125,-0.235
356,Mn-Re,3.5705209656925034,1.7153748411689962,1.7852604828462515,1.8852459016393444,0.1912568306010928,0.9426229508196722,0.5050000000000001,1.667,2.748143444772658,1.070590508792756,1.374071722386329,3.8461538461538463,1.9230769230769231,1.9230769230769231,2.095238095238096,0.0793650793650793,1.0476190476190477,0.209,0.055,0.006,0.182,0.0289999999999999,0.009,1.75,0.0,0.875,-0.141
357,Mn-Os,3.797611181702668,1.942465057179161,1.8988055908513344,2.0491803278688523,0.3551912568306011,1.024590163934426,0.611,1.029,2.664218866466057,0.9866659304861553,1.3321094332330288,3.8846153846153846,1.9615384615384612,1.9423076923076923,2.0793650793650795,0.0634920634920634,1.0396825396825398,0.223,0.041,0.078,0.11,0.039,0.001,1.875,0.125,0.9375,-0.101
358,Mn-Ir,3.7944345616264297,1.9392884371029224,1.8972172808132148,2.0491803278688523,0.3551912568306011,1.024590163934426,-1.459,2.243,2.340115396295172,0.6625624603152692,1.170057698147586,3.923076923076923,2.0,1.9615384615384612,2.0873015873015874,0.0714285714285714,1.0436507936507935,0.267,0.003,0.175,0.0129999999999999,0.076,0.038,2.0,0.25,1.0,-0.093
359,Mn-Pt,3.659466327827192,1.8043202033036847,1.829733163913596,2.0491803278688523,0.3551912568306011,1.024590163934426,0.326,0.45,1.9658780332937635,0.2883250973138612,0.9829390166468818,3.9615384615384617,2.0384615384615383,1.9807692307692308,2.111111111111111,0.0952380952380952,1.0555555555555556,0.394,0.13,0.299,0.1109999999999999,0.113,0.075,2.125,0.375,1.0625,-0.266
360,Mn-Au,3.3799237611181705,1.5247776365946633,1.6899618805590852,2.158469945355191,0.4644808743169398,1.0792349726775956,-2.491,2.745,1.5771636805344669,0.1003892554454353,0.7885818402672334,4.0,2.076923076923077,2.0,2.1507936507936507,0.1349206349206349,1.0753968253968254,0.589,0.325,0.391,0.2029999999999999,0.157,0.119,2.25,0.5,1.125,-0.059
361,Mn-U,3.35451080050826,1.4993646759847523,1.6772554002541298,1.7759562841530054,0.081967213114754,0.8879781420765027,0.1980000000000001,2.47,1.6162659084007398,0.0612870275791624,0.8081329542003699,4.5,2.576923076923077,2.25,2.357142857142857,0.3412698412698413,1.1785714285714286,1.38,1.116,0.323,0.135,0.092,0.0539999999999999,1.625,0.125,0.8125,-0.236
362,Mn-Np,3.49428208386277,1.639135959339263,1.747141041931385,1.5573770491803278,0.1366120218579234,0.7786885245901639,-1.102,3.868,1.3451674350550755,0.3323855009248268,0.6725837175275378,4.538461538461538,2.6153846153846154,2.269230769230769,2.365079365079365,0.3492063492063492,1.1825396825396826,1.418,1.154,0.3409999999999999,0.153,0.074,0.036,1.75,0.0,0.875,-0.224
363,Co-Co,2.251588310038119,0.0,1.1257941550190596,2.054644808743169,0.0,1.0273224043715845,3.4850000000000003,0.0029999999999998,1.9525163570107391,0.0,0.9762581785053696,2.076923076923077,0.0,1.0384615384615383,1.984126984126984,0.0,0.992063492063492,-0.02,0.0,0.226,0.0,0.032,0.0,2.25,0.0,1.125,-0.027
364,Co-Ni,2.256670902160101,0.0050825921219823,1.1283354510800507,2.07103825136612,0.0163934426229508,1.03551912568306,2.657,0.8410000000000001,1.9304309416668968,0.0220854153438423,0.9652154708334484,2.1153846153846154,0.0384615384615384,1.0576923076923077,1.9761904761904765,0.0079365079365079,0.988095238095238,0.095,0.1149999999999999,0.333,0.107,0.062,0.03,2.375,0.125,1.1875,-0.045
365,Co-Cu,2.264294790343075,0.0127064803049557,1.1321473951715375,2.065573770491803,0.0109289617486338,1.0327868852459017,1.808,1.564,1.7259310382905888,0.2265853187201502,0.8629655191452944,2.1538461538461537,0.0769230769230769,1.0769230769230769,2.007936507936508,0.0238095238095238,1.003968253968254,0.244,0.264,0.332,0.106,0.07,0.038,2.5,0.25,1.25,0.02
366,Co-Zn,2.032274459974587,0.2193138500635323,1.0161372299872935,1.92896174863388,0.1256830601092896,0.96448087431694,1.592,1.746,1.3587096596085362,0.593806697402203,0.6793548298042681,2.1923076923076925,0.1153846153846153,1.0961538461538465,2.055555555555556,0.0714285714285714,1.0277777777777777,0.317,0.337,0.225,0.001,0.059,0.0269999999999999,2.625,0.375,1.3125,0.01
367,Co-Ga,1.8767471410419316,0.3748411689961879,0.9383735705209656,2.0163934426229506,0.0382513661202184,1.0081967213114753,1.4540000000000002,1.79,1.143508047373216,0.8090083096375231,0.571754023686608,2.230769230769231,0.1538461538461538,1.1153846153846154,2.1031746031746037,0.119047619047619,1.0515873015873016,0.393,0.413,0.206,0.02,0.056,0.024,1.5,0.75,0.75,0.001
368,Co-Ge,1.802210927573062,0.449377382465057,0.901105463786531,2.125683060109289,0.0710382513661201,1.0628415300546448,1.454,1.6820000000000002,1.645114982193634,0.3074013748171051,0.822557491096817,2.269230769230769,0.1923076923076923,1.1346153846153846,2.134920634920635,0.1507936507936507,1.0674603174603174,0.457,0.477,0.271,0.045,0.047,0.015,1.625,0.625,0.8125,0.015
369,Co-As,1.8564167725540024,0.3951715374841168,0.9282083862770012,2.218579234972678,0.1639344262295083,1.109289617486339,1.462,1.6,1.578168566932612,0.3743477900781271,0.789084283466306,2.3076923076923075,0.2307692307692307,1.1538461538461535,2.1666666666666665,0.1825396825396825,1.0833333333333333,0.526,0.546,0.341,0.115,0.027,0.005,1.75,0.5,0.875,0.017
370,Co-Se,1.7381194409148664,0.5134688691232527,0.8690597204574332,2.420765027322404,0.3661202185792349,1.210382513661202,1.53,1.5719999999999998,1.2490958783093615,0.7034204787013776,0.6245479391546808,2.3461538461538463,0.2692307692307692,1.1730769230769231,2.1031746031746037,0.119047619047619,1.0515873015873016,0.665,0.685,0.421,0.195,0.03,0.002,1.875,0.375,0.9375,0.013
371,Co-Zr,1.95425667090216,0.2973316391359593,0.97712833545108,1.7540983606557377,0.3005464480874316,0.8770491803278688,1.165,2.019,2.150732959721724,0.1982166027109847,1.075366479860862,2.576923076923077,0.5,1.2884615384615383,2.261904761904762,0.2777777777777778,1.130952380952381,0.735,0.755,0.022,0.204,0.081,0.049,1.625,0.625,0.8125,0.021
372,Co-Nb,2.2147395171537485,0.0368487928843709,1.1073697585768745,1.901639344262295,0.1530054644808742,0.9508196721311476,0.8710000000000001,2.321,2.494713303702068,0.5421969466913287,1.247356651851034,2.6153846153846154,0.5384615384615384,1.3076923076923077,2.1507936507936507,0.1666666666666666,1.0753968253968254,0.385,0.405,-0.0289999999999999,0.255,0.069,0.037,1.75,0.5,0.875,-0.023
373,Co-Mo,2.4218551461245235,0.170266836086404,1.2109275730622615,2.2076502732240435,0.1530054644808744,1.1038251366120218,0.8059999999999999,2.412,2.574772934323496,0.6222565773127571,1.287386467161748,2.6538461538461537,0.5769230769230769,1.3269230769230769,2.095238095238096,0.1111111111111111,1.0476190476190477,0.16,0.18,-0.004,0.23,0.0419999999999999,0.0099999999999999,1.875,0.375,0.9375,-0.07
374,Co-Ru,2.6632782719186787,0.4116899618805591,1.3316391359593394,2.2295081967213117,0.1748633879781422,1.1147540983606556,1.924,1.476,2.4152058084642354,0.4626894514534964,1.2076029042321177,2.730769230769231,0.6538461538461539,1.3653846153846154,2.055555555555556,0.0714285714285714,1.0277777777777777,0.112,0.132,0.13,0.096,0.063,0.031,2.125,0.125,1.0625,-0.093
375,Co-Rh,2.7013977128335447,0.4498094027954258,1.3506988564167723,2.273224043715847,0.2185792349726775,1.1366120218579234,2.42,1.084,2.210915716533694,0.258399359522955,1.105457858266847,2.769230769230769,0.6923076923076923,1.3846153846153846,2.055555555555556,0.0714285714285714,1.0277777777777777,0.147,0.167,0.223,0.003,0.082,0.05,2.25,0.0,1.125,-0.056
376,Co-Pd,2.650571791613723,0.3989834815756036,1.3252858958068614,2.2295081967213117,0.1748633879781422,1.1147540983606556,2.178,1.35,1.9855340529497836,0.0330176959390442,0.9927670264748916,2.8076923076923075,0.7307692307692307,1.4038461538461535,2.0793650793650795,0.0952380952380952,1.0396825396825398,0.284,0.304,0.33,0.104,0.122,0.09,2.375,0.125,1.1875,-0.039
377,Co-Sn,2.051715374841169,0.1998729351969503,1.0258576874205845,2.0983606557377046,0.0437158469945355,1.0491803278688523,1.368,1.752,1.2551307180520663,0.6973856389586727,0.6275653590260332,2.9615384615384617,0.8846153846153846,1.4807692307692308,2.2857142857142856,0.3015873015873015,1.1428571428571428,0.748,0.768,0.227,0.001,0.125,0.093,1.625,0.625,0.8125,0.048
378,Co-Sb,1.9745870393900888,0.2770012706480304,0.9872935196950444,2.1475409836065573,0.0928961748633879,1.0737704918032789,1.4369999999999998,1.617,1.4752659912210473,0.4772503657896916,0.7376329956105236,3.0,0.9230769230769232,1.5,2.3095238095238093,0.3253968253968254,1.1547619047619049,0.739,0.759,0.244,0.018,0.074,0.042,1.75,0.5,0.875,0.035
379,Co-Te,1.917662007623888,0.3339263024142311,0.958831003811944,2.174863387978142,0.1202185792349727,1.087431693989071,1.4349999999999998,1.583,1.3752643348148963,0.5772520221958425,0.6876321674074483,3.0384615384615383,0.9615384615384616,1.5192307692307692,2.261904761904762,0.2777777777777778,1.130952380952381,0.791,0.811,0.309,0.083,0.047,0.015,1.875,0.375,0.9375,0.01
380,Co-Hf,2.815756035578145,0.5641677255400256,1.4078780177890724,1.7377049180327866,0.3169398907103824,0.8688524590163933,1.022,2.1420000000000003,2.3599922701046294,0.4074759130938906,1.1799961350523147,3.807692307692308,1.7307692307692308,1.9038461538461535,2.253968253968254,0.2698412698412698,1.126984126984127,0.636,0.656,-0.0349999999999999,0.261,0.089,0.0569999999999999,1.625,0.625,0.8125,0.034
381,Co-Ta,3.2096569250317657,0.9580686149936466,1.6048284625158828,1.8469945355191253,0.2076502732240436,0.9234972677595628,0.813,2.349,2.792866410843939,0.8403500538331998,1.3964332054219697,3.8461538461538463,1.7692307692307692,1.9230769230769231,2.1507936507936507,0.1666666666666666,1.0753968253968254,0.311,0.331,-0.0669999999999999,0.293,0.056,0.024,1.75,0.5,0.875,-0.015
382,Co-W,3.5781448538754765,1.3265565438373572,1.7890724269377385,1.9562841530054644,0.0983606557377048,0.9781420765027322,0.8230000000000001,2.353,3.0120641581315737,1.0595478011208348,1.5060320790657868,3.8846153846153846,1.807692307692308,1.9423076923076923,2.095238095238096,0.1111111111111111,1.0476190476190477,0.119,0.139,-0.0359999999999999,0.262,0.032,0.0,1.875,0.375,0.9375,-0.068
383,Co-Re,3.7687420584498095,1.5171537484116902,1.8843710292249047,2.065573770491803,0.0109289617486338,1.0327868852459017,0.996,2.22,2.8856251552880767,0.9331087982773376,1.4428125776440384,3.923076923076923,1.8461538461538465,1.9615384615384612,2.0793650793650795,0.0952380952380952,1.0396825396825398,0.067,0.087,0.025,0.201,0.026,0.006,2.0,0.25,1.0,-0.107
384,Co-Os,3.9958322744599744,1.744243964421855,1.9979161372299872,2.2295081967213117,0.1748633879781422,1.1147540983606556,1.48,1.854,2.801700576981476,0.8491842199707368,1.400850288490738,3.9615384615384617,1.8846153846153848,1.9807692307692308,2.063492063492064,0.0793650793650793,1.031746031746032,0.081,0.1009999999999999,0.097,0.129,0.036,0.004,2.125,0.125,1.0625,-0.13
385,Co-Ir,3.992655654383736,1.7410673443456164,1.996327827191868,2.2295081967213117,0.1748633879781422,1.1147540983606556,2.205,1.253,2.47759710681059,0.5250807497998509,1.238798553405295,4.0,1.9230769230769231,2.0,2.071428571428572,0.0873015873015873,1.0357142857142858,0.125,0.145,0.194,0.032,0.073,0.041,2.25,0.0,1.125,-0.081
386,Co-Pt,3.8576874205844978,1.6060991105463789,1.9288437102922489,2.2295081967213117,0.1748633879781422,1.1147540983606556,2.191,1.329,2.103359743809182,0.1508433867984428,1.051679871904591,4.038461538461538,1.9615384615384612,2.019230769230769,2.095238095238096,0.1111111111111111,1.0476190476190477,0.252,0.272,0.318,0.0919999999999999,0.11,0.078,2.375,0.125,1.1875,-0.059
387,Co-Au,3.5781448538754765,1.3265565438373572,1.7890724269377385,2.3387978142076498,0.2841530054644808,1.1693989071038249,1.933,1.5450000000000002,1.7146453910498851,0.2378709659608537,0.8573226955249427,4.076923076923077,2.0,2.0384615384615383,2.134920634920635,0.1507936507936507,1.0674603174603174,0.447,0.467,0.41,0.184,0.154,0.122,2.5,0.25,1.25,-0.046
388,Co-U,3.5527318932655656,1.3011435832274465,1.7763659466327828,1.9562841530054644,0.0983606557377048,0.9781420765027322,0.2230000000000001,2.837,1.7537476189161585,0.1987687380945808,0.8768738094580791,4.576923076923077,2.5,2.2884615384615383,2.3412698412698414,0.3571428571428571,1.1706349206349207,1.238,1.258,0.342,0.116,0.089,0.0569999999999999,1.875,0.375,0.9375,-0.073
389,Co-Np,3.692503176620076,1.4409148665819569,1.846251588310038,1.7377049180327866,0.3169398907103824,0.8688524590163933,-1.106,4.216,1.482649145570494,0.4698672114402452,0.741324572785247,4.615384615384615,2.5384615384615383,2.3076923076923075,2.3492063492063493,0.365079365079365,1.1746031746031746,1.276,1.296,0.36,0.134,0.071,0.039,2.0,0.25,1.0,-0.072
390,Ni-Ni,2.261753494282084,0.0,1.130876747141042,2.0874316939890707,0.0,1.0437158469945351,1.716,0.002,1.9083455263230544,0.0,0.9541727631615272,2.1538461538461537,0.0,1.0769230769230769,1.968253968253968,0.0,0.984126984126984,0.21,0.0,0.44,0.0,0.092,0.0,2.5,0.0,1.25,-0.03
391,Ni-Cu,2.269377382465057,0.0076238881829733,1.1346886912325285,2.081967213114754,0.0054644808743169,1.040983606557377,0.975,0.707,1.7038456229467465,0.2044999033763079,0.8519228114733732,2.1923076923076925,0.0384615384615384,1.0961538461538465,2.0,0.0317460317460317,1.0,0.359,0.149,0.439,0.001,0.1,0.008,2.625,0.125,1.3125,0.131
392,Ni-Zn,2.037357052096569,0.2243964421855146,1.0186785260482845,1.9453551912568303,0.1420765027322404,0.9726775956284152,0.751,0.901,1.3366242442646938,0.5717212820583608,0.6683121221323469,2.230769230769231,0.0769230769230769,1.1153846153846154,2.0476190476190474,0.0793650793650793,1.0238095238095235,0.432,0.222,0.332,0.108,0.089,0.003,2.75,0.25,1.375,0.08
393,Ni-Ga,1.8818297331639136,0.3799237611181703,0.9409148665819568,2.032786885245901,0.0546448087431693,1.0163934426229506,0.603,0.939,1.1214226320293736,0.7869228942936808,0.5607113160146868,2.269230769230769,0.1153846153846153,1.1346153846153846,2.095238095238096,0.1269841269841269,1.0476190476190477,0.508,0.298,0.313,0.127,0.086,0.0059999999999999,1.625,0.875,0.8125,0.106
394,Ni-Ge,1.8072935196950448,0.4544599745870394,0.9036467598475224,2.14207650273224,0.0546448087431693,1.07103825136612,0.623,0.847,1.6230295668497916,0.2853159594732628,0.8115147834248958,2.3076923076923075,0.1538461538461538,1.1538461538461535,2.126984126984127,0.1587301587301587,1.0634920634920637,0.5720000000000001,0.362,0.378,0.062,0.077,0.015,1.75,0.75,0.875,0.137
395,Ni-As,1.8614993646759848,0.4002541296060991,0.9307496823379924,2.2349726775956285,0.1475409836065575,1.1174863387978142,0.653,0.7889999999999999,1.5560831515887696,0.3522623747342848,0.7780415757943848,2.3461538461538463,0.1923076923076923,1.1730769230769231,2.1587301587301586,0.1904761904761904,1.0793650793650793,0.641,0.431,0.448,0.008,0.0569999999999999,0.035,1.875,0.625,0.9375,0.127
396,Ni-Se,1.743202033036849,0.5185514612452351,0.8716010165184245,2.4371584699453552,0.3497267759562841,1.2185792349726776,0.732,0.766,1.2270104629655192,0.6813350633575352,0.6135052314827596,2.3846153846153846,0.2307692307692307,1.1923076923076923,2.095238095238096,0.1269841269841269,1.0476190476190477,0.78,0.5700000000000001,0.528,0.088,0.06,0.032,2.0,0.5,1.0,0.123
397,Ni-Zr,1.9593392630241424,0.3024142312579416,0.9796696315120712,1.7704918032786885,0.3169398907103824,0.8852459016393442,0.393,1.211,2.1286475443778814,0.220302018054827,1.0643237721889407,2.6153846153846154,0.4615384615384615,1.3076923076923077,2.253968253968254,0.2857142857142857,1.126984126984127,0.85,0.64,0.129,0.311,0.111,0.019,1.75,0.75,0.875,0.026
398,Ni-Nb,2.2198221092757304,0.0419313850063532,1.1099110546378652,1.9180327868852456,0.169398907103825,0.9590163934426228,0.1060000000000001,1.514,2.4726278883582253,0.564282362035171,1.236313944179113,2.6538461538461537,0.5,1.3269230769230769,2.142857142857143,0.1746031746031746,1.0714285714285714,0.5,0.29,0.078,0.362,0.099,0.0069999999999999,1.875,0.625,0.9375,-0.059
399,Ni-Mo,2.426937738246506,0.1651842439644217,1.213468869123253,2.2240437158469946,0.1366120218579236,1.1120218579234973,0.0339999999999999,1.608,2.5526875189796536,0.6443419926565994,1.2763437594898268,2.6923076923076925,0.5384615384615384,1.3461538461538465,2.0873015873015874,0.119047619047619,1.0436507936507935,0.275,0.065,0.103,0.337,0.072,0.02,2.0,0.5,1.0,-0.139
400,Ni-Ru,2.6683608640406606,0.4066073697585767,1.3341804320203303,2.2459016393442623,0.1584699453551914,1.1229508196721312,1.183,0.593,2.3931203931203933,0.4847748667973386,1.1965601965601966,2.769230769230769,0.6153846153846154,1.3846153846153846,2.0476190476190474,0.0793650793650793,1.0238095238095235,0.2269999999999999,0.017,0.237,0.203,0.093,0.001,2.25,0.25,1.125,-0.16
401,Ni-Rh,2.7064803049555275,0.4447268106734434,1.3532401524777635,2.289617486338797,0.2021857923497267,1.1448087431693987,1.585,0.2289999999999999,2.188830301189852,0.2804847748667973,1.0944151505949258,2.8076923076923075,0.6538461538461539,1.4038461538461535,2.0476190476190474,0.0793650793650793,1.0238095238095235,0.262,0.052,0.33,0.11,0.112,0.02,2.375,0.125,1.1875,-0.079
402,Ni-Pd,2.655654383735705,0.3939008894536213,1.3278271918678526,2.2459016393442623,0.1584699453551914,1.1229508196721312,1.256,0.48,1.963448637605941,0.0551031112828865,0.9817243188029704,2.8461538461538463,0.6923076923076923,1.4230769230769231,2.071428571428572,0.1031746031746031,1.0357142857142858,0.3989999999999999,0.189,0.437,0.003,0.152,0.06,2.5,0.0,1.25,-0.019
403,Ni-Sn,2.0567979669631518,0.2049555273189327,1.0283989834815757,2.114754098360656,0.0273224043715847,1.0573770491803278,0.5449999999999999,0.921,1.233045302708224,0.6753002236148304,0.616522651354112,3.0,0.8461538461538461,1.5,2.2777777777777777,0.3095238095238095,1.1388888888888888,0.863,0.653,0.334,0.106,0.155,0.063,1.75,0.75,0.875,0.185
404,Ni-Sb,1.9796696315120712,0.2820838627700128,0.9898348157560356,2.163934426229508,0.0765027322404371,1.081967213114754,0.629,0.8049999999999999,1.453180575877205,0.4551649504458493,0.7265902879386025,3.0384615384615383,0.8846153846153846,1.5192307692307692,2.3015873015873014,0.3333333333333333,1.1507936507936507,0.854,0.644,0.351,0.089,0.104,0.012,1.875,0.625,0.9375,0.134
405,Ni-Te,1.9227445997458703,0.3390088945362134,0.9613722998729352,2.191256830601093,0.1038251366120219,1.0956284153005464,0.6459999999999999,0.786,1.3531789194710542,0.5551666068520001,0.6765894597355271,3.076923076923077,0.9230769230769232,1.5384615384615383,2.253968253968254,0.2857142857142857,1.126984126984127,0.906,0.6960000000000001,0.416,0.0239999999999999,0.077,0.015,2.0,0.5,1.0,0.077
406,Ni-Hf,2.820838627700127,0.5590851334180432,1.4104193138500636,1.7540983606557377,0.3333333333333332,0.8770491803278688,0.269,1.3330000000000002,2.3379068547607877,0.4295613284377329,1.1689534273803937,3.8461538461538463,1.6923076923076923,1.9230769230769231,2.246031746031746,0.2777777777777778,1.123015873015873,0.751,0.541,0.072,0.368,0.119,0.0269999999999999,1.75,0.75,0.875,0.049
407,Ni-Ta,3.214739517153748,0.9529860228716645,1.607369758576874,1.8633879781420768,0.2240437158469944,0.9316939890710384,0.07,1.54,2.7707809955000964,0.8624354691770422,1.3853904977500482,3.8846153846153846,1.7307692307692308,1.9423076923076923,2.142857142857143,0.1746031746031746,1.0714285714285714,0.426,0.216,0.04,0.4,0.086,0.0059999999999999,1.875,0.625,0.9375,-0.06
408,Ni-W,3.583227445997459,1.3214739517153749,1.7916137229987297,1.972677595628415,0.1147540983606557,0.9863387978142076,0.066,1.548,2.989978742787732,1.0816332164646771,1.4949893713938658,3.923076923076923,1.7692307692307692,1.9615384615384612,2.0873015873015874,0.119047619047619,1.0436507936507935,0.2339999999999999,0.024,0.071,0.369,0.062,0.03,2.0,0.5,1.0,-0.152
409,Ni-Re,3.773824650571792,1.5120711562897078,1.886912325285896,2.081967213114754,0.0054644808743169,1.040983606557377,0.203,1.411,2.863539739944234,0.9551942136211798,1.431769869972117,3.9615384615384617,1.807692307692308,1.9807692307692308,2.071428571428572,0.1031746031746031,1.0357142857142858,0.182,0.0279999999999999,0.132,0.308,0.056,0.036,2.125,0.375,1.0625,-0.216
410,Ni-Os,4.000914866581957,1.7391613722998729,2.0004574332909786,2.2459016393442623,0.1584699453551914,1.1229508196721312,0.6659999999999999,1.018,2.7796151616376337,0.8712696353145791,1.3898075808188168,4.0,1.8461538461538465,2.0,2.055555555555556,0.0873015873015873,1.0277777777777777,0.196,0.0139999999999999,0.204,0.236,0.066,0.026,2.25,0.25,1.125,-0.24
411,Ni-Ir,3.997738246505718,1.735984752223634,1.998869123252859,2.2459016393442623,0.1584699453551914,1.1229508196721312,1.394,0.404,2.4555116914667474,0.5471661651436932,1.2277558457333737,4.038461538461538,1.8846153846153848,2.019230769230769,2.063492063492064,0.0952380952380952,1.031746031746032,0.24,0.03,0.301,0.139,0.103,0.011,2.375,0.125,1.1875,-0.137
412,Ni-Pt,3.86277001270648,1.6010165184243963,1.93138500635324,2.2459016393442623,0.1584699453551914,1.1229508196721312,1.3,0.466,2.0812743284653394,0.1729288021422851,1.0406371642326695,4.076923076923077,1.9230769230769231,2.0384615384615383,2.0873015873015874,0.119047619047619,1.0436507936507935,0.367,0.157,0.425,0.015,0.14,0.048,2.5,0.0,1.25,-0.077
413,Ni-Au,3.583227445997459,1.3214739517153749,1.7916137229987297,2.355191256830601,0.26775956284153,1.1775956284153004,0.952,0.648,1.692559975706043,0.2157855506170113,0.8462799878530215,4.115384615384615,1.9615384615384612,2.0576923076923075,2.126984126984127,0.1587301587301587,1.0634920634920637,0.562,0.352,0.517,0.0769999999999999,0.184,0.092,2.625,0.125,1.3125,0.02
414,Ni-U,3.5578144853875475,1.296060991105464,1.7789072426937738,1.972677595628415,0.1147540983606557,0.9863387978142076,-0.556,2.072,1.731662203572316,0.1766833227507384,0.865831101786158,4.615384615384615,2.4615384615384617,2.3076923076923075,2.333333333333333,0.365079365079365,1.1666666666666667,1.353,1.143,0.449,0.009,0.119,0.0269999999999999,2.0,0.5,1.0,-0.155
415,Ni-Np,3.6975857687420586,1.4358322744599743,1.8487928843710293,1.7540983606557377,0.3333333333333332,0.8770491803278688,-1.854,3.42,1.4605637302266516,0.4477817960964029,0.7302818651133258,4.653846153846154,2.5,2.326923076923077,2.3412698412698414,0.373015873015873,1.1706349206349207,1.391,1.181,0.4669999999999999,0.0269999999999999,0.101,0.009,2.125,0.375,1.0625,-0.158
416,Cu-Cu,2.2770012706480305,0.0,1.1385006353240152,2.076502732240437,0.0,1.0382513661202184,0.268,0.0,1.4993457195704385,0.0,0.7496728597852192,2.230769230769231,0.0,1.1153846153846154,2.031746031746032,0.0,1.0158730158730158,0.508,0.0,0.438,0.0,0.108,0.0,2.75,0.0,1.375,0.197
417,Cu-Zn,2.0449809402795425,0.232020330368488,1.0224904701397712,1.9398907103825136,0.1366120218579234,0.9699453551912568,0.036,0.192,1.132124340888386,0.3672213786820528,0.5660621704441929,2.269230769230769,0.0384615384615384,1.1346153846153846,2.0793650793650795,0.0476190476190476,1.0396825396825398,0.581,0.073,0.331,0.107,0.097,0.011,2.875,0.125,1.4375,0.198
418,Cu-Ga,1.889453621346887,0.3875476493011436,0.9447268106734436,2.0273224043715845,0.0491803278688523,1.0136612021857925,-0.049,0.279,0.9169227286530656,0.5824229909173728,0.4584613643265328,2.3076923076923075,0.0769230769230769,1.1538461538461535,2.126984126984127,0.0952380952380952,1.0634920634920637,0.657,0.149,0.312,0.126,0.094,0.0139999999999999,1.75,1.0,0.875,0.213
419,Cu-Ge,1.8149174078780177,0.4620838627700128,0.9074587039390088,2.1366120218579234,0.0601092896174862,1.0683060109289615,0.004,0.224,1.4185296634734836,0.0808160560969549,0.7092648317367418,2.3461538461538463,0.1153846153846153,1.1730769230769231,2.1587301587301586,0.1269841269841269,1.0793650793650793,0.7210000000000001,0.213,0.377,0.061,0.0849999999999999,0.023,1.875,0.875,0.9375,0.196
420,Cu-As,1.869123252858958,0.4078780177890725,0.934561626429479,2.2295081967213117,0.1530054644808744,1.1147540983606556,0.0519999999999999,0.184,1.3515832482124617,0.1477624713579769,0.6757916241062308,2.3846153846153846,0.1538461538461538,1.1923076923076923,2.1904761904761907,0.1587301587301587,1.0952380952380951,0.79,0.282,0.447,0.009,0.065,0.043,2.0,0.75,1.0,0.146
421,Cu-Se,1.750825921219822,0.5261753494282085,0.875412960609911,2.4316939890710376,0.355191256830601,1.2158469945355188,0.123,0.143,1.0225105595892112,0.4768351599812274,0.5112552797946056,2.423076923076923,0.1923076923076923,1.2115384615384617,2.126984126984127,0.0952380952380952,1.0634920634920637,0.929,0.421,0.527,0.089,0.068,0.04,2.125,0.625,1.0625,0.144
422,Cu-Zr,1.966963151207116,0.310038119440915,0.983481575603558,1.7650273224043715,0.3114754098360655,0.8825136612021858,-0.3339999999999999,0.516,1.9241476410015732,0.4248019214311349,0.9620738205007868,2.6538461538461537,0.4230769230769231,1.3269230769230769,2.2857142857142856,0.2539682539682539,1.1428571428571428,0.999,0.491,0.128,0.31,0.119,0.011,1.875,0.875,0.9375,0.029
423,Cu-Nb,2.227445997458704,0.0495552731893266,1.113722998729352,1.9125683060109289,0.1639344262295081,0.9562841530054644,-0.658,0.82,2.2681279849819176,0.7687822654114789,1.1340639924909588,2.6923076923076925,0.4615384615384615,1.3461538461538465,2.1746031746031744,0.1428571428571428,1.0873015873015872,0.649,0.141,0.077,0.361,0.107,0.001,2.0,0.75,1.0,-0.051
424,Cu-Mo,2.434561626429479,0.1575603557814483,1.2172808132147397,2.218579234972678,0.1420765027322405,1.109289617486339,-0.761,0.921,2.348187615603346,0.8488418960329073,1.174093807801673,2.730769230769231,0.5,1.3653846153846154,2.119047619047619,0.0873015873015873,1.0595238095238095,0.424,0.0839999999999999,0.102,0.336,0.08,0.028,2.125,0.625,1.0625,-0.096
425,Cu-Ru,2.675984752223634,0.3989834815756033,1.337992376111817,2.240437158469945,0.1639344262295083,1.1202185792349726,0.214,0.008,2.188620489744085,0.6892747701736466,1.0943102448720423,2.8076923076923075,0.5769230769230769,1.4038461538461535,2.0793650793650795,0.0476190476190476,1.0396825396825398,0.376,0.132,0.236,0.202,0.101,0.0069999999999999,2.375,0.375,1.1875,-0.046
426,Cu-Rh,2.7141041931385006,0.43710292249047,1.3570520965692503,2.2841530054644807,0.2076502732240436,1.1420765027322404,0.728,0.472,1.984330397813544,0.4849846782431052,0.992165198906772,2.8461538461538463,0.6153846153846154,1.4230769230769231,2.0793650793650795,0.0476190476190476,1.0396825396825398,0.411,0.097,0.329,0.109,0.12,0.012,2.5,0.25,1.25,0.044
427,Cu-Pd,2.6632782719186787,0.3862770012706479,1.3316391359593394,2.240437158469945,0.1639344262295083,1.1202185792349726,0.505,0.2309999999999999,1.758948734229633,0.2596030146591944,0.8794743671148165,2.8846153846153846,0.6538461538461539,1.4423076923076923,2.1031746031746037,0.0714285714285714,1.0515873015873016,0.548,0.0399999999999999,0.436,0.002,0.16,0.052,2.625,0.125,1.3125,0.155
428,Cu-Sn,2.0644218551461244,0.2125794155019061,1.0322109275730622,2.1092896174863385,0.0327868852459016,1.0546448087431692,-0.0699999999999999,0.286,1.028545399331916,0.4708003202385225,0.514272699665958,3.0384615384615383,0.8076923076923077,1.5192307692307692,2.3095238095238093,0.2777777777777778,1.1547619047619049,1.012,0.504,0.333,0.105,0.163,0.055,1.875,0.875,0.9375,0.242
429,Cu-Sb,1.9872935196950443,0.2897077509529862,0.9936467598475224,2.158469945355191,0.081967213114754,1.0792349726775956,0.018,0.19,1.248680672500897,0.2506650470695414,0.6243403362504485,3.076923076923077,0.8461538461538461,1.5384615384615383,2.333333333333333,0.3015873015873015,1.1666666666666667,1.003,0.495,0.35,0.088,0.112,0.004,2.0,0.75,1.0,0.127
430,Cu-Te,1.930368487928844,0.3466327827191868,0.9651842439644218,2.185792349726776,0.1092896174863388,1.092896174863388,0.034,0.166,1.1486790160947462,0.3506667034756922,0.5743395080473731,3.1153846153846154,0.8846153846153846,1.5576923076923077,2.2857142857142856,0.2539682539682539,1.1428571428571428,1.0550000000000002,0.547,0.415,0.0229999999999999,0.0849999999999999,0.023,2.125,0.625,1.0625,0.035
431,Cu-Hf,2.8284625158831007,0.5514612452350699,1.4142312579415504,1.7486338797814207,0.3278688524590163,0.8743169398907104,-0.4580000000000001,0.634,2.13340695138448,0.6340612318140408,1.0667034756922398,3.8846153846153846,1.6538461538461535,1.9423076923076923,2.2777777777777777,0.246031746031746,1.1388888888888888,0.9,0.392,0.071,0.367,0.127,0.0189999999999999,1.875,0.875,0.9375,0.031
432,Cu-Ta,3.2223634053367216,0.9453621346886908,1.6111817026683608,1.8579234972677596,0.2185792349726775,0.9289617486338796,-0.6940000000000001,0.848,2.5662810921237886,1.06693537255335,1.2831405460618943,3.923076923076923,1.6923076923076923,1.9615384615384612,2.1746031746031744,0.1428571428571428,1.0873015873015872,0.575,0.067,0.039,0.399,0.094,0.0139999999999999,2.0,0.75,1.0,-0.071
433,Cu-W,3.590851334180432,1.3138500635324015,1.795425667090216,1.967213114754098,0.1092896174863387,0.983606557377049,-0.7130000000000001,0.863,2.7854788394114234,1.286133119840985,1.3927394197057117,3.9615384615384617,1.7307692307692308,1.9807692307692308,2.119047619047619,0.0873015873015873,1.0595238095238095,0.383,0.125,0.07,0.368,0.07,0.038,2.125,0.625,1.0625,-0.129
434,Cu-Re,3.781448538754765,1.5044472681067345,1.8907242693773825,2.076502732240437,0.0,1.0382513661202184,-0.5770000000000001,0.737,2.6590398365679264,1.1596941169974877,1.3295199182839632,4.0,1.7692307692307692,2.0,2.1031746031746037,0.0714285714285714,1.0515873015873016,0.331,0.177,0.131,0.307,0.064,0.044,2.25,0.5,1.125,-0.136
435,Cu-Os,4.00853875476493,1.7315374841168991,2.004269377382465,2.240437158469945,0.1639344262295083,1.1202185792349726,-0.158,0.356,2.575115258261325,1.075769538690887,1.2875576291306627,4.038461538461538,1.807692307692308,2.019230769230769,2.0873015873015874,0.0555555555555555,1.0436507936507935,0.345,0.163,0.203,0.235,0.074,0.034,2.375,0.375,1.1875,-0.108
436,Cu-Ir,4.005362134688691,1.7283608640406607,2.0026810673443456,2.240437158469945,0.1639344262295083,1.1202185792349726,0.538,0.292,2.25101178809044,0.7516660685200012,1.1255058940452198,4.076923076923077,1.8461538461538465,2.0384615384615383,2.095238095238096,0.0634920634920634,1.0476190476190477,0.389,0.119,0.3,0.138,0.111,0.003,2.5,0.25,1.25,-0.017
437,Cu-Pt,3.8703939008894537,1.593392630241423,1.9351969504447268,2.240437158469945,0.1639344262295083,1.1202185792349726,0.512,0.248,1.876774425089032,0.3774287055185931,0.9383872125445158,4.115384615384615,1.8846153846153848,2.0576923076923075,2.119047619047619,0.0873015873015873,1.0595238095238095,0.516,0.008,0.424,0.014,0.148,0.04,2.625,0.125,1.3125,0.084
438,Cu-Au,3.590851334180432,1.3138500635324015,1.795425667090216,2.349726775956284,0.2732240437158469,1.174863387978142,0.299,0.0289999999999999,1.488060072329735,0.0112856472407034,0.7440300361648675,4.153846153846154,1.9230769230769231,2.076923076923077,2.1587301587301586,0.1269841269841269,1.0793650793650793,0.7110000000000001,0.203,0.516,0.0779999999999999,0.192,0.084,2.75,0.0,1.375,0.187
439,Cu-U,3.565438373570521,1.2884371029224906,1.7827191867852603,1.967213114754098,0.1092896174863387,0.983606557377049,-1.253,1.397,1.527162300196008,0.0278165806255694,0.763581150098004,4.653846153846154,2.423076923076923,2.326923076923077,2.365079365079365,0.3333333333333333,1.1825396825396826,1.502,0.994,0.448,0.01,0.127,0.0189999999999999,2.125,0.625,1.0625,-0.182
440,Cu-Np,3.705209656925032,1.428208386277001,1.852604828462516,1.7486338797814207,0.3278688524590163,0.8743169398907104,-2.653,2.789,1.2560638268503437,0.2432818927200949,0.6280319134251718,4.6923076923076925,2.4615384615384617,2.3461538461538463,2.373015873015873,0.3412698412698413,1.1865079365079363,1.54,1.032,0.4659999999999999,0.0279999999999999,0.109,0.001,2.25,0.5,1.125,-0.161
441,Zn-Zn,1.812960609911055,0.0,0.9064803049555272,1.80327868852459,0.0,0.901639344262295,-0.15,0.0,0.7649029622063328,0.0,0.3824514811031664,2.3076923076923075,0.0,1.1538461538461535,2.126984126984127,0.0,1.0634920634920637,0.654,0.0,0.224,0.0,0.086,0.0,3.0,0.0,1.5,0.128
442,Zn-Ga,1.657433290978399,0.1555273189326556,0.8287166454891995,1.890710382513661,0.0874316939890711,0.9453551912568304,-0.2339999999999999,0.088,0.5497013499710128,0.21520161223532,0.2748506749855064,2.3461538461538463,0.0384615384615384,1.1730769230769231,2.1746031746031744,0.0476190476190476,1.0873015873015872,0.73,0.076,0.205,0.019,0.0829999999999999,0.0029999999999999,1.875,1.125,0.9375,0.057
443,Zn-Ge,1.58289707750953,0.2300635324015247,0.791448538754765,2.0,0.1967213114754097,1.0,-0.182,0.038,1.0513082847914308,0.2864053225850979,0.5256541423957154,2.3846153846153846,0.0769230769230769,1.1923076923076923,2.2063492063492065,0.0793650793650793,1.1031746031746033,0.794,0.14,0.27,0.046,0.074,0.0119999999999999,2.0,1.0,1.0,-0.024
444,Zn-As,1.63710292249047,0.1758576874205845,0.818551461245235,2.092896174863388,0.2896174863387979,1.046448087431694,-0.137,0.0089999999999999,0.9843618695304088,0.2194589073240759,0.4921809347652044,2.423076923076923,0.1153846153846153,1.2115384615384617,2.238095238095238,0.1111111111111111,1.119047619047619,0.863,0.209,0.34,0.116,0.0539999999999999,0.032,2.125,0.875,1.0625,-0.1
445,Zn-Se,1.518805590851334,0.2941550190597205,0.759402795425667,2.295081967213114,0.4918032786885245,1.147540983606557,-0.0809999999999999,0.065,0.6552891809071583,0.1096137812991745,0.3276445904535791,2.4615384615384617,0.1538461538461538,1.2307692307692308,2.1746031746031744,0.0476190476190476,1.0873015873015872,1.002,0.348,0.42,0.196,0.0569999999999999,0.0289999999999999,2.25,0.75,1.125,-0.066
446,Zn-Zr,1.7349428208386275,0.078017789072427,0.8674714104193139,1.628415300546448,0.174863387978142,0.8142076502732241,-0.513,0.349,1.5569262623195208,0.7920233001131878,0.7784631311597604,2.6923076923076925,0.3846153846153846,1.3461538461538465,2.333333333333333,0.2063492063492063,1.1666666666666667,1.072,0.418,0.021,0.203,0.108,0.022,2.0,1.0,1.0,-0.122
447,Zn-Nb,1.995425667090216,0.1824650571791613,0.997712833545108,1.7759562841530054,0.0273224043715846,0.8879781420765027,-0.8069999999999999,0.651,1.9009066062998647,1.1360036440935315,0.9504533031499324,2.730769230769231,0.4230769230769231,1.3653846153846154,2.2222222222222223,0.0952380952380952,1.1111111111111112,0.722,0.068,-0.0299999999999999,0.254,0.096,0.01,2.125,0.875,1.0625,-0.172
448,Zn-Mo,2.202541296060991,0.3895806861499363,1.1012706480304957,2.081967213114754,0.2786885245901641,1.040983606557377,-0.881,0.7350000000000001,1.980966236921293,1.21606327471496,0.9904831184606464,2.769230769230769,0.4615384615384615,1.3846153846153846,2.1666666666666665,0.0396825396825396,1.0833333333333333,0.497,0.157,-0.005,0.229,0.0689999999999999,0.0169999999999999,2.25,0.75,1.125,-0.2
449,Zn-Ru,2.443964421855146,0.6310038119440914,1.221982210927573,2.1038251366120218,0.3005464480874318,1.0519125683060109,0.1399999999999999,0.274,1.8213991110620324,1.0564961488556994,0.9106995555310162,2.8461538461538463,0.5384615384615384,1.4230769230769231,2.126984126984127,0.0,1.0634920634920637,0.449,0.205,0.129,0.095,0.09,0.004,2.5,0.5,1.25,-0.088
450,Zn-Rh,2.4820838627700126,0.669123252858958,1.2410419313850063,2.1475409836065573,0.3442622950819671,1.0737704918032789,0.542,0.6819999999999999,1.6171090191314912,0.8522060569251582,0.8085545095657456,2.8846153846153846,0.5769230769230769,1.4423076923076923,2.126984126984127,0.0,1.0634920634920637,0.484,0.17,0.222,0.002,0.109,0.023,2.625,0.375,1.3125,0.031
451,Zn-Pd,2.4312579415501907,0.6182973316391359,1.2156289707750954,2.1038251366120218,0.3005464480874318,1.0519125683060109,0.284,0.432,1.3917273555475802,0.6268243933412473,0.6958636777737901,2.923076923076923,0.6153846153846154,1.4615384615384617,2.1507936507936507,0.0238095238095238,1.0753968253968254,0.621,0.033,0.329,0.105,0.149,0.063,2.75,0.25,1.375,0.113
452,Zn-Sn,1.8324015247776364,0.0194409148665819,0.9162007623888182,1.972677595628415,0.1693989071038251,0.9863387978142076,-0.252,0.106,0.6613240206498632,0.1035789415564696,0.3306620103249316,3.076923076923077,0.7692307692307693,1.5384615384615383,2.357142857142857,0.2301587301587301,1.1785714285714286,1.085,0.431,0.226,0.002,0.152,0.066,2.0,1.0,1.0,-0.018
453,Zn-Sb,1.7552731893265563,0.0576874205844981,0.8776365946632783,2.021857923497268,0.2185792349726775,1.0109289617486337,-0.1619999999999999,0.0119999999999999,0.8814592938188442,0.1165563316125114,0.4407296469094221,3.1153846153846154,0.8076923076923077,1.5576923076923077,2.380952380952381,0.2539682539682539,1.1904761904761905,1.076,0.422,0.243,0.019,0.101,0.015,2.125,0.875,1.0625,-0.166
454,Zn-Te,1.6983481575603556,0.1146124523506988,0.8491740787801778,2.0491803278688523,0.2459016393442623,1.024590163934426,-0.14,0.0099999999999999,0.7814576374126936,0.0165546752063606,0.3907288187063468,3.1538461538461537,0.8461538461538461,1.5769230769230769,2.333333333333333,0.2063492063492063,1.1666666666666667,1.128,0.474,0.308,0.084,0.074,0.0119999999999999,2.25,0.75,1.125,-0.251
455,Zn-Hf,2.5964421855146127,0.7834815756035578,1.2982210927573063,1.6120218579234973,0.1912568306010928,0.8060109289617486,-0.642,0.476,1.7661855727024267,1.0012826104960937,0.8830927863512134,3.923076923076923,1.6153846153846154,1.9615384615384612,2.3253968253968256,0.1984126984126984,1.1626984126984128,0.973,0.319,-0.0359999999999999,0.26,0.1159999999999999,0.03,2.0,1.0,1.0,-0.119
456,Zn-Ta,2.9903430749682336,1.177382465057179,1.4951715374841168,1.721311475409836,0.081967213114754,0.860655737704918,-0.836,0.68,2.199059713441736,1.4341567512354028,1.099529856720868,3.9615384615384617,1.6538461538461535,1.9807692307692308,2.2222222222222223,0.0952380952380952,1.1111111111111112,0.648,0.006,-0.0679999999999999,0.292,0.0829999999999999,0.0029999999999999,2.125,0.875,1.0625,-0.214
457,Zn-W,3.358831003811944,1.5458703939008895,1.679415501905972,1.830601092896175,0.0273224043715847,0.9153005464480872,-0.833,0.6890000000000001,2.4182574607293708,1.6533544985230375,1.2091287303646854,4.0,1.6923076923076923,2.0,2.1666666666666665,0.0396825396825396,1.0833333333333333,0.456,0.198,-0.0369999999999999,0.261,0.059,0.0269999999999999,2.25,0.75,1.125,-0.266
458,Zn-Re,3.549428208386277,1.7364675984752225,1.7747141041931385,1.9398907103825136,0.1366120218579234,0.9699453551912568,-0.6859999999999999,0.55,2.291818457885874,1.5269154956795403,1.145909228942937,4.038461538461538,1.7307692307692308,2.019230769230769,2.1507936507936507,0.0238095238095238,1.0753968253968254,0.404,0.25,0.024,0.2,0.053,0.0329999999999999,2.375,0.625,1.1875,-0.268
459,Zn-Os,3.776518424396442,1.9635578144853876,1.888259212198221,2.1038251366120218,0.3005464480874318,1.0519125683060109,-0.273,0.143,2.207893879579273,1.4429909173729398,1.1039469397896364,4.076923076923077,1.7692307692307692,2.0384615384615383,2.134920634920635,0.0079365079365079,1.0674603174603174,0.418,0.236,0.096,0.128,0.063,0.0229999999999999,2.5,0.5,1.25,-0.208
460,Zn-Ir,3.773341804320203,1.9603811944091487,1.8866709021601016,2.1038251366120218,0.3005464480874318,1.0519125683060109,0.376,0.504,1.883790409408387,1.118887447202054,0.9418952047041936,4.115384615384615,1.807692307692308,2.0576923076923075,2.142857142857143,0.0158730158730158,1.0714285714285714,0.462,0.192,0.193,0.031,0.1,0.014,2.625,0.375,1.3125,-0.063
461,Zn-Pt,3.6383735705209657,1.825412960609911,1.8191867852604828,2.1038251366120218,0.3005464480874318,1.0519125683060109,0.308,0.446,1.5095530464069788,0.7446500842006459,0.7547765232034894,4.153846153846154,1.8461538461538465,2.076923076923077,2.1666666666666665,0.0396825396825396,1.0833333333333333,0.589,0.065,0.317,0.0929999999999999,0.137,0.051,2.75,0.25,1.375,0.023
462,Zn-Au,3.358831003811944,1.5458703939008895,1.679415501905972,2.2131147540983607,0.4098360655737705,1.1065573770491803,0.072,0.2219999999999999,1.1208386936476822,0.3559357314413494,0.5604193468238411,4.1923076923076925,1.8846153846153848,2.0961538461538463,2.2063492063492065,0.0793650793650793,1.1031746031746033,0.784,0.13,0.409,0.185,0.181,0.095,2.875,0.125,1.4375,0.103
463,Zn-U,3.333418043202033,1.5204574332909786,1.6667090216010163,1.830601092896175,0.0273224043715847,0.9153005464480872,-1.429,1.273,1.1599409215139551,0.3950379593076223,0.5799704607569777,4.6923076923076925,2.3846153846153846,2.3461538461538463,2.412698412698413,0.2857142857142857,1.2063492063492065,1.575,0.921,0.341,0.117,0.1159999999999999,0.03,2.25,0.75,1.125,-0.374
464,Zn-Np,3.473189326556544,1.660228716645489,1.7365946632782718,1.6120218579234973,0.1912568306010928,0.8060109289617486,-2.775,2.623,0.8888424481682907,0.1239394859619579,0.4444212240841453,4.730769230769231,2.423076923076923,2.3653846153846154,2.4206349206349205,0.2936507936507936,1.2103174603174602,1.613,0.959,0.359,0.135,0.098,0.012,2.375,0.625,1.1875,-0.346
465,Ga-Ga,1.5019059720457433,0.0,0.7509529860228716,1.978142076502732,0.0,0.989071038251366,-0.322,0.0,0.3344997377356927,0.0,0.1672498688678463,2.3846153846153846,0.0,1.1923076923076923,2.2222222222222223,0.0,1.1111111111111112,0.806,0.0,0.186,0.0,0.08,0.0,0.75,0.0,0.375,-0.091
466,Ga-Ge,1.427369758576874,0.0745362134688691,0.713684879288437,2.0874316939890707,0.1092896174863386,1.0437158469945351,-0.274,0.052,0.8361066725561108,0.5016069348204181,0.4180533362780554,2.423076923076923,0.0384615384615384,1.2115384615384617,2.253968253968254,0.0317460317460317,1.126984126984127,0.8700000000000001,0.064,0.251,0.065,0.071,0.009,0.875,0.125,0.4375,-0.211
467,Ga-As,1.4815756035578145,0.0203303684879288,0.7407878017789072,2.180327868852459,0.2021857923497268,1.0901639344262295,-0.23,0.102,0.7691602572950889,0.434660519559396,0.3845801286475444,2.4615384615384617,0.0769230769230769,1.2307692307692308,2.2857142857142856,0.0634920634920634,1.1428571428571428,0.939,0.133,0.321,0.135,0.051,0.029,1.0,0.25,0.5,-0.285
468,Ga-Se,1.3632782719186785,0.1386277001270648,0.6816391359593392,2.3825136612021853,0.4043715846994534,1.1912568306010929,-0.178,0.162,0.4400875686718383,0.1055878309361455,0.2200437843359191,2.5,0.1153846153846153,1.25,2.2222222222222223,0.0,1.1111111111111112,1.078,0.272,0.401,0.215,0.054,0.026,1.125,0.375,0.5625,-0.214
469,Ga-Zr,1.579415501905972,0.0775095298602286,0.789707750952986,1.715846994535519,0.2622950819672131,0.8579234972677595,-0.584,0.256,1.3417246500842006,1.0072249123485078,0.6708623250421003,2.730769230769231,0.3461538461538461,1.3653846153846154,2.380952380952381,0.1587301587301587,1.1904761904761905,1.148,0.3419999999999999,0.002,0.184,0.105,0.025,0.875,0.125,0.4375,-0.21
470,Ga-Nb,1.8398983481575604,0.337992376111817,0.9199491740787802,1.8633879781420768,0.1147540983606557,0.9316939890710384,-0.863,0.5489999999999999,1.6857049940645443,1.3512052563288517,0.8428524970322723,2.769230769230769,0.3846153846153846,1.3846153846153846,2.2698412698412698,0.0476190476190476,1.1349206349206349,0.798,0.008,-0.0489999999999999,0.235,0.093,0.0129999999999999,1.0,0.25,0.5,-0.241
471,Ga-Mo,2.0470139771283358,0.545108005082592,1.0235069885641677,2.169398907103825,0.1912568306010929,1.0846994535519126,-0.946,0.64,1.765764624685973,1.4312648869502802,0.8828823123429865,2.8076923076923075,0.4230769230769231,1.4038461538461535,2.2142857142857144,0.0079365079365079,1.1071428571428572,0.5730000000000001,0.233,-0.024,0.21,0.066,0.014,1.125,0.375,0.5625,-0.244
472,Ga-Ru,2.28843710292249,0.7865311308767471,1.144218551461245,2.191256830601093,0.2131147540983607,1.0956284153005464,0.014,0.318,1.6061974988267125,1.2716977610910194,0.8030987494133561,2.8846153846153846,0.5,1.4423076923076923,2.1746031746031744,0.0476190476190476,1.0873015873015872,0.525,0.281,0.11,0.076,0.087,0.0069999999999999,1.375,0.625,0.6875,-0.063
473,Ga-Rh,2.326556543837357,0.8246505717916137,1.1632782719186787,2.2349726775956285,0.256830601092896,1.1174863387978142,0.4049999999999999,0.723,1.401907406896171,1.067407669160478,0.7009537034480855,2.923076923076923,0.5384615384615384,1.4615384615384617,2.1746031746031744,0.0476190476190476,1.0873015873015872,0.56,0.246,0.203,0.017,0.106,0.026,1.5,0.75,0.75,0.05
474,Ga-Pd,2.275730622617535,0.7738246505717916,1.1378653113087676,2.191256830601093,0.2131147540983607,1.0956284153005464,0.159,0.489,1.17652574331226,0.8420260055765675,0.58826287165613,2.9615384615384617,0.5769230769230769,1.4807692307692308,2.1984126984126986,0.0238095238095238,1.0992063492063493,0.6970000000000001,0.109,0.31,0.124,0.146,0.066,1.625,0.875,0.8125,0.137
475,Ga-Sn,1.6768742058449808,0.1749682337992376,0.8384371029224904,2.060109289617486,0.081967213114754,1.030054644808743,-0.3419999999999999,0.0219999999999999,0.4461224084145432,0.1116226706788504,0.2230612042072716,3.1153846153846154,0.7307692307692307,1.5576923076923077,2.4047619047619047,0.1825396825396825,1.2023809523809523,1.161,0.355,0.207,0.021,0.149,0.069,0.875,0.125,0.4375,-0.243
476,Ga-Sb,1.599745870393901,0.0978398983481575,0.7998729351969505,2.1092896174863385,0.1311475409836064,1.0546448087431692,-0.249,0.073,0.6662576815835242,0.3317579438478315,0.3331288407917621,3.1538461538461537,0.7692307692307693,1.5769230769230769,2.4285714285714284,0.2063492063492063,1.2142857142857142,1.152,0.346,0.224,0.038,0.098,0.018,1.0,0.25,0.5,-0.405
477,Ga-Te,1.5428208386277,0.0409148665819568,0.77141041931385,2.1366120218579234,0.1584699453551912,1.0683060109289615,-0.223,0.099,0.5662560251773734,0.2317562874416807,0.2831280125886867,3.1923076923076925,0.8076923076923077,1.5961538461538465,2.380952380952381,0.1587301587301587,1.1904761904761905,1.2040000000000002,0.398,0.289,0.103,0.071,0.009,1.125,0.375,0.5625,-0.489
478,Ga-Hf,2.4409148665819567,0.9390088945362136,1.2204574332909783,1.6994535519125684,0.2786885245901639,0.8497267759562842,-0.7000000000000001,0.376,1.5509839604671063,1.2164842227314137,0.7754919802335533,3.9615384615384617,1.5769230769230769,1.9807692307692308,2.373015873015873,0.1507936507936507,1.1865079365079363,1.049,0.243,-0.0549999999999999,0.241,0.1129999999999999,0.0329999999999999,0.875,0.125,0.4375,-0.214
479,Ga-Ta,2.834815756035578,1.3329097839898345,1.417407878017789,1.8087431693989071,0.1693989071038251,0.9043715846994536,-0.885,0.575,1.983858101206416,1.649358363470723,0.991929050603208,4.0,1.6153846153846154,2.0,2.2698412698412698,0.0476190476190476,1.1349206349206349,0.724,0.082,-0.087,0.273,0.08,0.0,1.0,0.25,0.5,-0.304
480,Ga-W,3.2033036848792884,1.7013977128335451,1.6016518424396442,1.9180327868852456,0.0601092896174863,0.9590163934426228,-0.896,0.594,2.2030558484940506,1.868556110758358,1.1015279242470253,4.038461538461538,1.6538461538461535,2.019230769230769,2.2142857142857144,0.0079365079365079,1.1071428571428572,0.532,0.274,-0.0559999999999999,0.242,0.056,0.024,1.125,0.375,0.5625,-0.341
481,Ga-Re,3.3939008894536213,1.891994917407878,1.696950444726811,2.0273224043715845,0.0491803278688523,1.0136612021857925,-0.762,0.4659999999999999,2.0766168456505536,1.7421171079148607,1.0383084228252768,4.076923076923077,1.6923076923076923,2.0384615384615383,2.1984126984126986,0.0238095238095238,1.0992063492063493,0.48,0.326,0.005,0.181,0.05,0.03,1.25,0.5,0.625,-0.311
482,Ga-Os,3.620991105463786,2.119085133418043,1.810495552731893,2.191256830601093,0.2131147540983607,1.0956284153005464,-0.364,0.068,1.9926922673439529,1.6581925296082598,0.9963461336719764,4.115384615384615,1.7307692307692308,2.0576923076923075,2.1825396825396823,0.0396825396825396,1.0912698412698412,0.494,0.312,0.077,0.109,0.06,0.02,1.375,0.625,0.6875,-0.209
483,Ga-Ir,3.617814485387548,2.1159085133418043,1.8089072426937736,2.191256830601093,0.2131147540983607,1.0956284153005464,0.239,0.545,1.6685887971730669,1.334089059437374,0.8342943985865334,4.153846153846154,1.7692307692307692,2.076923076923077,2.1904761904761907,0.0317460317460317,1.0952380952380951,0.538,0.268,0.174,0.0119999999999999,0.097,0.017,1.5,0.75,0.75,-0.067
484,Ga-Pt,3.48284625158831,1.9809402795425664,1.741423125794155,2.191256830601093,0.2131147540983607,1.0956284153005464,0.18,0.5,1.2943514341716589,0.959851696435966,0.6471757170858294,4.1923076923076925,1.807692307692308,2.0961538461538463,2.2142857142857144,0.0079365079365079,1.1071428571428572,0.665,0.141,0.298,0.1119999999999999,0.134,0.054,1.625,0.875,0.8125,0.01
485,Ga-Au,3.2033036848792884,1.7013977128335451,1.6016518424396442,2.300546448087432,0.3224043715846993,1.150273224043716,-0.03,0.298,0.9056370814123622,0.5711373436766695,0.4528185407061811,4.230769230769231,1.8461538461538465,2.1153846153846154,2.253968253968254,0.0317460317460317,1.126984126984127,0.8600000000000001,0.0539999999999999,0.39,0.204,0.178,0.098,1.75,1.0,0.875,0.08
486,Ga-U,3.177890724269377,1.6759847522236342,1.5889453621346887,1.9180327868852456,0.0601092896174863,0.9590163934426228,-1.479,1.159,0.9447393092786353,0.6102395715429423,0.4723696546393175,4.730769230769231,2.3461538461538463,2.3653846153846154,2.4603174603174605,0.238095238095238,1.2301587301587302,1.651,0.845,0.322,0.136,0.1129999999999999,0.0329999999999999,1.125,0.375,0.5625,-0.502
487,Ga-Np,3.317662007623888,1.8157560355781448,1.658831003811944,1.6994535519125684,0.2786885245901639,0.8497267759562842,-2.834,2.51,0.6736408359329706,0.3391410981972779,0.3368204179664853,4.769230769230769,2.3846153846153846,2.3846153846153846,2.4682539682539684,0.246031746031746,1.2341269841269842,1.689,0.883,0.3399999999999999,0.154,0.095,0.015,1.25,0.5,0.625,-0.482
488,Ge-Ge,1.3528335451080051,0.0,0.6764167725540026,2.1967213114754096,0.0,1.0983606557377048,-0.226,0.0,1.3377136073765288,0.0,0.6688568036882644,2.4615384615384617,0.0,1.2307692307692308,2.2857142857142856,0.0,1.1428571428571428,0.934,0.0,0.316,0.0,0.062,0.0,1.0,0.0,0.5,-0.351
489,Ge-As,1.4070393900889453,0.0542058449809402,0.7035196950444726,2.289617486338797,0.0928961748633881,1.1448087431693987,-0.178,0.052,1.2707671921155068,0.066946415261022,0.6353835960577534,2.5,0.0384615384615384,1.25,2.3174603174603177,0.0317460317460317,1.1587301587301588,1.003,0.069,0.386,0.07,0.0419999999999999,0.02,1.125,0.125,0.5625,-0.416
490,Ge-Se,1.2887420584498095,0.0640914866581957,0.6443710292249047,2.491803278688524,0.2950819672131147,1.245901639344262,-0.126,0.108,0.9416945034922564,0.3960191038842724,0.4708472517461282,2.5384615384615383,0.0769230769230769,1.2692307692307692,2.253968253968254,0.0317460317460317,1.126984126984127,1.142,0.208,0.4659999999999999,0.15,0.045,0.017,1.25,0.25,0.625,-0.298
491,Ge-Zr,1.5048792884371027,0.1520457433290977,0.7524396442185514,1.8251366120218575,0.3715846994535517,0.9125683060109288,-0.512,0.3119999999999999,1.8433315849046183,0.5056179775280899,0.9216657924523092,2.769230769230769,0.3076923076923077,1.3846153846153846,2.412698412698413,0.1269841269841269,1.2063492063492065,1.212,0.2779999999999999,0.067,0.249,0.096,0.034,1.0,0.0,0.5,-0.183
492,Ge-Nb,1.7653621346886912,0.4125285895806861,0.8826810673443456,1.972677595628415,0.2240437158469943,0.9863387978142076,-0.7959999999999999,0.602,2.1873119288849625,0.8495983215084338,1.0936559644424813,2.8076923076923075,0.3461538461538461,1.4038461538461535,2.3015873015873014,0.0158730158730158,1.1507936507936507,0.8620000000000001,0.072,0.016,0.3,0.0839999999999999,0.022,1.125,0.125,0.5625,-0.213
493,Ge-Mo,1.972477763659466,0.6196442185514611,0.9862388818297332,2.278688524590164,0.0819672131147542,1.139344262295082,-0.888,0.6960000000000001,2.267371559506391,0.9296579521298622,1.1336857797531954,2.8461538461538463,0.3846153846153846,1.4230769230769231,2.246031746031746,0.0396825396825396,1.123015873015873,0.637,0.297,0.0409999999999999,0.275,0.0569999999999999,0.005,1.25,0.25,0.625,-0.211
494,Ge-Ru,2.2139008894536216,0.8610673443456162,1.1069504447268108,2.300546448087432,0.103825136612022,1.150273224043716,0.071,0.271,2.1078044336471304,0.7700908262706015,1.0539022168235652,2.923076923076923,0.4615384615384615,1.4615384615384617,2.2063492063492065,0.0793650793650793,1.1031746031746033,0.589,0.345,0.175,0.141,0.078,0.016,1.5,0.5,0.75,-0.013
495,Ge-Rh,2.252020330368488,0.8991867852604828,1.126010165184244,2.3442622950819665,0.1475409836065573,1.1721311475409832,0.417,0.635,1.903514341716589,0.5658007343400602,0.9517571708582944,2.9615384615384617,0.5,1.4807692307692308,2.2063492063492065,0.0793650793650793,1.1031746031746033,0.624,0.31,0.268,0.048,0.097,0.035,1.625,0.625,0.8125,0.081
496,Ge-Pd,2.2011944091486657,0.8483608640406607,1.1005972045743329,2.300546448087432,0.103825136612022,1.150273224043716,0.195,0.419,1.6781326781326782,0.3404190707561493,0.8390663390663391,3.0,0.5384615384615384,1.5,2.2301587301587302,0.0555555555555555,1.1150793650793651,0.761,0.173,0.375,0.059,0.137,0.075,1.75,0.75,0.875,0.143
497,Ge-Sn,1.602337992376112,0.2495044472681066,0.8011689961880559,2.169398907103825,0.0273224043715846,1.0846994535519126,-0.295,0.077,0.9477293432349612,0.3899842641415675,0.4738646716174806,3.1538461538461537,0.6923076923076923,1.5769230769230769,2.4365079365079363,0.1507936507936507,1.218253968253968,1.225,0.291,0.272,0.044,0.14,0.078,1.0,0.0,0.5,-0.401
498,Ge-Sb,1.5252096569250315,0.1723761118170266,0.7626048284625159,2.2185792349726774,0.0218579234972677,1.1092896174863387,-0.199,0.021,1.167864616403942,0.1698489909725865,0.5839323082019711,3.1923076923076925,0.7307692307692307,1.5961538461538465,2.4603174603174605,0.1746031746031746,1.2301587301587302,1.216,0.282,0.289,0.0269999999999999,0.089,0.027,1.125,0.125,0.5625,-0.573
499,Ge-Te,1.468284625158831,0.1154510800508259,0.7341423125794155,2.245901639344262,0.0491803278688526,1.122950819672131,-0.1669999999999999,0.049,1.0678629599977914,0.2698506473787373,0.5339314799988957,3.230769230769231,0.7692307692307693,1.6153846153846154,2.412698412698413,0.1269841269841269,1.2063492063492065,1.268,0.334,0.354,0.038,0.062,0.0,1.25,0.25,0.625,-0.644
500,Ge-Hf,2.366378653113088,1.0135451080050826,1.183189326556544,1.808743169398907,0.3879781420765025,0.9043715846994534,-0.622,0.422,2.0525908952875245,0.7148772879109957,1.0262954476437622,4.0,1.5384615384615383,2.0,2.4047619047619047,0.119047619047619,1.2023809523809523,1.113,0.179,0.01,0.306,0.104,0.0419999999999999,1.0,0.0,0.5,-0.202
501,Ge-Ta,2.7602795425667086,1.407445997458704,1.3801397712833543,1.9180327868852456,0.2786885245901638,0.9590163934426228,-0.818,0.624,2.4854650360268336,1.147751428650305,1.2427325180134168,4.038461538461538,1.5769230769230769,2.019230769230769,2.3015873015873014,0.0158730158730158,1.1507936507936507,0.788,0.146,-0.0219999999999999,0.3379999999999999,0.071,0.009,1.125,0.125,0.5625,-0.292
502,Ge-W,3.1287674714104194,1.7759339263024143,1.5643837357052095,2.0273224043715845,0.169398907103825,1.0136612021857925,-0.838,0.648,2.7046627833144687,1.36694917593794,1.3523313916572344,4.076923076923077,1.6153846153846154,2.0384615384615383,2.246031746031746,0.0396825396825396,1.123015873015873,0.5960000000000001,0.338,0.009,0.307,0.047,0.015,1.25,0.25,0.625,-0.328
503,Ge-Re,3.3193646759847524,1.9665311308767472,1.6596823379923762,2.1366120218579234,0.0601092896174862,1.0683060109289615,-0.706,0.518,2.578223780470972,1.2405101730944428,1.2891118902354857,4.115384615384615,1.6538461538461535,2.0576923076923075,2.2301587301587302,0.0555555555555555,1.1150793650793651,0.544,0.39,0.07,0.246,0.041,0.0209999999999999,1.375,0.375,0.6875,-0.302
504,Ge-Os,3.5464548919949173,2.1936213468869123,1.7732274459974586,2.300546448087432,0.103825136612022,1.150273224043716,-0.289,0.095,2.494299202164371,1.1565855947878418,1.2471496010821854,4.153846153846154,1.6923076923076923,2.076923076923077,2.2142857142857144,0.0714285714285714,1.1071428571428572,0.558,0.376,0.142,0.174,0.051,0.011,1.5,0.5,0.75,-0.202
505,Ge-Ir,3.5432782719186786,2.1904447268106737,1.7716391359593393,2.300546448087432,0.103825136612022,1.150273224043716,0.257,0.4649999999999999,2.1701957319934846,0.832482124616956,1.0850978659967423,4.1923076923076925,1.7307692307692308,2.0961538461538463,2.2222222222222223,0.0634920634920634,1.1111111111111112,0.6020000000000001,0.332,0.239,0.077,0.088,0.026,1.625,0.625,0.8125,-0.063
506,Ge-Pt,3.4083100381194407,2.055476493011436,1.7041550190597203,2.300546448087432,0.103825136612022,1.150273224043716,0.212,0.432,1.7959583689920768,0.458244761615548,0.8979791844960384,4.230769230769231,1.7692307692307692,2.1153846153846154,2.246031746031746,0.0396825396825396,1.123015873015873,0.7290000000000001,0.205,0.363,0.0469999999999999,0.125,0.063,1.75,0.75,0.875,-0.017
507,Ge-Au,3.1287674714104194,1.7759339263024143,1.5643837357052095,2.4098360655737703,0.2131147540983607,1.2049180327868851,0.02,0.244,1.4072440162327802,0.0695304088562514,0.7036220081163901,4.269230769230769,1.807692307692308,2.1346153846153846,2.2857142857142856,0.0,1.1428571428571428,0.924,0.01,0.4549999999999999,0.1389999999999999,0.169,0.107,1.875,0.875,0.9375,0.007
508,Ge-U,3.1033545108005085,1.7505209656925034,1.5516772554002545,2.0273224043715845,0.169398907103825,1.0136612021857925,-1.39,1.196,1.446346244099053,0.1086326367225243,0.7231731220495266,4.769230769230769,2.3076923076923075,2.3846153846153846,2.492063492063492,0.2063492063492063,1.246031746031746,1.715,0.7809999999999999,0.387,0.071,0.104,0.0419999999999999,1.25,0.25,0.625,-0.542
509,Ge-Np,3.2431257941550187,1.890292249047014,1.6215628970775091,1.808743169398907,0.3879781420765025,0.9043715846994534,-2.772,2.572,1.1752477707533888,0.16246583662314,0.5876238853766944,4.807692307692308,2.3461538461538463,2.4038461538461537,2.5,0.2142857142857142,1.25,1.753,0.819,0.405,0.089,0.086,0.024,1.375,0.375,0.6875,-0.515
510,As-As,1.4612452350698857,0.0,0.7306226175349428,2.3825136612021858,0.0,1.1912568306010929,-0.124,0.0,1.2038207768544849,0.0,0.6019103884272424,2.5384615384615383,0.0,1.2692307692307692,2.3492063492063493,0.0,1.1746031746031746,1.072,0.0,0.456,0.0,0.022,0.0,1.25,0.0,0.625,-0.433
511,As-Se,1.3429479034307494,0.1182973316391359,0.6714739517153747,2.584699453551913,0.2021857923497265,1.2923497267759565,-0.08,0.054,0.8747480882312344,0.3290726886232504,0.4373740441156172,2.576923076923077,0.0384615384615384,1.2884615384615383,2.2857142857142856,0.0634920634920634,1.1428571428571428,1.211,0.139,0.536,0.0799999999999999,0.025,0.003,1.375,0.125,0.6875,-0.266
512,As-Zr,1.5590851334180431,0.0978398983481575,0.7795425667090216,1.918032786885246,0.4644808743169399,0.959016393442623,-0.4609999999999999,0.363,1.7763851696435966,0.5725643927891119,0.8881925848217983,2.8076923076923075,0.2692307692307692,1.4038461538461535,2.4444444444444446,0.0952380952380952,1.2222222222222223,1.281,0.2089999999999999,0.137,0.319,0.076,0.054,1.125,0.125,0.5625,-0.089
513,As-Nb,1.819567979669632,0.3583227445997459,0.9097839898348158,2.065573770491804,0.3169398907103825,1.0327868852459017,-0.752,0.6559999999999999,2.1203655136239408,0.9165447367694558,1.0601827568119704,2.8461538461538463,0.3076923076923077,1.4230769230769231,2.333333333333333,0.0158730158730158,1.1666666666666667,0.931,0.141,0.086,0.37,0.064,0.0419999999999999,1.25,0.0,0.625,-0.152
514,As-Mo,2.0266836086404063,0.5654383735705208,1.0133418043202032,2.371584699453552,0.0109289617486338,1.185792349726776,-0.8490000000000001,0.751,2.200425144245369,0.9966043673908842,1.1002125721226843,2.8846153846153846,0.3461538461538461,1.4423076923076923,2.2777777777777777,0.0714285714285714,1.1388888888888888,0.7060000000000001,0.366,0.111,0.345,0.037,0.015,1.375,0.125,0.6875,-0.177
515,As-Ru,2.2681067344345616,0.8068614993646759,1.1340533672172808,2.39344262295082,0.0109289617486338,1.19672131147541,0.123,0.243,2.0408580183861083,0.8370372415316235,1.020429009193054,2.9615384615384617,0.4230769230769231,1.4807692307692308,2.238095238095238,0.1111111111111111,1.119047619047619,0.658,0.414,0.245,0.211,0.0579999999999999,0.036,1.625,0.375,0.8125,0.003
516,As-Rh,2.306226175349428,0.8449809402795426,1.153113087674714,2.4371584699453552,0.0546448087431692,1.2185792349726776,0.439,0.573,1.836567926455567,0.6327471496010821,0.9182839632277836,3.0,0.4615384615384615,1.5,2.238095238095238,0.1111111111111111,1.119047619047619,0.6930000000000001,0.379,0.338,0.118,0.077,0.055,1.75,0.5,0.875,0.079
517,As-Pd,2.255400254129606,0.7941550190597204,1.127700127064803,2.39344262295082,0.0109289617486338,1.19672131147541,0.2309999999999999,0.369,1.6111862628716562,0.4073654860171714,0.8055931314358281,3.0384615384615383,0.5,1.5192307692307692,2.261904761904762,0.0873015873015873,1.130952380952381,0.8300000000000001,0.242,0.445,0.011,0.1169999999999999,0.095,1.875,0.625,0.9375,0.118
518,As-Sn,1.656543837357052,0.1952986022871664,0.828271918678526,2.2622950819672134,0.1202185792349727,1.1311475409836067,-0.247,0.129,0.8807829279739392,0.3230378488805456,0.4403914639869696,3.1923076923076925,0.6538461538461539,1.5961538461538465,2.4682539682539684,0.119047619047619,1.2341269841269842,1.294,0.2219999999999999,0.342,0.114,0.12,0.098,1.125,0.125,0.5625,-0.469
519,As-Sb,1.579415501905972,0.1181702668360863,0.789707750952986,2.3114754098360657,0.0710382513661204,1.1557377049180328,-0.144,0.0319999999999999,1.1009182011429202,0.1029025757115645,0.5504591005714601,3.230769230769231,0.6923076923076923,1.6153846153846154,2.492063492063492,0.1428571428571428,1.246031746031746,1.285,0.2129999999999999,0.359,0.097,0.069,0.047,1.25,0.0,0.625,-0.619
520,As-Te,1.5224904701397712,0.0612452350698856,0.7612452350698856,2.33879781420765,0.0437158469945355,1.169398907103825,-0.1159999999999999,0.0039999999999999,1.0009165447367694,0.2029042321177153,0.5004582723683847,3.269230769230769,0.7307692307692307,1.6346153846153846,2.4444444444444446,0.0952380952380952,1.2222222222222223,1.3370000000000002,0.265,0.424,0.032,0.0419999999999999,0.02,1.375,0.125,0.6875,-0.642
521,As-Hf,2.420584498094028,0.9593392630241424,1.210292249047014,1.9016393442622952,0.4808743169398907,0.9508196721311476,-0.5680000000000001,0.47,1.9856444800265023,0.7818237031720178,0.9928222400132511,4.038461538461538,1.5,2.019230769230769,2.4365079365079363,0.0873015873015873,1.218253968253968,1.182,0.1099999999999999,0.08,0.376,0.0839999999999999,0.062,1.125,0.125,0.5625,-0.132
522,As-Ta,2.814485387547649,1.3532401524777635,1.4072426937738245,2.010928961748634,0.371584699453552,1.005464480874317,-0.771,0.6769999999999999,2.418518620765812,1.214697843911327,1.209259310382906,4.076923076923077,1.5384615384615383,2.0384615384615383,2.333333333333333,0.0158730158730158,1.1666666666666667,0.857,0.215,0.048,0.408,0.051,0.029,1.25,0.0,0.625,-0.249
523,As-W,3.18297331639136,1.721728081321474,1.59148665819568,2.1202185792349724,0.2622950819672132,1.0601092896174862,-0.798,0.702,2.6377163680534466,1.433895591198962,1.3188581840267233,4.115384615384615,1.5769230769230769,2.0576923076923075,2.2777777777777777,0.0714285714285714,1.1388888888888888,0.665,0.407,0.079,0.377,0.027,0.005,1.375,0.125,0.6875,-0.312
524,As-Re,3.3735705209656928,1.9123252858958069,1.6867852604828464,2.2295081967213117,0.1530054644808744,1.1147540983606556,-0.676,0.574,2.5112773652099496,1.3074565883554647,1.2556386826049748,4.153846153846154,1.6153846153846154,2.076923076923077,2.261904761904762,0.0873015873015873,1.130952380952381,0.613,0.459,0.14,0.316,0.0209999999999999,0.0009999999999999,1.5,0.25,0.75,-0.316
525,As-Os,3.6006607369758576,2.139415501905972,1.8003303684879288,2.39344262295082,0.0109289617486338,1.19672131147541,-0.2329999999999999,0.119,2.4273527869033487,1.223532010048864,1.2136763934516743,4.1923076923076925,1.6538461538461535,2.0961538461538463,2.246031746031746,0.1031746031746031,1.123015873015873,0.627,0.445,0.212,0.244,0.031,0.009,1.625,0.375,0.8125,-0.235
526,As-Ir,3.597484116899619,2.1362388818297333,1.7987420584498095,2.39344262295082,0.0109289617486338,1.19672131147541,0.2789999999999999,0.409,2.103249316732463,0.899428539877978,1.0516246583662314,4.230769230769231,1.6923076923076923,2.1153846153846154,2.253968253968254,0.0952380952380952,1.126984126984127,0.671,0.401,0.309,0.147,0.068,0.046,1.75,0.5,0.875,-0.101
527,As-Pt,3.462515883100381,2.001270648030496,1.7312579415501903,2.39344262295082,0.0109289617486338,1.19672131147541,0.246,0.384,1.7290119537310549,0.52519117687657,0.8645059768655274,4.269230769230769,1.7307692307692308,2.1346153846153846,2.2777777777777777,0.0714285714285714,1.1388888888888888,0.798,0.274,0.433,0.023,0.105,0.083,1.875,0.625,0.9375,-0.08
528,As-Au,3.18297331639136,1.721728081321474,1.59148665819568,2.5027322404371586,0.1202185792349725,1.2513661202185793,0.065,0.205,1.3402976009717582,0.1364768241172734,0.6701488004858791,4.307692307692308,1.7692307692307692,2.1538461538461537,2.3174603174603177,0.0317460317460317,1.1587301587301588,0.993,0.079,0.525,0.0689999999999999,0.149,0.127,2.0,0.75,1.0,-0.076
529,As-U,3.157560355781449,1.696315120711563,1.5787801778907244,2.1202185792349724,0.2622950819672132,1.0601092896174862,-1.321,1.243,1.3793998288380311,0.1755790519835463,0.6896999144190156,4.807692307692308,2.269230769230769,2.4038461538461537,2.523809523809524,0.1746031746031746,1.261904761904762,1.784,0.712,0.457,0.001,0.0839999999999999,0.062,1.375,0.125,0.6875,-0.473
530,As-Np,3.297331639135959,1.8360864040660736,1.6486658195679795,1.9016393442622952,0.4808743169398907,0.9508196721311476,-2.729,2.645,1.1083013554923669,0.095519421362118,0.5541506777461834,4.846153846153846,2.3076923076923075,2.423076923076923,2.531746031746032,0.1825396825396825,1.2658730158730158,1.822,0.75,0.475,0.0189999999999999,0.066,0.044,1.5,0.25,0.75,-0.434
531,Se-Se,1.2246505717916136,0.0,0.6123252858958068,2.786885245901639,0.0,1.3934426229508194,-0.044,0.0,0.5456753996079838,0.0,0.2728376998039919,2.6153846153846154,0.0,1.3076923076923077,2.2222222222222223,0.0,1.1111111111111112,1.35,0.0,0.616,0.0,0.028,0.0,1.5,0.0,0.75,-0.068
532,Se-Zr,1.440787801778907,0.2161372299872934,0.7203939008894535,2.1202185792349724,0.6666666666666665,1.0601092896174862,-0.422,0.42,1.4473124810203462,0.9016370814123624,0.7236562405101731,2.8461538461538463,0.2307692307692307,1.4230769230769231,2.380952380952381,0.1587301587301587,1.1904761904761905,1.42,0.0699999999999999,0.217,0.399,0.079,0.051,1.25,0.25,0.625,0.055
533,Se-Nb,1.7012706480304955,0.4766200762388818,0.8506353240152478,2.26775956284153,0.5191256830601091,1.133879781420765,-0.731,0.723,1.79129282500069,1.245617425392706,0.895646412500345,2.8846153846153846,0.2692307692307692,1.4423076923076923,2.2698412698412698,0.0476190476190476,1.1349206349206349,1.07,0.28,0.166,0.4499999999999999,0.067,0.039,1.375,0.125,0.6875,-0.07
534,Se-Mo,1.9083862770012705,0.6837357052096569,0.9541931385006353,2.5737704918032787,0.2131147540983604,1.286885245901639,-0.844,0.824,1.8713524556221184,1.3256770560141349,0.9356762278110592,2.923076923076923,0.3076923076923077,1.4615384615384617,2.2142857142857144,0.0079365079365079,1.1071428571428572,0.8450000000000001,0.505,0.191,0.425,0.04,0.0119999999999999,1.5,0.0,0.75,-0.142
535,Se-Ru,2.1498094027954258,0.925158831003812,1.0749047013977129,2.5956284153005464,0.1912568306010927,1.2978142076502732,0.15,0.1979999999999999,1.7117853297628578,1.166109930154874,0.8558926648814289,3.0,0.3846153846153846,1.5,2.1746031746031744,0.0476190476190476,1.0873015873015872,0.797,0.553,0.325,0.291,0.061,0.033,1.75,0.25,0.875,-0.002
536,Se-Rh,2.187928843710292,0.9632782719186784,1.093964421855146,2.639344262295082,0.1475409836065573,1.319672131147541,0.472,0.53,1.5074952378323163,0.9618198382243326,0.7537476189161583,3.0384615384615383,0.4230769230769231,1.5192307692307692,2.1746031746031744,0.0476190476190476,1.0873015873015872,0.8320000000000001,0.518,0.418,0.198,0.08,0.052,1.875,0.375,0.9375,0.058
537,Se-Pd,2.13710292249047,0.9124523506988564,1.068551461245235,2.5956284153005464,0.1912568306010927,1.2978142076502732,0.297,0.337,1.2821135742484056,0.7364381746404219,0.6410567871242028,3.076923076923077,0.4615384615384615,1.5384615384615383,2.1984126984126986,0.0238095238095238,1.0992063492063493,0.969,0.381,0.525,0.091,0.12,0.092,2.0,0.5,1.0,0.107
538,Se-Sn,1.538246505717916,0.3135959339263024,0.769123252858958,2.46448087431694,0.3224043715846993,1.23224043715847,-0.196,0.186,0.5517102393506887,0.0060348397427049,0.2758551196753444,3.230769230769231,0.6153846153846154,1.6153846153846154,2.4047619047619047,0.1825396825396825,1.2023809523809523,1.433,0.0829999999999999,0.422,0.194,0.123,0.095,1.25,0.25,0.625,-0.343
539,Se-Sb,1.461118170266836,0.2364675984752223,0.7305590851334179,2.513661202185792,0.2732240437158469,1.256830601092896,-0.098,0.0839999999999999,0.7718455125196697,0.2261701129116859,0.3859227562598348,3.269230769230769,0.6538461538461539,1.6346153846153846,2.4285714285714284,0.2063492063492063,1.2142857142857142,1.424,0.0739999999999999,0.439,0.177,0.072,0.044,1.375,0.125,0.6875,-0.449
540,Se-Te,1.4041931385006354,0.1795425667090216,0.7020965692503177,2.540983606557377,0.2459016393442621,1.2704918032786885,-0.078,0.054,0.6718438561135189,0.1261684565055351,0.3359219280567594,3.3076923076923075,0.6923076923076923,1.6538461538461535,2.380952380952381,0.1587301587301587,1.1904761904761905,1.476,0.126,0.504,0.1119999999999999,0.045,0.017,1.5,0.0,0.75,-0.427
541,Se-Hf,2.302287166454892,1.0776365946632784,1.151143583227446,2.1038251366120218,0.6830601092896174,1.0519125683060109,-0.528,0.528,1.656571791403252,1.110896391795268,0.828285895701626,4.076923076923077,1.4615384615384617,2.0384615384615383,2.373015873015873,0.1507936507936507,1.1865079365079363,1.3210000000000002,0.029,0.16,0.4559999999999999,0.087,0.059,1.25,0.25,0.625,-0.013
542,Se-Ta,2.696188055908513,1.4715374841168996,1.3480940279542566,2.2131147540983607,0.5737704918032785,1.1065573770491803,-0.747,0.741,2.0894459321425614,1.5437705325345774,1.044722966071281,4.115384615384615,1.5,2.0576923076923075,2.2698412698412698,0.0476190476190476,1.1349206349206349,0.996,0.354,0.128,0.488,0.054,0.026,1.375,0.125,0.6875,-0.183
543,Se-W,3.064675984752224,1.8400254129606104,1.5323379923761118,2.322404371584699,0.4644808743169398,1.1612021857923496,-0.787,0.771,2.308643679430196,1.7629682798222124,1.154321839715098,4.153846153846154,1.5384615384615383,2.076923076923077,2.2142857142857144,0.0079365079365079,1.1071428571428572,0.804,0.546,0.159,0.4569999999999999,0.03,0.002,1.5,0.0,0.75,-0.293
544,Se-Re,3.2552731893265565,2.030622617534943,1.6276365946632785,2.4316939890710376,0.355191256830601,1.2158469945355188,-0.669,0.639,2.182204676586699,1.6365292769787152,1.0911023382933496,4.1923076923076925,1.5769230769230769,2.0961538461538463,2.1984126984126986,0.0238095238095238,1.0992063492063493,0.752,0.5980000000000001,0.22,0.396,0.024,0.004,1.625,0.125,0.8125,-0.334
545,Se-Os,3.4823634053367214,2.257712833545108,1.7411817026683607,2.5956284153005464,0.1912568306010927,1.2978142076502732,-0.212,0.168,2.098280098280098,1.5526046986721145,1.049140049140049,4.230769230769231,1.6153846153846154,2.1153846153846154,2.1825396825396823,0.0396825396825396,1.0912698412698412,0.766,0.5840000000000001,0.292,0.324,0.034,0.006,1.75,0.25,0.875,-0.271
546,Se-Ir,3.4791867852604828,2.254536213468869,1.7395933926302414,2.5956284153005464,0.1912568306010927,1.2978142076502732,0.301,0.359,1.7741766281092124,1.2285012285012284,0.8870883140546062,4.269230769230769,1.6538461538461535,2.1346153846153846,2.1904761904761907,0.0317460317460317,1.0952380952380951,0.81,0.54,0.389,0.2269999999999999,0.071,0.043,1.875,0.375,0.9375,-0.152
547,Se-Pt,3.344218551461245,2.119567979669632,1.6721092757306226,2.5956284153005464,0.1912568306010927,1.2978142076502732,0.307,0.353,1.3999392651078044,0.8542638654998204,0.6999696325539022,4.307692307692308,1.6923076923076923,2.1538461538461537,2.2142857142857144,0.0079365079365079,1.1071428571428572,0.937,0.413,0.513,0.103,0.108,0.08,2.0,0.5,1.0,-0.119
548,Se-Au,3.064675984752224,1.8400254129606104,1.5323379923761118,2.704918032786885,0.081967213114754,1.3524590163934425,0.133,0.1629999999999999,1.0112249123485078,0.4655495127405239,0.5056124561742539,4.346153846153846,1.7307692307692308,2.173076923076923,2.253968253968254,0.0317460317460317,1.126984126984127,1.132,0.218,0.605,0.011,0.152,0.124,2.125,0.625,1.0625,-0.055
549,Se-U,3.0392630241423126,1.8146124523506992,1.5196315120711563,2.322404371584699,0.4644808743169398,1.1612021857923496,-1.357,1.357,1.050327140214781,0.5046517406067969,0.5251635701073903,4.846153846153846,2.230769230769231,2.423076923076923,2.4603174603174605,0.238095238095238,1.2301587301587302,1.923,0.573,0.537,0.0789999999999999,0.087,0.059,1.5,0.0,0.75,-0.279
550,Se-Np,3.1790343074968237,1.9543837357052096,1.5895171537484116,2.1038251366120218,0.6830601092896174,1.0519125683060109,-2.762,2.756,0.7792286668691163,0.2335532672611324,0.3896143334345581,4.884615384615385,2.269230769230769,2.4423076923076925,2.4682539682539684,0.246031746031746,1.2341269841269842,1.961,0.611,0.5549999999999999,0.061,0.069,0.041,1.625,0.125,0.8125,-0.211
551,Zr-Zr,1.6569250317662003,0.0,0.8284625158831003,1.453551912568306,0.0,0.726775956284153,-0.884,0.0,2.3489495624327086,0.0,1.1744747812163543,3.076923076923077,0.0,1.5384615384615383,2.5396825396825395,0.0,1.2698412698412698,1.49,0.0,-0.182,0.0,0.13,0.0,1.0,0.0,0.5,-0.497
552,Zr-Nb,1.917407878017789,0.2604828462515884,0.9587039390088944,1.6010928961748634,0.1475409836065573,0.8005464480874317,-1.127,0.287,2.6929299064130525,0.3439803439803439,1.3464649532065265,3.1153846153846154,0.0384615384615384,1.5576923076923077,2.4285714285714284,0.1111111111111111,1.2142857142857142,1.14,0.35,-0.2329999999999999,0.0509999999999999,0.118,0.012,1.125,0.125,0.5625,-0.456
553,Zr-Mo,2.124523506988564,0.4675984752223633,1.062261753494282,1.907103825136612,0.453551912568306,0.953551912568306,-1.141,0.3409999999999999,2.772989537034481,0.4240399746017723,1.3864947685172404,3.1538461538461537,0.0769230769230769,1.5769230769230769,2.373015873015873,0.1666666666666666,1.1865079365079363,0.915,0.575,-0.208,0.026,0.091,0.039,1.25,0.25,0.625,-0.398
554,Zr-Ru,2.3659466327827188,0.7090216010165185,1.1829733163913594,1.92896174863388,0.4754098360655738,0.96448087431694,-0.079,0.687,2.61342241117522,0.2644728487425116,1.30671120558761,3.230769230769231,0.1538461538461538,1.6153846153846154,2.333333333333333,0.2063492063492063,1.1666666666666667,0.867,0.623,-0.074,0.108,0.112,0.018,1.5,0.5,0.75,-0.07
555,Zr-Rh,2.404066073697586,0.7471410419313851,1.202033036848793,1.972677595628415,0.5191256830601091,0.9863387978142076,0.2079999999999999,1.002,2.4091323192446787,0.0601827568119702,1.2045661596223394,3.269230769230769,0.1923076923076923,1.6346153846153846,2.333333333333333,0.2063492063492063,1.1666666666666667,0.902,0.588,0.019,0.201,0.131,0.001,1.625,0.625,0.8125,0.026
556,Zr-Pd,2.353240152477764,0.696315120711563,1.176620076238882,1.92896174863388,0.4754098360655738,0.96448087431694,-0.051,0.753,2.183750655660768,0.1651989067719405,1.091875327830384,3.3076923076923075,0.2307692307692307,1.6538461538461535,2.357142857142857,0.1825396825396825,1.1785714285714286,1.039,0.451,0.126,0.308,0.1709999999999999,0.0409999999999999,1.75,0.75,0.875,-0.019
557,Zr-Sn,1.7543837357052094,0.0974587039390089,0.8771918678526047,1.7978142076502732,0.3442622950819671,0.8989071038251366,-0.594,0.24,1.453347320763051,0.8956022416696574,0.7266736603815255,3.4615384615384617,0.3846153846153846,1.7307692307692308,2.563492063492064,0.0238095238095238,1.281746031746032,1.503,0.013,0.023,0.205,0.174,0.044,1.0,0.0,0.5,-0.427
558,Zr-Sb,1.6772554002541296,0.0203303684879288,0.8386277001270648,1.8469945355191253,0.3934426229508195,0.9234972677595628,-0.487,0.3389999999999999,1.673482593932032,0.6754669685006763,0.836741296966016,3.5,0.4230769230769231,1.75,2.5873015873015874,0.0476190476190476,1.2936507936507935,1.494,0.004,0.04,0.222,0.123,0.0069999999999999,1.125,0.125,0.5625,-0.423
559,Zr-Te,1.6203303684879289,0.0365946632782718,0.8101651842439643,1.8743169398907105,0.4207650273224043,0.9371584699453552,-0.4649999999999999,0.365,1.5734809375258811,0.7754686249068272,0.7867404687629406,3.5384615384615383,0.4615384615384615,1.7692307692307692,2.5396825396825395,0.0,1.2698412698412698,1.546,0.056,0.105,0.287,0.096,0.034,1.25,0.25,0.625,-0.375
560,Zr-Hf,2.5184243964421853,0.8614993646759849,1.2592121982210926,1.437158469945355,0.0163934426229508,0.7185792349726775,-1.001,0.1249999999999999,2.5582088728156145,0.2092593103829058,1.2791044364078072,4.307692307692308,1.2307692307692308,2.1538461538461537,2.531746031746032,0.0079365079365079,1.2658730158730158,1.391,0.0989999999999999,-0.239,0.0569999999999999,0.138,0.0079999999999999,1.0,0.0,0.5,-0.511
561,Zr-Ta,2.912325285895806,1.255400254129606,1.456162642947903,1.546448087431694,0.0928961748633879,0.773224043715847,-1.162,0.324,2.991083013554924,0.6421334511222151,1.4955415067774618,4.346153846153846,1.2692307692307692,2.173076923076923,2.4285714285714284,0.1111111111111111,1.2142857142857142,1.066,0.424,-0.271,0.089,0.105,0.025,1.125,0.125,0.5625,-0.525
562,Zr-W,3.280813214739517,1.6238881829733165,1.6404066073697583,1.6557377049180328,0.2021857923497267,0.8278688524590164,-1.126,0.3219999999999999,3.2102807608425588,0.8613311984098501,1.6051403804212794,4.384615384615385,1.3076923076923077,2.1923076923076925,2.373015873015873,0.1666666666666666,1.1865079365079363,0.874,0.616,-0.24,0.0579999999999999,0.081,0.049,1.25,0.25,0.625,-0.501
563,Zr-Re,3.47141041931385,1.8144853875476492,1.735705209656925,1.7650273224043715,0.3114754098360655,0.8825136612021858,-0.912,0.148,3.0838417579990614,0.7348921955663529,1.541920878999531,4.423076923076923,1.3461538461538465,2.2115384615384617,2.357142857142857,0.1825396825396825,1.1785714285714286,0.822,0.668,-0.179,0.003,0.075,0.055,1.375,0.375,0.6875,-0.427
564,Zr-Os,3.698500635324015,2.0415756035578143,1.8492503176620076,1.92896174863388,0.4754098360655738,0.96448087431694,-0.441,0.309,2.9999171796924604,0.650967617259752,1.4999585898462302,4.461538461538462,1.3846153846153846,2.230769230769231,2.3412698412698414,0.1984126984126984,1.1706349206349207,0.836,0.654,-0.107,0.075,0.085,0.045,1.5,0.5,0.75,-0.256
565,Zr-Ir,3.695324015247776,2.038398983481576,1.847662007623888,1.92896174863388,0.4754098360655738,0.96448087431694,0.0499999999999999,0.8220000000000001,2.6758137095215746,0.3268641470888662,1.3379068547607873,4.5,1.4230769230769231,2.25,2.3492063492063493,0.1904761904761904,1.1746031746031746,0.88,0.61,-0.0099999999999999,0.172,0.122,0.008,1.625,0.625,0.8125,-0.067
566,Zr-Pt,3.5603557814485387,1.903430749682338,1.7801778907242694,1.92896174863388,0.4754098360655738,0.96448087431694,-0.027,0.767,2.301576346520166,0.0473732159125418,1.150788173260083,4.538461538461538,1.4615384615384617,2.269230769230769,2.373015873015873,0.1666666666666666,1.1865079365079363,1.007,0.483,0.1139999999999999,0.296,0.159,0.0289999999999999,1.75,0.75,0.875,-0.063
567,Zr-Au,3.280813214739517,1.6238881829733165,1.6404066073697583,2.0382513661202184,0.5846994535519124,1.0191256830601092,-0.243,0.5650000000000001,1.9128619937608704,0.4360875686718384,0.9564309968804352,4.576923076923077,1.5,2.2884615384615383,2.412698412698413,0.1269841269841269,1.2063492063492065,1.202,0.288,0.206,0.388,0.203,0.073,1.875,0.875,0.9375,-0.164
568,Zr-U,3.255400254129606,1.5984752223634056,1.627700127064803,1.6557377049180328,0.2021857923497267,0.8278688524590164,-1.808,0.916,1.951964221627143,0.3969853408055655,0.9759821108135714,5.076923076923077,2.0,2.5384615384615383,2.619047619047619,0.0793650793650793,1.3095238095238095,1.993,0.503,0.138,0.32,0.138,0.0079999999999999,1.25,0.25,0.625,-0.591
569,Zr-Np,3.3951715374841167,1.7382465057179162,1.6975857687420584,1.437158469945355,0.0163934426229508,0.7185792349726775,-3.17,2.272,1.6808657482814786,0.6680838141512299,0.8404328741407393,5.115384615384615,2.0384615384615383,2.5576923076923075,2.626984126984127,0.0873015873015873,1.3134920634920637,2.031,0.541,0.156,0.3379999999999999,0.12,0.01,1.375,0.375,0.6875,-0.51
570,Nb-Nb,2.177890724269377,0.0,1.0889453621346887,1.7486338797814207,0.0,0.8743169398907104,-1.354,0.0,3.0369102503933965,0.0,1.5184551251966982,3.1538461538461537,0.0,1.5769230769230769,2.3174603174603177,0.0,1.1587301587301588,0.79,0.0,-0.284,0.0,0.106,0.0,1.25,0.0,0.625,-0.435
571,Nb-Mo,2.3850063532401524,0.2071156289707749,1.1925031766200762,2.054644808743169,0.3060109289617486,1.0273224043715847,-1.356,0.0519999999999999,3.1169698810148248,0.0800596306214283,1.5584849405074124,3.1923076923076925,0.0384615384615384,1.5961538461538465,2.261904761904762,0.0555555555555555,1.130952380952381,0.5650000000000001,0.225,-0.259,0.0249999999999999,0.079,0.027,1.375,0.125,0.6875,-0.392
572,Nb-Ru,2.626429479034308,0.44853875476493,1.3132147395171538,2.076502732240437,0.3278688524590164,1.0382513661202186,-0.337,0.959,2.957402755155564,0.0795074952378323,1.478701377577782,3.269230769230769,0.1153846153846153,1.6346153846153846,2.2222222222222223,0.0952380952380952,1.1111111111111112,0.517,0.273,-0.1249999999999999,0.1589999999999999,0.1,0.0059999999999999,1.625,0.375,0.8125,-0.091
573,Nb-Rh,2.664548919949174,0.4866581956797967,1.332274459974587,2.1202185792349724,0.3715846994535517,1.0601092896174862,-0.09,1.274,2.7531126632250227,0.2837975871683736,1.3765563316125111,3.3076923076923075,0.1538461538461538,1.6538461538461535,2.2222222222222223,0.0952380952380952,1.1111111111111112,0.552,0.238,-0.0319999999999999,0.252,0.119,0.013,1.75,0.5,0.875,-0.049
574,Nb-Pd,2.613722998729352,0.4358322744599745,1.306861499364676,2.076502732240437,0.3278688524590164,1.0382513661202186,-0.352,1.0459999999999998,2.527730999641112,0.5091792507522844,1.263865499820556,3.3461538461538463,0.1923076923076923,1.6730769230769231,2.246031746031746,0.0714285714285714,1.123015873015873,0.6890000000000001,0.101,0.075,0.359,0.159,0.053,1.875,0.625,0.9375,-0.131
575,Nb-Sn,2.014866581956798,0.1630241423125794,1.007433290978399,1.9453551912568303,0.1967213114754097,0.9726775956284152,-0.8719999999999999,0.526,1.797327664743395,1.2395825856500011,0.8986638323716974,3.5,0.3461538461538461,1.75,2.452380952380953,0.1349206349206349,1.2261904761904765,1.153,0.363,-0.0279999999999999,0.256,0.162,0.056,1.125,0.125,0.5625,-0.413
576,Nb-Sb,1.9377382465057176,0.2401524777636595,0.9688691232528588,1.9945355191256828,0.2459016393442621,0.9972677595628414,-0.7689999999999999,0.623,2.017462937912376,1.0194473124810204,1.008731468956188,3.5384615384615383,0.3846153846153846,1.7692307692307692,2.4761904761904763,0.1587301587301587,1.238095238095238,1.144,0.354,-0.0109999999999999,0.273,0.111,0.005,1.25,0.0,0.625,-0.411
577,Nb-Te,1.880813214739517,0.2970775095298602,0.9404066073697586,2.021857923497268,0.2732240437158469,1.010928961748634,-0.754,0.6519999999999999,1.9174612815062253,1.1194489688871712,0.9587306407531128,3.576923076923077,0.4230769230769231,1.7884615384615383,2.4285714285714284,0.1111111111111111,1.2142857142857142,1.1960000000000002,0.406,0.054,0.3379999999999999,0.0839999999999999,0.022,1.375,0.125,0.6875,-0.388
578,Nb-Hf,2.7789072426937738,0.6010165184243965,1.3894536213468869,1.5846994535519128,0.1639344262295082,0.7923497267759564,-1.245,0.1669999999999999,2.9021892167959584,0.1347210335974381,1.4510946083979792,4.346153846153846,1.1923076923076923,2.173076923076923,2.4206349206349205,0.1031746031746031,1.2103174603174602,1.041,0.251,-0.29,0.006,0.126,0.0199999999999999,1.125,0.125,0.5625,-0.458
579,Nb-Ta,3.172808132147395,0.9949174078780176,1.5864040660736975,1.6939890710382512,0.0546448087431694,0.8469945355191256,-1.406,0.0399999999999999,3.3350633575352675,0.2981531071418711,1.6675316787676338,4.384615384615385,1.2307692307692308,2.1923076923076925,2.3174603174603177,0.0,1.1587301587301588,0.716,0.074,-0.3219999999999999,0.038,0.093,0.0129999999999999,1.25,0.0,0.625,-0.475
580,Nb-W,3.541296060991105,1.363405336721728,1.7706480304955527,1.80327868852459,0.0546448087431693,0.901639344262295,-1.356,0.0379999999999999,3.5542611048229027,0.5173508544295061,1.7771305524114511,4.423076923076923,1.2692307692307692,2.2115384615384617,2.261904761904762,0.0555555555555555,1.130952380952381,0.524,0.266,-0.291,0.007,0.069,0.037,1.375,0.125,0.6875,-0.46
581,Nb-Re,3.7318932655654384,1.554002541296061,1.8659466327827192,1.9125683060109289,0.1639344262295081,0.9562841530054644,-1.131,0.129,3.4278221019794053,0.3909118515860089,1.7139110509897026,4.461538461538462,1.3076923076923077,2.230769230769231,2.246031746031746,0.0714285714285714,1.123015873015873,0.472,0.318,-0.2299999999999999,0.0539999999999999,0.063,0.043,1.5,0.25,0.75,-0.387
582,Nb-Os,3.9589834815756033,1.781092757306226,1.9794917407878017,2.076502732240437,0.3278688524590164,1.0382513661202186,-0.671,0.587,3.3438975236728044,0.3069872732794081,1.6719487618364022,4.5,1.3461538461538465,2.25,2.2301587301587302,0.0873015873015873,1.1150793650793651,0.486,0.304,-0.1579999999999999,0.126,0.073,0.033,1.625,0.375,0.8125,-0.237
583,Nb-Ir,3.9558068614993647,1.7779161372299874,1.9779034307496823,2.076502732240437,0.3278688524590164,1.0382513661202186,-0.244,1.088,3.0197940535019185,0.0171161968914777,1.5098970267509593,4.538461538461538,1.3846153846153846,2.269230769230769,2.238095238095238,0.0793650793650793,1.119047619047619,0.53,0.26,-0.0609999999999999,0.2229999999999999,0.11,0.004,1.75,0.5,0.875,-0.094
584,Nb-Pt,3.820838627700127,1.6429479034307497,1.910419313850064,2.076502732240437,0.3278688524590164,1.0382513661202186,-0.322,1.052,2.6455566905005106,0.3913535598928858,1.3227783452502553,4.576923076923077,1.4230769230769231,2.2884615384615383,2.261904761904762,0.0555555555555555,1.130952380952381,0.657,0.133,0.063,0.347,0.147,0.041,1.875,0.625,0.9375,-0.147
585,Nb-Au,3.541296060991105,1.363405336721728,1.7706480304955527,2.185792349726776,0.437158469945355,1.092896174863388,-0.5249999999999999,0.855,2.256842337741214,0.7800679126521823,1.128421168870607,4.615384615384615,1.4615384615384617,2.3076923076923075,2.3015873015873014,0.0158730158730158,1.1507936507936507,0.8520000000000001,0.062,0.155,0.4389999999999999,0.191,0.085,2.0,0.75,1.0,-0.276
586,Nb-U,3.5158831003811946,1.337992376111817,1.7579415501905973,1.80327868852459,0.0546448087431693,0.901639344262295,-2.0380000000000003,0.6380000000000001,2.295944565607487,0.7409656847859095,1.1479722828037435,5.115384615384615,1.9615384615384612,2.5576923076923075,2.507936507936508,0.1904761904761904,1.253968253968254,1.643,0.853,0.087,0.371,0.126,0.0199999999999999,1.375,0.125,0.6875,-0.602
587,Nb-Np,3.655654383735705,1.4777636594663277,1.8278271918678528,1.5846994535519128,0.1639344262295082,0.7923497267759564,-3.36,1.964,2.0248460922618228,1.012064158131574,1.0124230461309114,5.153846153846154,2.0,2.576923076923077,2.515873015873016,0.1984126984126984,1.257936507936508,1.681,0.891,0.105,0.389,0.108,0.002,1.5,0.25,0.75,-0.53
588,Mo-Mo,2.592121982210928,0.0,1.2960609911054637,2.360655737704918,0.0,1.180327868852459,-1.331,0.001,3.197029511636253,0.0,1.5985147558181263,3.230769230769231,0.0,1.6153846153846154,2.2063492063492065,0.0,1.1031746031746033,0.34,0.0,-0.234,0.0,0.052,0.0,1.5,0.0,0.75,-0.349
589,Mo-Ru,2.833545108005082,0.241423125794155,1.416772554002541,2.3825136612021858,0.0218579234972677,1.1912568306010929,-0.412,1.022,3.0374623857769927,0.1595671258592607,1.5187311928884963,3.3076923076923075,0.0769230769230769,1.6538461538461535,2.1666666666666665,0.0396825396825396,1.0833333333333333,0.292,0.048,-0.1,0.134,0.073,0.021,1.75,0.25,0.875,-0.096
590,Mo-Rh,2.871664548919949,0.2795425667090217,1.4358322744599747,2.426229508196721,0.065573770491803,1.2131147540983604,-0.19,1.348,2.833172293846451,0.363857217789802,1.4165861469232257,3.3461538461538463,0.1153846153846153,1.6730769230769231,2.1666666666666665,0.0396825396825396,1.0833333333333333,0.327,0.013,-0.007,0.227,0.092,0.04,1.875,0.375,0.9375,-0.114
591,Mo-Pd,2.8208386277001267,0.2287166454891995,1.4104193138500634,2.3825136612021858,0.0218579234972677,1.1912568306010929,-0.434,1.136,2.6077906302625404,0.5892388813737128,1.3038953151312702,3.3846153846153846,0.1538461538461538,1.6923076923076923,2.1904761904761907,0.0158730158730158,1.0952380952380951,0.4639999999999999,0.1239999999999999,0.0999999999999999,0.334,0.132,0.08,2.0,0.5,1.0,-0.22
592,Mo-Sn,2.221982210927573,0.3701397712833544,1.1109911054637864,2.251366120218579,0.1092896174863388,1.1256830601092895,-0.95,0.6060000000000001,1.8773872953648236,1.31964221627143,0.9386936476824116,3.5384615384615383,0.3076923076923077,1.7692307692307692,2.3968253968253967,0.1904761904761904,1.1984126984126984,0.928,0.588,-0.003,0.231,0.135,0.083,1.25,0.25,0.625,-0.353
593,Mo-Sb,2.144853875476493,0.4472681067344345,1.0724269377382465,2.300546448087432,0.0601092896174865,1.150273224043716,-0.845,0.6990000000000001,2.097522568533804,1.099506943102449,1.048761284266902,3.576923076923077,0.3461538461538461,1.7884615384615383,2.4206349206349205,0.2142857142857142,1.2103174603174602,0.919,0.579,0.0139999999999999,0.248,0.084,0.032,1.375,0.125,0.6875,-0.368
594,Mo-Te,2.087928843710292,0.5041931385006352,1.043964421855146,2.3278688524590163,0.0327868852459016,1.1639344262295082,-0.8360000000000001,0.728,1.9975209121276536,1.1995085995085997,0.9987604560638268,3.615384615384616,0.3846153846153846,1.807692307692308,2.373015873015873,0.1666666666666666,1.1865079365079363,0.971,0.631,0.079,0.313,0.0569999999999999,0.005,1.5,0.0,0.75,-0.37
595,Mo-Hf,2.9860228716645487,0.3939008894536215,1.4930114358322744,1.890710382513661,0.4699453551912568,0.9453551912568304,-1.275,0.2229999999999999,2.9822488474173867,0.2147806642188664,1.4911244237086934,4.384615384615385,1.1538461538461535,2.1923076923076925,2.365079365079365,0.1587301587301587,1.1825396825396826,0.8160000000000001,0.476,-0.265,0.0309999999999999,0.0989999999999999,0.047,1.25,0.25,0.625,-0.375
596,Mo-Ta,3.37992376111817,0.7878017789072426,1.689961880559085,2.0,0.3606557377049181,1.0,-1.414,0.01,3.415122988156696,0.2180934765204428,1.707561494078348,4.423076923076923,1.1923076923076923,2.2115384615384617,2.261904761904762,0.0555555555555555,1.130952380952381,0.491,0.151,-0.297,0.0629999999999999,0.066,0.014,1.375,0.125,0.6875,-0.397
597,Mo-W,3.748411689961881,1.156289707750953,1.87420584498094,2.109289617486339,0.2513661202185793,1.0546448087431697,-1.3290000000000002,0.009,3.634320735444331,0.4372912238080777,1.8171603677221653,4.461538461538462,1.2307692307692308,2.230769230769231,2.2063492063492065,0.0,1.1031746031746033,0.299,0.041,-0.266,0.0319999999999999,0.0419999999999999,0.0099999999999999,1.5,0.0,0.75,-0.391
598,Mo-Re,3.939008894536213,1.346886912325286,1.9695044472681067,2.218579234972678,0.1420765027322405,1.109289617486339,-1.126,0.17,3.5078817326008336,0.3108522209645805,1.7539408663004168,4.5,1.2692307692307692,2.25,2.1904761904761907,0.0158730158730158,1.0952380952380951,0.247,0.093,-0.205,0.029,0.036,0.016,1.625,0.125,0.8125,-0.34
599,Mo-Os,4.166099110546378,1.5739771283354511,2.083049555273189,2.3825136612021858,0.0218579234972677,1.1912568306010929,-0.687,0.663,3.423957154294233,0.2269276426579797,1.7119785771471163,4.538461538461538,1.3076923076923077,2.269230769230769,2.1746031746031744,0.0317460317460317,1.0873015873015872,0.261,0.079,-0.133,0.101,0.046,0.0059999999999999,1.75,0.25,0.875,-0.227
600,Mo-Ir,4.16292249047014,1.5708005082592122,2.08146124523507,2.3825136612021858,0.0218579234972677,1.1912568306010929,-0.3349999999999999,1.147,3.099853684123347,0.0971758275129061,1.5499268420616734,4.576923076923077,1.3461538461538465,2.2884615384615383,2.1825396825396823,0.0238095238095238,1.0912698412698412,0.305,0.035,-0.036,0.198,0.083,0.031,1.875,0.375,0.9375,-0.135
601,Mo-Pt,4.027954256670902,1.4358322744599747,2.013977128335451,2.3825136612021858,0.0218579234972677,1.1912568306010929,-0.399,1.133,2.725616321121939,0.4714131905143142,1.3628081605609694,4.615384615384615,1.3846153846153846,2.3076923076923075,2.2063492063492065,0.0,1.1031746031746033,0.432,0.092,0.0879999999999999,0.322,0.12,0.068,2.0,0.5,1.0,-0.233
602,Mo-Au,3.748411689961881,1.156289707750953,1.87420584498094,2.4918032786885247,0.1311475409836064,1.2459016393442623,-0.599,0.933,2.336901968362642,0.8601275432736107,1.168450984181321,4.653846153846154,1.4230769230769231,2.326923076923077,2.246031746031746,0.0396825396825396,1.123015873015873,0.627,0.287,0.18,0.414,0.164,0.112,2.125,0.625,1.0625,-0.371
603,Mo-U,3.7229987293519695,1.130876747141042,1.8614993646759848,2.109289617486339,0.2513661202185793,1.0546448087431697,-1.99,0.6020000000000001,2.376004196228916,0.8210253154073378,1.1880020981144577,5.153846153846154,1.9230769230769231,2.576923076923077,2.452380952380953,0.246031746031746,1.2261904761904765,1.418,1.078,0.112,0.346,0.0989999999999999,0.047,1.5,0.0,0.75,-0.583
604,Mo-Np,3.86277001270648,1.2706480304955527,1.93138500635324,1.890710382513661,0.4699453551912568,0.9453551912568304,-3.286,1.91,2.104905722883251,1.0921237887530022,1.0524528614416255,5.1923076923076925,1.9615384615384612,2.5961538461538463,2.4603174603174605,0.2539682539682539,1.2301587301587302,1.456,1.116,0.13,0.364,0.081,0.029,1.625,0.125,0.8125,-0.527
605,Ru-Ru,3.074968233799237,0.0,1.5374841168996187,2.4043715846994536,0.0,1.2021857923497268,0.3,0.0,2.877895259917732,0.0,1.438947629958866,3.3846153846153846,0.0,1.6923076923076923,2.126984126984127,0.0,1.0634920634920637,0.244,0.0,0.034,0.0,0.094,0.0,2.0,0.0,1.0,-0.083
606,Ru-Rh,3.1130876747141043,0.0381194409148666,1.5565438373570522,2.448087431693989,0.0437158469945353,1.2240437158469946,0.817,0.399,2.6736051679871906,0.2042900919305413,1.3368025839935953,3.423076923076923,0.0384615384615384,1.7115384615384617,2.126984126984127,0.0,1.0634920634920637,0.279,0.035,0.127,0.093,0.113,0.019,2.125,0.125,1.0625,-0.19
607,Ru-Pd,3.0622617534942824,0.0127064803049554,1.5311308767471412,2.4043715846994536,0.0,1.2021857923497268,0.692,0.104,2.44822350440328,0.4296717555144521,1.2241117522016398,3.4615384615384617,0.0769230769230769,1.7307692307692308,2.1507936507936507,0.0238095238095238,1.0753968253968254,0.416,0.172,0.2339999999999999,0.2,0.153,0.059,2.25,0.25,1.125,-0.254
608,Ru-Sn,2.463405336721728,0.6115628970775094,1.231702668360864,2.273224043715847,0.1311475409836066,1.1366120218579234,0.018,0.364,1.7178201695055626,1.160075090412169,0.8589100847527813,3.615384615384616,0.2307692307692307,1.807692307692308,2.357142857142857,0.2301587301587301,1.1785714285714286,0.88,0.636,0.131,0.097,0.156,0.062,1.5,0.5,0.75,-0.079
609,Ru-Sb,2.386277001270648,0.6886912325285895,1.193138500635324,2.322404371584699,0.0819672131147542,1.1612021857923496,0.155,0.313,1.937955442674544,0.939939817243188,0.9689777213372718,3.6538461538461537,0.2692307692307692,1.8269230769230769,2.380952380952381,0.2539682539682539,1.1904761904761905,0.871,0.627,0.148,0.114,0.105,0.011,1.625,0.375,0.8125,-0.088
610,Ru-Te,2.329351969504448,0.7456162642947902,1.1646759847522237,2.3497267759562845,0.0546448087431694,1.1748633879781425,0.186,0.318,1.8379537862683928,1.0399414736493389,0.9189768931341964,3.692307692307693,0.3076923076923077,1.8461538461538465,2.333333333333333,0.2063492063492063,1.1666666666666667,0.923,0.679,0.213,0.179,0.078,0.016,1.75,0.25,0.875,-0.101
611,Ru-Hf,3.2274459974587035,0.1524777636594664,1.6137229987293518,1.9125683060109289,0.4918032786885246,0.9562841530054644,-0.2309999999999999,0.773,2.822681721558126,0.0552135383596057,1.411340860779063,4.461538461538462,1.0769230769230769,2.230769230769231,2.3253968253968256,0.1984126984126984,1.1626984126984128,0.768,0.524,-0.131,0.1649999999999999,0.12,0.0259999999999999,1.5,0.5,0.75,-0.033
612,Ru-Ta,3.621346886912325,0.5463786531130875,1.8106734434561629,2.021857923497268,0.3825136612021859,1.010928961748634,-0.383,0.991,3.2555558622974354,0.3776606023797035,1.6277779311487175,4.5,1.1153846153846154,2.25,2.2222222222222223,0.0952380952380952,1.1111111111111112,0.443,0.199,-0.1629999999999999,0.197,0.087,0.0069999999999999,1.625,0.375,0.8125,-0.07
613,Ru-W,3.9898348157560353,0.914866581956798,1.9949174078780176,2.1311475409836067,0.2732240437158471,1.0655737704918034,-0.36,1.014,3.47475360958507,0.5968583496673384,1.737376804792535,4.538461538461538,1.1538461538461535,2.269230769230769,2.1666666666666665,0.0396825396825396,1.0833333333333333,0.251,0.007,-0.132,0.1659999999999999,0.063,0.031,1.75,0.25,0.875,-0.104
614,Ru-Re,4.180432020330368,1.105463786531131,2.090216010165184,2.240437158469945,0.1639344262295083,1.1202185792349726,-0.247,0.857,3.3483146067415728,0.4704193468238412,1.6741573033707864,4.576923076923077,1.1923076923076923,2.2884615384615383,2.1507936507936507,0.0238095238095238,1.0753968253968254,0.199,0.045,-0.071,0.105,0.057,0.037,1.875,0.125,0.9375,-0.129
615,Ru-Os,4.407522236340533,1.332554002541296,2.2037611181702665,2.4043715846994536,0.0,1.2021857923497268,0.06,0.382,3.2643900284349723,0.3864947685172404,1.632195014217486,4.615384615384615,1.2307692307692308,2.3076923076923075,2.134920634920635,0.0079365079365079,1.0674603174603174,0.213,0.031,0.001,0.033,0.067,0.027,2.0,0.0,1.0,-0.141
616,Ru-Ir,4.404345616264295,1.3293773824650572,2.2021728081321474,2.4043715846994536,0.0,1.2021857923497268,0.592,0.168,2.9402865582640865,0.0623912983463545,1.4701432791320432,4.653846153846154,1.2692307692307692,2.326923076923077,2.142857142857143,0.0158730158730158,1.0714285714285714,0.257,0.013,0.098,0.064,0.104,0.01,2.125,0.125,1.0625,-0.208
617,Ru-Pt,4.269377382465057,1.1944091486658197,2.1346886912325287,2.4043715846994536,0.0,1.2021857923497268,0.736,0.0819999999999999,2.5660491952626785,0.3118460646550535,1.2830245976313392,4.6923076923076925,1.3076923076923077,2.3461538461538463,2.1666666666666665,0.0396825396825396,1.0833333333333333,0.384,0.14,0.2219999999999999,0.188,0.141,0.047,2.25,0.25,1.125,-0.294
618,Ru-Au,3.9898348157560353,0.914866581956798,1.9949174078780176,2.513661202185792,0.1092896174863386,1.256830601092896,0.554,0.178,2.177334842503382,0.70056041741435,1.088667421251691,4.730769230769231,1.3461538461538465,2.3653846153846154,2.2063492063492065,0.0793650793650793,1.1031746031746033,0.579,0.335,0.314,0.2799999999999999,0.185,0.091,2.375,0.375,1.1875,-0.341
619,Ru-U,3.9644218551461248,0.8894536213468871,1.9822109275730624,2.1311475409836067,0.2732240437158471,1.0655737704918034,-0.7450000000000001,1.581,2.2164370703696545,0.6614581895480771,1.1082185351848273,5.230769230769231,1.8461538461538465,2.6153846153846154,2.412698412698413,0.2857142857142857,1.2063492063492065,1.37,1.126,0.246,0.212,0.12,0.0259999999999999,1.75,0.25,0.875,-0.15
620,Ru-Np,4.1041931385006345,1.0292249047013975,2.052096569250317,1.9125683060109289,0.4918032786885246,0.9562841530054644,-2.034,2.896,1.9453385970239905,0.9325566628937416,0.9726692985119952,5.269230769230769,1.8846153846153848,2.6346153846153846,2.4206349206349205,0.2936507936507936,1.2103174603174602,1.408,1.164,0.264,0.2299999999999999,0.102,0.008,1.875,0.125,0.9375,-0.134
621,Rh-Rh,3.1512071156289707,0.0,1.5756035578144854,2.491803278688524,0.0,1.245901639344262,1.346,0.0,2.469315076056649,0.0,1.2346575380283245,3.4615384615384617,0.0,1.7307692307692308,2.126984126984127,0.0,1.0634920634920637,0.314,0.0,0.22,0.0,0.132,0.0,2.25,0.0,1.125,-0.186
622,Rh-Pd,3.1003811944091484,0.0508259212198221,1.5501905972045742,2.448087431693989,0.0437158469945353,1.2240437158469946,1.104,0.2700000000000001,2.2439334124727384,0.2253816635839108,1.1219667062363692,3.5,0.0384615384615384,1.75,2.1507936507936507,0.0238095238095238,1.0753968253968254,0.4509999999999999,0.1369999999999999,0.327,0.107,0.172,0.0399999999999999,2.375,0.125,1.1875,-0.175
623,Rh-Sn,2.501524777636595,0.6496823379923762,1.2507623888182977,2.3169398907103824,0.174863387978142,1.1584699453551912,0.357,0.7210000000000001,1.5135300775750211,0.9557849984816278,0.7567650387875107,3.6538461538461537,0.1923076923076923,1.8269230769230769,2.357142857142857,0.2301587301587301,1.1785714285714286,0.915,0.601,0.224,0.004,0.175,0.043,1.625,0.625,0.8125,0.052
624,Rh-Sb,2.424396442185514,0.7268106734434562,1.212198221092757,2.3661202185792347,0.1256830601092896,1.1830601092896174,0.444,0.614,1.7336653507440023,0.7356497253126467,0.8668326753720011,3.692307692307693,0.2307692307692307,1.8461538461538465,2.380952380952381,0.2539682539682539,1.1904761904761905,0.906,0.592,0.241,0.021,0.124,0.008,1.75,0.5,0.875,0.027
625,Rh-Te,2.367471410419314,0.783735705209657,1.183735705209657,2.39344262295082,0.0983606557377047,1.1967213114754098,0.45,0.594,1.6336636943378515,0.8356513817187975,0.8168318471689258,3.730769230769231,0.2692307692307692,1.8653846153846156,2.333333333333333,0.2063492063492063,1.1666666666666667,0.958,0.644,0.306,0.086,0.097,0.035,1.875,0.375,0.9375,-0.008
626,Rh-Hf,3.265565438373571,0.1143583227445997,1.6327827191867854,1.9562841530054644,0.5355191256830599,0.9781420765027322,0.0749999999999999,1.103,2.6183916296275846,0.1490765535709355,1.3091958148137923,4.5,1.0384615384615383,2.25,2.3253968253968256,0.1984126984126984,1.1626984126984128,0.803,0.489,-0.0379999999999999,0.258,0.139,0.0069999999999999,1.625,0.625,0.8125,0.066
627,Rh-Ta,3.6594663278271913,0.5082592121982209,1.829733163913596,2.065573770491803,0.4262295081967212,1.0327868852459017,-0.136,1.2999999999999998,3.0512657703668937,0.5819506943102448,1.5256328851834469,4.538461538461538,1.0769230769230769,2.269230769230769,2.2222222222222223,0.0952380952380952,1.1111111111111112,0.478,0.164,-0.0699999999999999,0.29,0.106,0.026,1.75,0.5,0.875,-0.022
628,Rh-W,4.027954256670903,0.8767471410419314,2.0139771283354517,2.174863387978142,0.3169398907103824,1.087431693989071,-0.151,1.307,3.270463517654529,0.8011484415978798,1.6352317588272645,4.576923076923077,1.1153846153846154,2.2884615384615383,2.1666666666666665,0.0396825396825396,1.0833333333333333,0.286,0.0279999999999999,-0.0389999999999999,0.259,0.082,0.05,1.875,0.375,0.9375,-0.113
629,Rh-Re,4.218551461245236,1.0673443456162643,2.1092757306226178,2.2841530054644807,0.2076502732240436,1.1420765027322404,-0.023,1.177,3.1440245148110315,0.6747094387543825,1.5720122574055158,4.615384615384615,1.1538461538461535,2.3076923076923075,2.1507936507936507,0.0238095238095238,1.0753968253968254,0.2339999999999999,0.08,0.022,0.198,0.076,0.056,2.0,0.25,1.0,-0.191
630,Rh-Os,4.4456416772554,1.2944345616264292,2.2228208386277,2.448087431693989,0.0437158469945353,1.2240437158469946,0.4029999999999999,0.7809999999999999,3.060099936504431,0.5907848604477818,1.5300499682522155,4.653846153846154,1.1923076923076923,2.326923076923077,2.134920634920635,0.0079365079365079,1.0674603174603174,0.248,0.066,0.094,0.126,0.086,0.046,2.125,0.125,1.0625,-0.249
631,Rh-Ir,4.442465057179161,1.2912579415501906,2.2212325285895806,2.448087431693989,0.0437158469945353,1.2240437158469946,1.139,0.191,2.7359964663335448,0.2666813902768958,1.3679982331667724,4.6923076923076925,1.2307692307692308,2.3461538461538463,2.142857142857143,0.0158730158730158,1.0714285714285714,0.292,0.0219999999999999,0.191,0.0289999999999999,0.123,0.009,2.25,0.0,1.125,-0.248
632,Rh-Pt,4.307496823379924,1.1562897077509529,2.153748411689962,2.448087431693989,0.0437158469945353,1.2240437158469946,1.118,0.2579999999999999,2.361759103332137,0.1075559727245121,1.1808795516660684,4.730769230769231,1.2692307692307692,2.3653846153846154,2.1666666666666665,0.0396825396825396,1.0833333333333333,0.419,0.105,0.315,0.0949999999999999,0.16,0.0279999999999999,2.375,0.125,1.1875,-0.241
633,Rh-Au,4.027954256670903,0.8767471410419314,2.0139771283354517,2.557377049180328,0.0655737704918033,1.2786885245901638,0.8640000000000001,0.488,1.9730447505728403,0.4962703254838086,0.9865223752864202,4.769230769230769,1.3076923076923077,2.3846153846153846,2.2063492063492065,0.0793650793650793,1.1031746031746033,0.614,0.3,0.407,0.187,0.204,0.072,2.5,0.25,1.25,-0.218
634,Rh-U,4.002541296060991,0.8513341804320205,2.001270648030496,2.174863387978142,0.3169398907103824,1.087431693989071,-0.634,1.846,2.0121469784391133,0.4571680976175358,1.0060734892195566,5.269230769230769,1.807692307692308,2.6346153846153846,2.412698412698413,0.2857142857142857,1.2063492063492065,1.405,1.091,0.339,0.119,0.139,0.0069999999999999,1.875,0.375,0.9375,-0.111
635,Rh-Np,4.142312579415502,0.991105463786531,2.071156289707751,1.9562841530054644,0.5355191256830599,0.9781420765027322,-1.947,3.1950000000000003,1.741048505093449,0.7282665709632001,0.8705242525467245,5.307692307692308,1.8461538461538465,2.6538461538461537,2.4206349206349205,0.2936507936507936,1.2103174603174602,1.443,1.129,0.357,0.137,0.121,0.011,2.0,0.25,1.0,-0.104
636,Pd-Pd,3.0495552731893265,0.0,1.5247776365946633,2.4043715846994536,0.0,1.2021857923497268,0.8,0.0,2.0185517488888274,0.0,1.0092758744444137,3.5384615384615383,0.0,1.7692307692307692,2.1746031746031744,0.0,1.0873015873015872,0.588,0.0,0.434,0.0,0.212,0.0,2.5,0.0,1.25,-0.104
637,Pd-Sn,2.450698856416772,0.598856416772554,1.225349428208386,2.273224043715847,0.1311475409836066,1.1366120218579234,0.125,0.495,1.2881484139911106,0.7304033348977169,0.6440742069955553,3.692307692307693,0.1538461538461538,1.8461538461538465,2.380952380952381,0.2063492063492063,1.1904761904761905,1.052,0.464,0.331,0.103,0.215,0.003,1.75,0.75,0.875,0.134
638,Pd-Sb,2.3735705209656923,0.6759847522236341,1.1867852604828462,2.322404371584699,0.0819672131147542,1.1612021857923496,0.215,0.389,1.5082836871600915,0.5102680617287358,0.7541418435800458,3.730769230769231,0.1923076923076923,1.8653846153846156,2.4047619047619047,0.2301587301587301,1.2023809523809523,1.043,0.455,0.348,0.086,0.164,0.0479999999999999,1.875,0.625,0.9375,0.062
639,Pd-Te,2.3166454891994914,0.7329097839898348,1.1583227445997455,2.3497267759562845,0.0546448087431694,1.1748633879781425,0.2319999999999999,0.372,1.4082820307539408,0.6102697181348866,0.7041410153769704,3.769230769230769,0.2307692307692307,1.8846153846153848,2.357142857142857,0.1825396825396825,1.1785714285714286,1.095,0.5070000000000001,0.413,0.0209999999999999,0.137,0.075,2.0,0.5,1.0,-0.013
640,Pd-Hf,3.2147395171537485,0.1651842439644219,1.6073697585768745,1.9125683060109289,0.4918032786885246,0.9562841530054644,-0.179,0.865,2.393009966043674,0.3744582171548464,1.196504983021837,4.538461538461538,1.0,2.269230769230769,2.3492063492063493,0.1746031746031746,1.1746031746031746,0.94,0.352,0.069,0.365,0.179,0.033,1.75,0.75,0.875,0.023
641,Pd-Ta,3.6086404066073694,0.559085133418043,1.8043202033036847,2.021857923497268,0.3825136612021859,1.010928961748634,-0.3859999999999999,1.07,2.825884106782983,0.8073323578941556,1.4129420533914916,4.576923076923077,1.0384615384615383,2.2884615384615383,2.246031746031746,0.0714285714285714,1.123015873015873,0.615,0.027,0.037,0.397,0.146,0.066,1.875,0.625,0.9375,-0.121
642,Pd-W,3.97712833545108,0.9275730622617536,1.98856416772554,2.1311475409836067,0.2732240437158471,1.0655737704918034,-0.393,1.085,3.0450818540706184,1.0265301051817906,1.5225409270353092,4.615384615384615,1.0769230769230769,2.3076923076923075,2.1904761904761907,0.0158730158730158,1.0952380952380951,0.423,0.1649999999999999,0.068,0.366,0.122,0.09,2.0,0.5,1.0,-0.245
643,Pd-Re,4.167725540025413,1.1181702668360864,2.0838627700127064,2.240437158469945,0.1639344262295083,1.1202185792349726,-0.244,0.96,2.918642851227121,0.9000911023382934,1.4593214256135605,4.653846153846154,1.1153846153846154,2.326923076923077,2.1746031746031744,0.0,1.0873015873015872,0.371,0.2169999999999999,0.129,0.305,0.1159999999999999,0.096,2.125,0.375,1.0625,-0.335
644,Pd-Os,4.394815756035578,1.3452604828462515,2.197407878017789,2.4043715846994536,0.0,1.2021857923497268,0.221,0.543,2.83471827292052,0.8161665240316925,1.41735913646026,4.6923076923076925,1.1538461538461535,2.3461538461538463,2.1587301587301586,0.0158730158730158,1.0793650793650793,0.385,0.2029999999999999,0.201,0.2329999999999999,0.126,0.086,2.25,0.25,1.125,-0.373
645,Pd-Ir,4.391639135959339,1.342083862770013,2.1958195679796697,2.4043715846994536,0.0,1.2021857923497268,0.917,0.089,2.5106148027496342,0.4920630538608067,1.2553074013748171,4.730769230769231,1.1923076923076923,2.3653846153846154,2.1666666666666665,0.0079365079365079,1.0833333333333333,0.429,0.1589999999999999,0.298,0.136,0.163,0.0489999999999999,2.375,0.125,1.1875,-0.278
646,Pd-Pt,4.256670902160102,1.2071156289707752,2.128335451080051,2.4043715846994536,0.0,1.2021857923497268,0.846,0.018,2.1363774397482262,0.1178256908593986,1.0681887198741131,4.769230769230769,1.2307692307692308,2.3846153846153846,2.1904761904761907,0.0158730158730158,1.0952380952380951,0.556,0.0319999999999999,0.422,0.012,0.2,0.0119999999999999,2.5,0.0,1.25,-0.209
647,Pd-Au,3.97712833545108,0.9275730622617536,1.98856416772554,2.513661202185792,0.1092896174863386,1.256830601092896,0.501,0.1989999999999999,1.7476630869889294,0.2708886618998979,0.8738315434944647,4.807692307692308,1.2692307692307692,2.4038461538461537,2.2301587301587302,0.0555555555555555,1.1150793650793651,0.751,0.163,0.514,0.0799999999999999,0.244,0.032,2.625,0.125,1.3125,-0.097
648,Pd-U,3.951715374841169,0.9021601016518426,1.9758576874205849,2.1311475409836067,0.2732240437158471,1.0655737704918034,-0.974,1.652,1.7867653148552023,0.231786434033625,0.8933826574276013,5.307692307692308,1.7692307692307692,2.6538461538461537,2.4365079365079363,0.2619047619047619,1.218253968253968,1.542,0.954,0.446,0.012,0.179,0.033,2.0,0.5,1.0,-0.25
649,Pd-Np,4.09148665819568,1.0419313850063532,2.04574332909784,1.9125683060109289,0.4918032786885246,0.9562841530054644,-2.266,2.974,1.515666841509538,0.5028849073792894,0.757833420754769,5.346153846153846,1.807692307692308,2.673076923076923,2.4444444444444446,0.2698412698412698,1.2222222222222223,1.58,0.992,0.4639999999999999,0.03,0.161,0.051,2.125,0.375,1.0625,-0.237
650,Sn-Sn,1.8518424396442184,0.0,0.9259212198221092,2.14207650273224,0.0,1.07103825136612,-0.358,0.0,0.5577450790933937,0.0,0.2788725395466968,3.8461538461538463,0.0,1.9230769230769231,2.5873015873015874,0.0,1.2936507936507935,1.516,0.0,0.228,0.0,0.218,0.0,1.0,0.0,0.5,-0.595
651,Sn-Sb,1.7747141041931382,0.07712833545108,0.8873570520965691,2.191256830601093,0.0491803278688523,1.0956284153005464,-0.265,0.0969999999999999,0.7778803522623746,0.220135273168981,0.3889401761311873,3.8846153846153846,0.0384615384615384,1.9423076923076923,2.611111111111111,0.0238095238095238,1.3055555555555556,1.507,0.009,0.245,0.017,0.167,0.051,1.125,0.125,0.5625,-0.798
652,Sn-Te,1.7177890724269378,0.1340533672172807,0.8588945362134689,2.218579234972678,0.0765027322404372,1.109289617486339,-0.2329999999999999,0.127,0.677878695856224,0.1201336167628302,0.338939347928112,3.923076923076923,0.0769230769230769,1.9615384615384612,2.563492063492064,0.0238095238095238,1.281746031746032,1.5590000000000002,0.043,0.31,0.082,0.14,0.078,1.25,0.25,0.625,-0.891
653,Sn-Hf,2.615883100381194,0.764040660736976,1.307941550190597,1.7814207650273222,0.360655737704918,0.8907103825136611,-0.7110000000000001,0.357,1.6626066311459569,1.104861552052563,0.8313033155729784,4.6923076923076925,0.8461538461538461,2.3461538461538463,2.555555555555556,0.0317460317460317,1.2777777777777777,1.404,0.1119999999999999,-0.0339999999999999,0.262,0.182,0.036,1.0,0.0,0.5,-0.44
654,Sn-Ta,3.0097839898348155,1.1579415501905972,1.5048919949174078,1.890710382513661,0.2513661202185792,0.9453551912568304,-0.899,0.5509999999999999,2.095480771885266,1.5377356927918726,1.047740385942633,4.730769230769231,0.8846153846153846,2.3653846153846154,2.452380952380953,0.1349206349206349,1.2261904761904765,1.079,0.437,-0.0659999999999999,0.294,0.149,0.069,1.125,0.125,0.5625,-0.502
655,Sn-W,3.378271918678526,1.5264294790343076,1.689135959339263,2.0,0.1420765027322404,1.0,-0.905,0.563,2.3146785191729013,1.7569334400795076,1.157339259586451,4.769230769230769,0.9230769230769232,2.3846153846153846,2.3968253968253967,0.1904761904761904,1.1984126984126984,0.887,0.629,-0.0349999999999999,0.263,0.125,0.093,1.25,0.25,0.625,-0.5
656,Sn-Re,3.568869123252859,1.7170266836086403,1.7844345616264294,2.1092896174863385,0.0327868852459016,1.0546448087431692,-0.766,0.4279999999999999,2.188239516329404,1.6304944372360102,1.094119758164702,4.807692307692308,0.9615384615384616,2.4038461538461537,2.380952380952381,0.2063492063492063,1.1904761904761905,0.835,0.681,0.026,0.202,0.119,0.099,1.375,0.375,0.6875,-0.439
657,Sn-Os,3.795959339263024,1.9441168996188056,1.897979669631512,2.273224043715847,0.1311475409836066,1.1366120218579234,-0.3429999999999999,0.0029999999999999,2.104314938022803,1.5465698589294097,1.0521574690114015,4.846153846153846,1.0,2.423076923076923,2.365079365079365,0.2222222222222222,1.1825396825396826,0.849,0.667,0.098,0.13,0.129,0.089,1.5,0.5,0.75,-0.307
658,Sn-Ir,3.792782719186785,1.940940279542567,1.8963913595933928,2.273224043715847,0.1311475409836066,1.1366120218579234,0.2,0.552,1.7802114678519172,1.2224663887585236,0.8901057339259586,4.884615384615385,1.0384615384615383,2.4423076923076925,2.373015873015873,0.2142857142857142,1.1865079365079363,0.893,0.623,0.195,0.033,0.166,0.052,1.625,0.625,0.8125,-0.13
659,Sn-Pt,3.657814485387548,1.8059720457433293,1.8289072426937736,2.273224043715847,0.1311475409836066,1.1366120218579234,0.147,0.513,1.4059741048505092,0.8482290257571156,0.7029870524252546,4.923076923076923,1.0769230769230769,2.4615384615384617,2.3968253968253967,0.1904761904761904,1.1984126984126984,1.02,0.496,0.319,0.0909999999999999,0.203,0.015,1.75,0.75,0.875,-0.058
660,Sn-Au,3.378271918678526,1.5264294790343076,1.689135959339263,2.3825136612021853,0.2404371584699453,1.1912568306010929,-0.0509999999999999,0.315,1.0172597520912126,0.459514672997819,0.5086298760456063,4.961538461538462,1.1153846153846154,2.480769230769231,2.4365079365079363,0.1507936507936507,1.218253968253968,1.215,0.301,0.411,0.183,0.247,0.029,1.875,0.875,0.9375,-0.043
661,Sn-U,3.352858958068615,1.5010165184243969,1.6764294790343075,2.0,0.1420765027322404,1.0,-1.485,1.129,1.0563619799574857,0.4986169008640919,0.5281809899787427,5.461538461538462,1.6153846153846154,2.730769230769231,2.642857142857143,0.0555555555555555,1.3214285714285714,2.006,0.49,0.343,0.115,0.182,0.036,1.25,0.25,0.625,-0.787
662,Sn-Np,3.4926302414231256,1.6407878017789073,1.7463151207115628,1.7814207650273222,0.360655737704918,0.8907103825136611,-2.823,2.459,0.7852635066118212,0.2275184275184275,0.3926317533059106,5.5,1.6538461538461535,2.75,2.6507936507936507,0.0634920634920634,1.3253968253968254,2.044,0.528,0.361,0.133,0.164,0.054,1.375,0.375,0.6875,-0.718
663,Sb-Sb,1.6975857687420584,0.0,0.8487928843710292,2.240437158469945,0.0,1.1202185792349726,-0.168,0.0,0.9980156254313556,0.0,0.4990078127156778,3.923076923076923,0.0,1.9615384615384612,2.634920634920635,0.0,1.3174603174603174,1.498,0.0,0.262,0.0,0.116,0.0,1.25,0.0,0.625,-1.002
664,Sb-Te,1.6406607369758577,0.0569250317662007,0.8203303684879287,2.26775956284153,0.0273224043715848,1.133879781420765,-0.132,0.03,0.898013969025205,0.1000016564061508,0.4490069845126025,3.9615384615384617,0.0384615384615384,1.9807692307692308,2.5873015873015874,0.0476190476190476,1.2936507936507935,1.55,0.052,0.327,0.065,0.089,0.027,1.375,0.125,0.6875,-1.061
665,Sb-Hf,2.5387547649301143,0.8411689961880561,1.2693773824650572,1.830601092896175,0.4098360655737703,0.9153005464480872,-0.606,0.456,1.8827419043149376,0.8847262788835822,0.9413709521574688,4.730769230769231,0.8076923076923077,2.3653846153846154,2.5793650793650795,0.0555555555555555,1.2896825396825398,1.395,0.1029999999999999,-0.0169999999999999,0.279,0.131,0.0149999999999999,1.125,0.125,0.5625,-0.45
666,Sb-Ta,2.932655654383736,1.235069885641677,1.4663278271918678,1.9398907103825136,0.3005464480874316,0.9699453551912568,-0.7939999999999999,0.648,2.315616045054248,1.3176004196228916,1.1578080225271237,4.769230769230769,0.8461538461538461,2.3846153846153846,2.4761904761904763,0.1587301587301587,1.238095238095238,1.07,0.428,-0.0489999999999999,0.311,0.098,0.018,1.25,0.0,0.625,-0.513
667,Sb-W,3.301143583227446,1.6035578144853877,1.650571791613723,2.0491803278688523,0.1912568306010928,1.024590163934426,-0.8029999999999999,0.657,2.534813792341882,1.5367981669105266,1.267406896170941,4.807692307692308,0.8846153846153846,2.4038461538461537,2.4206349206349205,0.2142857142857142,1.2103174603174602,0.878,0.62,-0.0179999999999999,0.28,0.074,0.042,1.375,0.125,0.6875,-0.528
668,Sb-Re,3.491740787801779,1.7941550190597206,1.7458703939008895,2.158469945355191,0.081967213114754,1.0792349726775956,-0.6649999999999999,0.517,2.4083747894983847,1.4103591640670294,1.2041873947491923,4.846153846153846,0.9230769230769232,2.423076923076923,2.4047619047619047,0.2301587301587301,1.2023809523809523,0.826,0.672,0.043,0.219,0.068,0.048,1.5,0.25,0.75,-0.491
669,Sb-Os,3.718831003811944,2.0212452350698857,1.859415501905972,2.322404371584699,0.0819672131147542,1.1612021857923496,-0.209,0.055,2.324450211191784,1.3264345857604285,1.162225105595892,4.884615384615385,0.9615384615384616,2.4423076923076925,2.388888888888889,0.246031746031746,1.1944444444444444,0.84,0.658,0.115,0.147,0.078,0.038,1.625,0.375,0.8125,-0.365
670,Sb-Ir,3.715654383735705,2.018068614993646,1.8578271918678528,2.322404371584699,0.0819672131147542,1.1612021857923496,0.288,0.454,2.0003467410208984,1.0023311155895425,1.0001733705104492,4.923076923076923,1.0,2.4615384615384617,2.3968253968253967,0.238095238095238,1.1984126984126984,0.884,0.614,0.212,0.05,0.115,0.001,1.75,0.5,0.875,-0.184
671,Sb-Pt,3.580686149936468,1.8831003811944087,1.790343074968234,2.322404371584699,0.0819672131147542,1.1612021857923496,0.236,0.41,1.6261093780194902,0.6280937525881345,0.8130546890097451,4.961538461538462,1.0384615384615383,2.480769230769231,2.4206349206349205,0.2142857142857142,1.2103174603174602,1.011,0.487,0.3359999999999999,0.0739999999999999,0.152,0.036,1.875,0.625,0.9375,-0.152
672,Sb-Au,3.301143583227446,1.6035578144853877,1.650571791613723,2.4316939890710376,0.1912568306010929,1.2158469945355188,0.045,0.221,1.2373950252601935,0.2393793998288379,0.6186975126300969,5.0,1.0769230769230769,2.5,2.4603174603174605,0.1746031746031746,1.2301587301587302,1.206,0.292,0.428,0.1659999999999999,0.196,0.08,2.0,0.75,1.0,-0.205
673,Sb-U,3.275730622617535,1.5781448538754768,1.6378653113087676,2.0491803278688523,0.1912568306010928,1.024590163934426,-1.356,1.218,1.2764972531264664,0.2784816276951108,0.6382486265632332,5.5,1.5769230769230769,2.75,2.6666666666666665,0.0317460317460317,1.3333333333333333,1.997,0.499,0.36,0.098,0.131,0.0149999999999999,1.375,0.125,0.6875,-0.85
674,Sb-Np,3.4155019059720457,1.7179161372299872,1.7077509529860229,1.830601092896175,0.4098360655737703,0.9153005464480872,-2.694,2.5540000000000003,1.0053987797808022,0.0073831543494464,0.5026993898904011,5.538461538461538,1.6153846153846154,2.769230769230769,2.6746031746031744,0.0396825396825396,1.3373015873015872,2.035,0.537,0.378,0.1159999999999999,0.113,0.003,1.5,0.25,0.75,-0.78
675,Te-Te,1.583735705209657,0.0,0.7918678526048285,2.295081967213114,0.0,1.147540983606557,-0.106,0.0,0.7980123126190541,0.0,0.399006156309527,4.0,0.0,2.0,2.5396825396825395,0.0,1.2698412698412698,1.602,0.0,0.392,0.0,0.062,0.0,1.5,0.0,0.75,-1.07
676,Te-Hf,2.4818297331639134,0.8980940279542567,1.2409148665819567,1.85792349726776,0.4371584699453552,0.9289617486338798,-0.5850000000000001,0.483,1.782740247908787,0.9847279352897332,0.8913701239543935,4.769230769230769,0.7692307692307693,2.3846153846153846,2.531746031746032,0.0079365079365079,1.2658730158730158,1.447,0.155,0.048,0.344,0.104,0.0419999999999999,1.25,0.25,0.625,-0.415
677,Te-Ta,2.8757306226175348,1.291994917407878,1.4378653113087674,1.9672131147540983,0.3278688524590164,0.9836065573770492,-0.778,0.6759999999999999,2.2156143886480963,1.4176020760290424,1.1078071943240482,4.807692307692308,0.8076923076923077,2.4038461538461537,2.4285714285714284,0.1111111111111111,1.2142857142857142,1.122,0.48,0.016,0.376,0.071,0.009,1.375,0.125,0.6875,-0.502
678,Te-W,3.244218551461245,1.6604828462515884,1.6221092757306226,2.076502732240437,0.2185792349726776,1.0382513661202184,-0.793,0.6869999999999999,2.4348121359357315,1.6367998233166774,1.2174060679678658,4.846153846153846,0.8461538461538461,2.423076923076923,2.373015873015873,0.1666666666666666,1.1865079365079363,0.93,0.672,0.047,0.345,0.047,0.015,1.5,0.0,0.75,-0.544
679,Te-Re,3.434815756035578,1.8510800508259213,1.717407878017789,2.185792349726776,0.1092896174863388,1.092896174863388,-0.658,0.5419999999999999,2.308373133092234,1.51036082047318,1.154186566546117,4.884615384615385,0.8846153846153846,2.4423076923076925,2.357142857142857,0.1825396825396825,1.1785714285714286,0.878,0.7240000000000001,0.108,0.284,0.041,0.0209999999999999,1.625,0.125,0.8125,-0.533
680,Te-Os,3.661905972045743,2.078170266836086,1.8309529860228717,2.3497267759562845,0.0546448087431694,1.1748633879781425,-0.173,0.047,2.224448554785633,1.4264362421665793,1.1122242773928166,4.923076923076923,0.9230769230769232,2.4615384615384617,2.3412698412698414,0.1984126984126984,1.1706349206349207,0.892,0.7100000000000001,0.18,0.212,0.051,0.011,1.75,0.25,0.875,-0.419
681,Te-Ir,3.658729351969504,2.0749936467598475,1.829364675984752,2.3497267759562845,0.0546448087431694,1.1748633879781425,0.292,0.434,1.9003450846147476,1.1023327719956937,0.9501725423073736,4.961538461538462,0.9615384615384616,2.480769230769231,2.3492063492063493,0.1904761904761904,1.1746031746031746,0.936,0.666,0.277,0.115,0.088,0.026,1.875,0.375,0.9375,-0.25
682,Te-Pt,3.523761118170267,1.94002541296061,1.7618805590851334,2.3497267759562845,0.0546448087431694,1.1748633879781425,0.248,0.394,1.5261077216133394,0.7280954089942854,0.7630538608066697,5.0,1.0,2.5,2.373015873015873,0.1666666666666666,1.1865079365079363,1.0630000000000002,0.539,0.401,0.0089999999999999,0.125,0.063,2.0,0.5,1.0,-0.252
683,Te-Au,3.244218551461245,1.6604828462515884,1.6221092757306226,2.459016393442623,0.1639344262295081,1.2295081967213115,0.072,0.206,1.1373933688540427,0.3393810562349887,0.5686966844270214,5.038461538461538,1.0384615384615383,2.519230769230769,2.412698412698413,0.1269841269841269,1.2063492063492065,1.258,0.344,0.493,0.1009999999999999,0.169,0.107,2.125,0.625,1.0625,-0.332
684,Te-U,3.218805590851334,1.6350698856416774,1.609402795425667,2.076502732240437,0.2185792349726776,1.0382513661202184,-1.306,1.234,1.1764955967203157,0.3784832841012617,0.5882477983601578,5.538461538461538,1.5384615384615383,2.769230769230769,2.619047619047619,0.0793650793650793,1.3095238095238095,2.049,0.4469999999999999,0.425,0.033,0.104,0.0419999999999999,1.5,0.0,0.75,-0.822
685,Te-Np,3.358576874205845,1.774841168996188,1.6792884371029224,1.85792349726776,0.4371584699453552,0.9289617486338798,-2.655,2.579,0.9053971233746514,0.1073848107555972,0.4526985616873257,5.576923076923077,1.5769230769230769,2.7884615384615383,2.626984126984127,0.0873015873015873,1.3134920634920637,2.087,0.485,0.443,0.0509999999999999,0.086,0.024,1.625,0.125,0.8125,-0.751
686,Hf-Hf,3.3799237611181705,0.0,1.6899618805590852,1.4207650273224044,0.0,0.7103825136612022,-1.1110000000000002,0.001,2.7674681831985204,0.0,1.3837340915992602,5.538461538461538,0.0,2.769230769230769,2.523809523809524,0.0,1.261904761904762,1.292,0.0,-0.296,0.0,0.146,0.0,1.0,0.0,0.5,-0.516
687,Hf-Ta,3.773824650571792,0.393900889453621,1.886912325285896,1.530054644808743,0.1092896174863387,0.7650273224043715,-1.289,0.2029999999999999,3.200342323937829,0.4328741407393092,1.6001711619689147,5.576923076923077,0.0384615384615384,2.7884615384615383,2.4206349206349205,0.1031746031746031,1.2103174603174602,0.967,0.325,-0.3279999999999999,0.032,0.1129999999999999,0.0329999999999999,1.125,0.125,0.5625,-0.52
688,Hf-W,4.142312579415502,0.7623888182973316,2.071156289707751,1.639344262295082,0.2185792349726775,0.819672131147541,-1.268,0.1979999999999999,3.419540071225464,0.6520718880269442,1.709770035612732,5.615384615384615,0.0769230769230769,2.8076923076923075,2.365079365079365,0.1587301587301587,1.1825396825396826,0.775,0.517,-0.297,0.001,0.089,0.0569999999999999,1.25,0.25,0.625,-0.476
689,Hf-Re,4.332909783989835,0.9529860228716646,2.1664548919949174,1.7486338797814207,0.3278688524590163,0.8743169398907104,-1.058,0.026,3.2931010683819677,0.525632885183447,1.6465505341909836,5.653846153846154,0.1153846153846153,2.826923076923077,2.3492063492063493,0.1746031746031746,1.1746031746031746,0.723,0.5690000000000001,-0.236,0.06,0.0829999999999999,0.063,1.375,0.375,0.6875,-0.377
690,Hf-Os,4.56,1.1800762388818296,2.28,1.9125683060109289,0.4918032786885246,0.9562841530054644,-0.603,0.407,3.2091764900753663,0.4417083068768462,1.6045882450376832,5.6923076923076925,0.1538461538461538,2.8461538461538463,2.333333333333333,0.1904761904761904,1.1666666666666667,0.737,0.555,-0.1639999999999999,0.132,0.093,0.0529999999999999,1.5,0.5,0.75,-0.195
691,Hf-Ir,4.556823379923761,1.176899618805591,2.2784116899618807,1.9125683060109289,0.4918032786885246,0.9562841530054644,-0.091,0.931,2.8850730199044805,0.1176048367059603,1.4425365099522405,5.730769230769231,0.1923076923076923,2.8653846153846154,2.3412698412698414,0.1825396825396825,1.1706349206349207,0.781,0.511,-0.0669999999999999,0.2289999999999999,0.13,0.0159999999999999,1.625,0.625,0.8125,-0.014
692,Hf-Pt,4.421855146124523,1.0419313850063532,2.210927573062261,1.9125683060109289,0.4918032786885246,0.9562841530054644,-0.164,0.884,2.5108356569030725,0.2566325262954477,1.2554178284515365,5.769230769230769,0.2307692307692307,2.8846153846153846,2.365079365079365,0.1587301587301587,1.1825396825396826,0.908,0.384,0.0569999999999999,0.353,0.1669999999999999,0.021,1.75,0.75,0.875,-0.008
693,Hf-Au,4.142312579415502,0.7623888182973316,2.071156289707751,2.021857923497268,0.6010928961748633,1.010928961748634,-0.362,0.682,2.122121304143776,0.6453468790547443,1.061060652071888,5.807692307692308,0.2692307692307692,2.9038461538461537,2.4047619047619047,0.119047619047619,1.2023809523809523,1.103,0.189,0.149,0.4449999999999999,0.211,0.065,1.875,0.875,0.9375,-0.121
694,Hf-U,4.116899618805592,0.7369758576874207,2.058449809402796,1.639344262295082,0.2185792349726775,0.819672131147541,-1.935,0.7770000000000001,2.161223532010049,0.6062446511884714,1.0806117660050245,6.307692307692308,0.7692307692307693,3.1538461538461537,2.611111111111111,0.0873015873015873,1.3055555555555556,1.894,0.602,0.081,0.377,0.146,0.0,1.25,0.25,0.625,-0.618
695,Hf-Np,4.256670902160102,0.8767471410419312,2.128335451080051,1.4207650273224044,0.0,0.7103825136612022,-3.293,2.127,1.8901250586643843,0.8773431245341358,0.9450625293321924,6.346153846153846,0.8076923076923077,3.173076923076923,2.619047619047619,0.0952380952380952,1.3095238095238095,1.932,0.64,0.099,0.395,0.128,0.0179999999999999,1.375,0.375,0.6875,-0.536
696,Ta-Ta,4.167725540025413,0.0,2.0838627700127064,1.639344262295082,0.0,0.819672131147541,-1.468,0.0,3.6332164646771385,0.0,1.8166082323385693,5.615384615384615,0.0,2.8076923076923075,2.3174603174603177,0.0,1.1587301587301588,0.642,0.0,-0.36,0.0,0.08,0.0,1.25,0.0,0.625,-0.507
697,Ta-W,4.536213468869123,0.3684879288437105,2.2681067344345616,1.7486338797814207,0.1092896174863387,0.8743169398907104,-1.41,0.008,3.8524142119647737,0.2191977472876349,1.9262071059823869,5.653846153846154,0.0384615384615384,2.826923076923077,2.261904761904762,0.0555555555555555,1.130952380952381,0.45,0.192,-0.3289999999999999,0.031,0.056,0.024,1.375,0.125,0.6875,-0.465
698,Ta-Re,4.726810673443456,0.5590851334180434,2.363405336721728,1.8579234972677596,0.2185792349726775,0.9289617486338796,-1.17,0.172,3.725975209121276,0.0927587444441377,1.8629876045606384,5.6923076923076925,0.0769230769230769,2.8461538461538463,2.246031746031746,0.0714285714285714,1.123015873015873,0.398,0.244,-0.268,0.092,0.05,0.03,1.5,0.25,0.75,-0.376
699,Ta-Os,4.953900889453622,0.7861753494282084,2.476950444726811,2.021857923497268,0.3825136612021859,1.010928961748634,-0.7030000000000001,0.623,3.642050630814676,0.0088341661375369,1.821025315407338,5.730769230769231,0.1153846153846153,2.8653846153846154,2.2301587301587302,0.0873015873015873,1.1150793650793651,0.412,0.23,-0.196,0.1639999999999999,0.06,0.02,1.625,0.375,0.8125,-0.216
700,Ta-Ir,4.950724269377382,0.7829987293519698,2.475362134688691,2.021857923497268,0.3825136612021859,1.010928961748634,-0.2789999999999999,1.119,3.3179471606437896,0.3152693040333489,1.6589735803218948,5.769230769230769,0.1538461538461538,2.8846153846153846,2.238095238095238,0.0793650793650793,1.119047619047619,0.456,0.186,-0.0989999999999999,0.261,0.097,0.017,1.75,0.5,0.875,-0.063
701,Ta-Pt,4.815756035578144,0.6480304955527321,2.407878017789072,2.021857923497268,0.3825136612021859,1.010928961748634,-0.355,1.077,2.9437097976423816,0.6895066670347569,1.4718548988211908,5.807692307692308,0.1923076923076923,2.9038461538461537,2.261904761904762,0.0555555555555555,1.130952380952381,0.583,0.059,0.0249999999999999,0.385,0.134,0.054,1.875,0.625,0.9375,-0.128
702,Ta-Au,4.536213468869123,0.3684879288437105,2.2681067344345616,2.1311475409836063,0.4918032786885245,1.0655737704918031,-0.5469999999999999,0.877,2.554995444883085,1.0782210197940536,1.2774977224415425,5.846153846153846,0.2307692307692307,2.923076923076923,2.3015873015873014,0.0158730158730158,1.1507936507936507,0.778,0.136,0.1169999999999999,0.477,0.178,0.098,2.0,0.75,1.0,-0.291
703,Ta-U,4.510800508259212,0.3430749682337995,2.255400254129606,1.7486338797814207,0.1092896174863387,0.8743169398907104,-2.087,0.599,2.594097672749358,1.039118791927781,1.297048836374679,6.346153846153846,0.7307692307692307,3.173076923076923,2.507936507936508,0.1904761904761904,1.253968253968254,1.569,0.927,0.049,0.409,0.1129999999999999,0.0329999999999999,1.375,0.125,0.6875,-0.685
704,Ta-Np,4.650571791613722,0.4828462515883101,2.325285895806861,1.530054644808743,0.1092896174863387,0.7650273224043715,-3.407,1.9210000000000005,2.322999199403694,1.310217265273445,1.161499599701847,6.384615384615385,0.7692307692307693,3.1923076923076925,2.515873015873016,0.1984126984126984,1.257936507936508,1.607,0.965,0.067,0.427,0.095,0.015,1.5,0.25,0.75,-0.608
705,W-W,4.9047013977128335,0.0,2.4523506988564168,1.8579234972677596,0.0,0.9289617486338796,-1.312,0.0,4.071611959252409,0.0,2.0358059796262045,5.6923076923076925,0.0,2.8461538461538463,2.2063492063492065,0.0,1.1031746031746033,0.258,0.0,-0.298,0.0,0.032,0.0,1.5,0.0,0.75,-0.438
706,W-Re,5.095298602287167,0.1905972045743329,2.5476493011435832,1.967213114754098,0.1092896174863387,0.983606557377049,-1.092,0.1599999999999999,3.945172956408912,0.1264390028434972,1.972586478204456,5.730769230769231,0.0384615384615384,2.8653846153846154,2.1904761904761907,0.0158730158730158,1.0952380952380951,0.206,0.052,-0.237,0.061,0.026,0.006,1.625,0.125,0.8125,-0.374
707,W-Os,5.322388818297331,0.4176874205844979,2.6611944091486657,2.1311475409836067,0.2732240437158471,1.0655737704918034,-0.643,0.655,3.861248378102311,0.2103635811500979,1.9306241890511555,5.769230769230769,0.0769230769230769,2.8846153846153846,2.1746031746031744,0.0317460317460317,1.0873015873015872,0.22,0.038,-0.1649999999999999,0.133,0.036,0.004,1.75,0.25,0.875,-0.247
708,W-Ir,5.319212198221093,0.4145108005082592,2.6596060991105466,2.1311475409836067,0.2732240437158471,1.0655737704918034,-0.29,1.116,3.5371449079314248,0.5344670513209839,1.7685724539657124,5.807692307692308,0.1153846153846153,2.9038461538461537,2.1825396825396823,0.0238095238095238,1.0912698412698412,0.264,0.006,-0.0679999999999999,0.2299999999999999,0.073,0.041,1.875,0.375,0.9375,-0.139
709,W-Pt,5.184243964421855,0.2795425667090215,2.592121982210928,2.1311475409836067,0.2732240437158471,1.0655737704918034,-0.357,1.087,3.162907544930017,0.908704414322392,1.5814537724650084,5.846153846153846,0.1538461538461538,2.923076923076923,2.2063492063492065,0.0,1.1031746031746033,0.391,0.133,0.0559999999999999,0.354,0.11,0.078,2.0,0.5,1.0,-0.255
710,W-Au,4.9047013977128335,0.0,2.4523506988564168,2.240437158469945,0.3825136612021858,1.1202185792349726,-0.5589999999999999,0.889,2.77419319217072,1.2974187670816884,1.3870965960853598,5.884615384615385,0.1923076923076923,2.9423076923076925,2.246031746031746,0.0396825396825396,1.123015873015873,0.5860000000000001,0.328,0.148,0.4459999999999999,0.154,0.122,2.125,0.625,1.0625,-0.433
711,W-U,4.879288437102924,0.0254129606099109,2.4396442185514617,1.8579234972677596,0.0,0.9289617486338796,-2.019,0.619,2.813295420036993,1.2583165392154156,1.4066477100184964,6.384615384615385,0.6923076923076923,3.1923076923076925,2.452380952380953,0.246031746031746,1.2261904761904765,1.377,1.119,0.08,0.378,0.089,0.0569999999999999,1.5,0.0,0.75,-0.714
712,W-Np,5.019059720457434,0.1143583227445995,2.509529860228717,1.639344262295082,0.2185792349726775,0.819672131147541,-3.3,1.912,2.542196946691329,1.52941501256108,1.2710984733456645,6.423076923076923,0.7307692307692307,3.2115384615384617,2.4603174603174605,0.2539682539682539,1.2301587301587302,1.415,1.157,0.098,0.396,0.071,0.039,1.625,0.125,0.8125,-0.647
713,Re-Re,5.285895806861499,0.0,2.6429479034307497,2.076502732240437,0.0,1.0382513661202184,-0.948,0.0,3.818733953565414,0.0,1.909366976782707,5.769230769230769,0.0,2.8846153846153846,2.1746031746031744,0.0,1.0873015873015872,0.154,0.0,-0.176,0.0,0.02,0.0,1.75,0.0,0.875,-0.358
714,Re-Os,5.512986022871664,0.227090216010165,2.756493011435832,2.240437158469945,0.1639344262295083,1.1202185792349726,-0.496,0.51,3.734809375258813,0.0839245783066007,1.8674046876294064,5.807692307692308,0.0384615384615384,2.9038461538461537,2.1587301587301586,0.0158730158730158,1.0793650793650793,0.1679999999999999,0.0139999999999999,-0.104,0.072,0.03,0.01,1.875,0.125,0.9375,-0.265
715,Re-Ir,5.509809402795426,0.2239135959339263,2.754904701397713,2.240437158469945,0.1639344262295083,1.1202185792349726,-0.1789999999999999,0.971,3.410705905087928,0.4080280484774866,1.7053529525439637,5.846153846153846,0.0769230769230769,2.923076923076923,2.1666666666666665,0.0079365079365079,1.0833333333333333,0.212,0.058,-0.0069999999999999,0.1689999999999999,0.067,0.047,2.0,0.25,1.0,-0.219
716,Re-Pt,5.374841168996188,0.0889453621346886,2.687420584498094,2.240437158469945,0.1639344262295083,1.1202185792349726,-0.2209999999999999,0.959,3.0364685420865194,0.7822654114788947,1.5182342710432597,5.884615384615385,0.1153846153846153,2.9423076923076925,2.1904761904761907,0.0158730158730158,1.0952380952380951,0.339,0.185,0.1169999999999999,0.293,0.104,0.084,2.125,0.375,1.0625,-0.365
717,Re-Au,5.095298602287167,0.1905972045743329,2.5476493011435832,2.349726775956284,0.2732240437158469,1.174863387978142,-0.4399999999999999,0.754,2.6477541893272227,1.1709797642381912,1.3238770946636114,5.923076923076923,0.1538461538461538,2.9615384615384617,2.2301587301587302,0.0555555555555555,1.1150793650793651,0.534,0.38,0.209,0.385,0.148,0.128,2.25,0.5,1.125,-0.53
718,Re-U,5.069885641677256,0.2160101651842438,2.534942820838628,1.967213114754098,0.1092896174863387,0.983606557377049,-1.7120000000000002,0.778,2.686856417193496,1.1318775363719182,1.343428208596748,6.423076923076923,0.6538461538461539,3.2115384615384617,2.4365079365079363,0.2619047619047619,1.218253968253968,1.325,1.171,0.141,0.317,0.0829999999999999,0.063,1.625,0.125,0.8125,-0.669
719,Re-Np,5.209656925031766,0.0762388818297333,2.604828462515883,1.7486338797814207,0.3278688524590163,0.8743169398907104,-2.954,2.05,2.415757943847832,1.4029760097175827,1.2078789719239158,6.461538461538462,0.6923076923076923,3.230769230769231,2.4444444444444446,0.2698412698412698,1.2222222222222223,1.363,1.209,0.159,0.3349999999999999,0.065,0.045,1.75,0.0,0.875,-0.62
720,Os-Os,5.740076238881829,0.0,2.8700381194409146,2.4043715846994536,0.0,1.2021857923497268,-0.18,0.0,3.6508847969522127,0.0,1.8254423984761063,5.846153846153846,0.0,2.923076923076923,2.142857142857143,0.0,1.0714285714285714,0.182,0.0,-0.032,0.0,0.04,0.0,2.0,0.0,1.0,-0.239
721,Os-Ir,5.736899618805591,0.0031766200762387,2.8684498094027955,2.4043715846994536,0.0,1.2021857923497268,0.218,0.544,3.326781326781327,0.3241034701708858,1.6633906633906634,5.884615384615385,0.0384615384615384,2.9423076923076925,2.1507936507936507,0.0079365079365079,1.0753968253968254,0.226,0.044,0.065,0.097,0.077,0.037,2.125,0.125,1.0625,-0.284
722,Os-Pt,5.601931385006353,0.1381448538754764,2.8009656925031763,2.4043715846994536,0.0,1.2021857923497268,0.245,0.533,2.952543963779919,0.6983408331722939,1.4762719818899597,5.923076923076923,0.0769230769230769,2.9615384615384617,2.1746031746031744,0.0317460317460317,1.0873015873015872,0.353,0.171,0.189,0.2209999999999999,0.114,0.074,2.25,0.25,1.125,-0.429
723,Os-Au,5.322388818297331,0.4176874205844979,2.6611944091486657,2.513661202185792,0.1092896174863386,1.256830601092896,-0.013,0.327,2.563829611020622,1.0870551859315905,1.281914805510311,5.961538461538462,0.1153846153846153,2.980769230769231,2.2142857142857144,0.0714285714285714,1.1071428571428572,0.548,0.366,0.2809999999999999,0.313,0.158,0.118,2.375,0.375,1.1875,-0.534
724,Os-U,5.296975857687421,0.4431003811944088,2.64848792884371,2.1311475409836067,0.2732240437158471,1.0655737704918034,-1.093,1.275,2.602931838886895,1.0479529580653175,1.3014659194434477,6.461538461538462,0.6153846153846154,3.230769230769231,2.4206349206349205,0.2777777777777778,1.2103174603174602,1.339,1.157,0.213,0.245,0.093,0.0529999999999999,1.75,0.25,0.875,-0.466
725,Os-Np,5.436747141041932,0.3033290978398983,2.7183735705209657,1.9125683060109289,0.4918032786885246,0.9562841530054644,-2.332,2.55,2.3318333655412307,1.3190514314109818,1.165916682770615,6.5,0.6538461538461539,3.25,2.4285714285714284,0.2857142857142857,1.2142857142857142,1.377,1.195,0.2309999999999999,0.263,0.075,0.035,1.875,0.125,0.9375,-0.433
726,Ir-Ir,5.733722998729352,0.0,2.866861499364676,2.4043715846994536,0.0,1.2021857923497268,0.912,0.0,3.0026778566104406,0.0,1.5013389283052203,5.923076923076923,0.0,2.9615384615384617,2.1587301587301586,0.0,1.0793650793650793,0.27,0.0,0.162,0.0,0.114,0.0,2.25,0.0,1.125,-0.317
727,Ir-Pt,5.598754764930115,0.1349682337992377,2.7993773824650576,2.4043715846994536,0.0,1.2021857923497268,0.936,0.078,2.6284404936090326,0.374237363001408,1.3142202468045163,5.961538461538462,0.0384615384615384,2.980769230769231,2.1825396825396823,0.0238095238095238,1.0912698412698412,0.397,0.127,0.286,0.1239999999999999,0.151,0.037,2.375,0.125,1.1875,-0.357
728,Ir-Au,5.319212198221093,0.4145108005082592,2.6596060991105466,2.513661202185792,0.1092896174863386,1.256830601092896,0.681,0.311,2.2397261408497364,0.7629517157607045,1.1198630704248682,6.0,0.0769230769230769,3.0,2.2222222222222223,0.0634920634920634,1.1111111111111112,0.5920000000000001,0.322,0.378,0.2159999999999999,0.195,0.081,2.5,0.25,1.25,-0.384
729,Ir-U,5.293799237611181,0.4399237611181701,2.6468996188055907,2.1311475409836067,0.2732240437158471,1.0655737704918034,-0.7569999999999999,1.675,2.278828368716009,0.7238494878944317,1.1394141843580046,6.5,0.5769230769230769,3.25,2.4285714285714284,0.2698412698412698,1.2142857142857142,1.383,1.113,0.31,0.148,0.13,0.0159999999999999,1.875,0.375,0.9375,-0.272
730,Ir-Np,5.433570520965692,0.3001524777636596,2.716785260482846,1.9125683060109289,0.4918032786885246,0.9562841530054644,-2.037,2.989,2.007729895370345,0.994947961240096,1.0038649476851724,6.538461538461538,0.6153846153846154,3.269230769230769,2.4365079365079363,0.2777777777777778,1.218253968253968,1.421,1.151,0.328,0.1659999999999999,0.112,0.002,2.0,0.25,1.0,-0.251
731,Pt-Pt,5.463786531130877,0.0,2.7318932655654384,2.4043715846994536,0.0,1.2021857923497268,0.874,0.0,2.2542031306076247,0.0,1.1271015653038123,6.0,0.0,3.0,2.2063492063492065,0.0,1.1031746031746033,0.524,0.0,0.41,0.0,0.188,0.0,2.5,0.0,1.25,-0.329
732,Pt-Au,5.184243964421855,0.2795425667090215,2.592121982210928,2.513661202185792,0.1092896174863386,1.256830601092896,0.541,0.227,1.865488777848328,0.3887143527592965,0.932744388924164,6.038461538461538,0.0384615384615384,3.019230769230769,2.246031746031746,0.0396825396825396,1.123015873015873,0.7190000000000001,0.195,0.502,0.092,0.232,0.044,2.625,0.125,1.3125,-0.281
733,Pt-U,5.158831003811944,0.3049555273189325,2.579415501905972,2.1311475409836067,0.2732240437158471,1.0655737704918034,-0.915,1.6589999999999998,1.9045910057146007,0.3496121248930237,0.9522955028573006,6.538461538461538,0.5384615384615384,3.269230769230769,2.452380952380953,0.246031746031746,1.2261904761904765,1.51,0.986,0.434,0.024,0.1669999999999999,0.021,2.0,0.5,1.0,-0.342
734,Pt-Np,5.298602287166455,0.1651842439644219,2.6493011435832274,1.9125683060109289,0.4918032786885246,0.9562841530054644,-2.189,2.963,1.6334925323689369,0.620710598238688,0.8167462661844684,6.576923076923077,0.5769230769230769,3.2884615384615383,2.4603174603174605,0.2539682539682539,1.2301587301587302,1.548,1.024,0.4519999999999999,0.042,0.149,0.039,2.125,0.375,1.0625,-0.319
735,Au-Au,4.9047013977128335,0.0,2.4523506988564168,2.622950819672131,0.0,1.3114754098360657,0.282,0.0,1.4767744250890318,0.0,0.7383872125445159,6.076923076923077,0.0,3.0384615384615383,2.2857142857142856,0.0,1.1428571428571428,0.914,0.0,0.594,0.0,0.276,0.0,2.75,0.0,1.375,-0.113
736,Au-U,4.879288437102924,0.0254129606099109,2.4396442185514617,2.240437158469945,0.3825136612021858,1.1202185792349726,-1.164,1.486,1.5158766529553045,0.0391022278662729,0.7579383264776522,6.576923076923077,0.5,3.2884615384615383,2.492063492063492,0.2063492063492063,1.246031746031746,1.705,0.7909999999999999,0.526,0.0679999999999999,0.211,0.065,2.125,0.625,1.0625,-0.515
737,Au-Np,5.019059720457434,0.1143583227445995,2.509529860228717,2.021857923497268,0.6010928961748633,1.010928961748634,-2.427,2.765,1.2447781796096402,0.2319962454793915,0.6223890898048201,6.615384615384615,0.5384615384615384,3.3076923076923075,2.5,0.2142857142857142,1.25,1.743,0.829,0.544,0.0499999999999999,0.193,0.083,2.25,0.5,1.125,-0.499
738,U-U,4.853875476493012,0.0,2.426937738246506,1.8579234972677596,0.0,0.9289617486338796,-2.76,0.002,1.5549788808215774,0.0,0.7774894404107887,7.076923076923077,0.0,3.5384615384615383,2.6984126984126986,0.0,1.3492063492063493,2.496,0.0,0.458,0.0,0.146,0.0,1.5,0.0,0.75,-0.643
739,U-Np,4.993646759847522,0.1397712833545105,2.496823379923761,1.639344262295082,0.2185792349726775,0.819672131147541,-3.904,1.2540000000000002,1.2838804074759131,0.2710984733456644,0.6419402037379566,7.115384615384615,0.0384615384615384,3.5576923076923075,2.7063492063492065,0.0079365079365079,1.3531746031746033,2.534,0.038,0.476,0.0179999999999999,0.128,0.0179999999999999,1.625,0.125,0.8125,-0.564
740,Np-Np,5.133418043202033,0.0,2.5667090216010164,1.4207650273224044,0.0,0.7103825136612022,-4.943,0.0009999999999998,1.0127819341302486,0.0,0.5063909670651243,7.153846153846154,0.0,3.576923076923077,2.7142857142857144,0.0,1.3571428571428572,2.572,0.0,0.494,0.0,0.11,0.0,1.75,0.0,0.875,-0.569
