Elements,Density_sum,Density_diff,Density_aver,Eneg_sum,Eneg_diff,Eneg_aver,Magnetic_sum,Magnetic_diff,Melting_sum,Melting_diff,Melting_aver,Number_sum,Number_diff,Number_aver,Radius_sum,Radius_diff,Radius_aver,Vacancy_1_sum,Vacancy_1_diff,Vacancy_2_sum,Vacancy_2_diff,Vacancy_3_sum,Vacancy_3_diff,Valence_sum,Valence_diff,Valence_aver,Energy_binding
Be-Be,0.47013977128335455,0.0,0.23506988564167727,1.715846994535519,0.0,0.8579234972677595,-0.246,0.0,1.722828037434779,0.0,0.8614140187173895,0.3076923076923077,0.0,0.15384615384615385,1.7777777777777777,0.0,0.8888888888888888,0.214,0.0,0.288,0.0,-0.016,0.0,0.5,0.0,0.25,0.062
Be-B,0.5324015247776365,0.062261753494282056,0.26620076238881824,1.9726775956284155,0.2568306010928961,0.9863387978142077,-0.258,0.0040000000000000036,2.1590149904756646,0.4361869530408856,1.0795074952378323,0.34615384615384615,0.038461538461538464,0.17307692307692307,1.6666666666666667,0.1111111111111111,0.8333333333333334,0.27899999999999997,0.06499999999999999,0.46699999999999997,0.17900000000000002,-0.07300000000000001,0.057,0.625,0.125,0.3125,0.057
Be-Al,0.5781448538754765,0.10800508259212199,0.28907242693773827,1.7377049180327868,0.021857923497267777,0.8688524590163934,-0.191,0.05299999999999999,1.3768174916489522,0.34601054578582674,0.6884087458244761,0.6538461538461539,0.34615384615384615,0.3269230769230769,2.0238095238095237,0.24603174603174602,1.0119047619047619,0.45599999999999996,0.242,0.16399999999999998,0.12399999999999999,0.054,0.07,0.625,0.125,0.3125,0.108
Be-Si,0.5310800508259212,0.060940279542566714,0.2655400254129606,1.896174863387978,0.18032786885245894,0.948087431693989,-0.203,0.03899999999999999,1.7929492311514783,0.07012119371669934,0.8964746155757392,0.6923076923076923,0.38461538461538464,0.34615384615384615,1.9841269841269842,0.20634920634920634,0.9920634920634921,0.40199999999999997,0.188,0.269,0.01899999999999999,-0.004,0.012,0.75,0.25,0.375,0.012
Be-P,0.576874205844981,0.10673443456162642,0.2884371029224905,2.054644808743169,0.3387978142076502,1.0273224043715845,-0.179,0.07300000000000001,1.2419181183226127,0.48090991911216635,0.6209590591613063,0.7307692307692307,0.4230769230769231,0.36538461538461536,1.9047619047619047,0.12698412698412698,0.9523809523809523,0.476,0.262,0.4,0.11200000000000002,-0.029,0.013000000000000001,0.875,0.375,0.4375,-0.032
Be-S,0.49809402795425667,0.02795425667090213,0.24904701397712833,2.26775956284153,0.5519125683060109,1.133879781420765,-0.11900000000000001,0.15300000000000002,1.0758413162907545,0.6469867211440244,0.5379206581453773,0.7692307692307693,0.46153846153846156,0.38461538461538464,1.8968253968253967,0.11904761904761904,0.9484126984126984,0.6799999999999999,0.46599999999999997,0.521,0.233,-0.004,0.012,1.0,0.5,0.5,0.078
Be-Sc,0.6149936467598475,0.14485387547649303,0.30749682337992373,1.6010928961748634,0.11475409836065571,0.8005464480874317,-0.648,0.374,1.8630704248681778,0.14024238743339867,0.9315352124340889,0.9615384615384616,0.6538461538461539,0.4807692307692308,2.1746031746031744,0.3968253968253968,1.0873015873015872,0.816,0.602,0.022999999999999993,0.265,0.07200000000000001,0.088,0.625,0.125,0.3125,0.127
Be-Ti,0.8076238881829733,0.3374841168996188,0.40381194409148663,1.6994535519125684,0.016393442622950834,0.8497267759562842,-1.053,0.791,1.9342958893520692,0.21146785191729012,0.9671479446760346,1.0,0.6923076923076923,0.5,2.0555555555555554,0.2777777777777778,1.0277777777777777,0.368,0.15400000000000003,-0.016000000000000014,0.304,0.008,0.024,0.75,0.25,0.375,-0.028
Be-V,0.9974587039390088,0.5273189326556544,0.4987293519695044,1.7486338797814207,0.032786885245901544,0.8743169398907104,-1.522,1.272,2.066808381415123,0.34398034398034394,1.0334041907075615,1.0384615384615385,0.7307692307692307,0.5192307692307693,1.9523809523809523,0.1746031746031746,0.9761904761904762,0.163,0.051,0.057999999999999996,0.22999999999999998,-0.016,0.0,0.875,0.375,0.4375,-0.1
Be-Cr,1.1435832274459974,0.673443456162643,0.5717916137229987,1.7650273224043715,0.04918032786885238,0.8825136612021858,-2.037,1.8010000000000002,2.065151975264335,0.3423239378295558,1.0325759876321674,1.0769230769230769,0.7692307692307693,0.5384615384615384,1.9047619047619047,0.12698412698412698,0.9523809523809523,0.157,0.056999999999999995,0.149,0.13899999999999998,-0.01,0.006,1.0,0.5,0.5,-0.089
Be-Mn,1.1626429479034308,0.6925031766200761,0.5813214739517154,1.7049180327868851,0.010928961748633888,0.8524590163934426,-2.603,2.379,1.7001904867073407,0.022637550727438366,0.8500952433536704,1.1153846153846154,0.8076923076923077,0.5576923076923077,1.8968253968253967,0.11904761904761904,0.9484126984126984,0.239,0.02500000000000001,0.238,0.04999999999999999,0.011,0.027,1.125,0.625,0.5625,0.004
Be-Co,1.3608640406607369,0.8907242693773825,0.6804320203303684,1.8852459016393444,0.16939890710382505,0.9426229508196722,1.539,1.801,1.837672197222759,0.11484415978798,0.9188360986113795,1.1923076923076923,0.8846153846153846,0.5961538461538461,1.880952380952381,0.10317460317460317,0.9404761904761905,0.097,0.11699999999999999,0.257,0.030999999999999986,0.008,0.024,1.375,0.875,0.6875,-0.009
Be-Ni,1.3659466327827192,0.8958068614993647,0.6829733163913596,1.901639344262295,0.18579234972677588,0.9508196721311475,0.701,0.951,1.8155867818789166,0.0927587444441377,0.9077933909394583,1.2307692307692308,0.9230769230769231,0.6153846153846154,1.873015873015873,0.09523809523809523,0.9365079365079365,0.212,0.0020000000000000018,0.364,0.07600000000000001,0.038,0.054,1.5,1.0,0.75,0.049
Be-Cu,1.3735705209656925,0.9034307496823382,0.6867852604828463,1.896174863387978,0.18032786885245894,0.948087431693989,-0.007999999999999993,0.242,1.611086878502609,0.11174115893217022,0.8055434392513044,1.2692307692307692,0.9615384615384616,0.6346153846153846,1.9047619047619047,0.12698412698412698,0.9523809523809523,0.361,0.14700000000000002,0.363,0.07500000000000001,0.046,0.062,1.625,1.125,0.8125,0.187
Be-Zn,1.1415501905972045,0.6714104193138501,0.5707750952986023,1.7595628415300544,0.043715846994535436,0.8797814207650272,-0.196,0.05,1.243865499820556,0.4789625376142231,0.621932749910278,1.3076923076923077,1.0,0.6538461538461539,1.9523809523809523,0.1746031746031746,0.9761904761904762,0.434,0.22000000000000003,0.256,0.03199999999999999,0.034999999999999996,0.051,1.75,1.25,0.875,0.135
Be-Ga,0.9860228716645488,0.5158831003811944,0.4930114358322744,1.8469945355191255,0.13114754098360654,0.9234972677595628,-0.28300000000000003,0.03900000000000001,1.0286638875852359,0.6941641498495431,0.5143319437926179,1.3461538461538463,1.0384615384615385,0.6730769230769231,2.0,0.2222222222222222,1.0,0.51,0.29600000000000004,0.237,0.05099999999999999,0.032,0.048,0.625,0.125,0.3125,0.102
Be-Ge,0.9114866581956799,0.4413468869123253,0.45574332909783993,1.9562841530054644,0.2404371584699452,0.9781420765027322,-0.23099999999999998,0.010999999999999996,1.5302708224056538,0.19255721502912512,0.7651354112028269,1.3846153846153846,1.0769230769230769,0.6923076923076923,2.0317460317460316,0.25396825396825395,1.0158730158730158,0.5740000000000001,0.36000000000000004,0.302,0.014000000000000012,0.023,0.039,0.75,0.25,0.375,0.06
Be-As,0.96569250317662,0.49555273189326554,0.48284625158831,2.0491803278688523,0.33333333333333337,1.0245901639344261,-0.19,0.057999999999999996,1.4633244071446319,0.2595036302901471,0.7316622035723159,1.4230769230769231,1.1153846153846154,0.7115384615384616,2.0634920634920637,0.2857142857142857,1.0317460317460319,0.643,0.42900000000000005,0.372,0.08400000000000002,0.002999999999999999,0.019,0.875,0.375,0.4375,-0.001
Be-Se,0.8473951715374841,0.37725540025412957,0.42369758576874206,2.251366120218579,0.5355191256830599,1.1256830601092895,-0.14200000000000002,0.114,1.1342517185213814,0.5885763189133976,0.5671258592606907,1.4615384615384615,1.1538461538461537,0.7307692307692307,2.0,0.2222222222222222,1.0,0.782,0.5680000000000001,0.45199999999999996,0.164,0.006,0.022,1.0,0.5,0.5,0.018
Be-Zr,1.0635324015247776,0.5933926302414231,0.5317662007623888,1.5846994535519128,0.13114754098360654,0.7923497267759564,-0.5549999999999999,0.289,2.0358887999337436,0.31306076249896475,1.0179443999668718,1.6923076923076923,1.3846153846153846,0.8461538461538461,2.1587301587301586,0.38095238095238093,1.0793650793650793,0.852,0.638,0.05299999999999999,0.235,0.057,0.07300000000000001,0.75,0.25,0.375,0.052
Be-Nb,1.3240152477763658,0.8538754764930115,0.6620076238881829,1.7322404371584699,0.016393442622950834,0.8661202185792349,-0.842,0.588,2.3798691439140875,0.6570411064793087,1.1899345719570438,1.7307692307692308,1.4230769230769231,0.8653846153846154,2.0476190476190474,0.2698412698412698,1.0238095238095237,0.502,0.28800000000000003,0.0020000000000000018,0.286,0.045,0.061,0.875,0.375,0.4375,-0.03
Be-Mo,1.531130876747141,1.0609911054637864,0.7655654383735705,2.038251366120219,0.3224043715846995,1.0191256830601094,-0.916,0.676,2.4599287745355163,0.7371007371007371,1.2299643872677581,1.7692307692307692,1.4615384615384615,0.8846153846153846,1.992063492063492,0.21428571428571427,0.996031746031746,0.277,0.06300000000000001,0.026999999999999982,0.261,0.018,0.034,1.0,0.5,0.5,-0.085
Be-Ru,1.772554002541296,1.3024142312579414,0.886277001270648,2.0601092896174866,0.34426229508196726,1.0300546448087433,0.054000000000000006,0.28400000000000003,2.3003616486762555,0.5775336112414764,1.1501808243381277,1.8461538461538463,1.5384615384615385,0.9230769230769231,1.9523809523809523,0.1746031746031746,0.9761904761904762,0.22899999999999998,0.015,0.16099999999999998,0.127,0.039,0.055,1.25,0.75,0.625,0.007
Be-Rh,1.8106734434561627,1.3405336721728083,0.9053367217280813,2.1038251366120218,0.38797814207650255,1.0519125683060109,0.487,0.731,2.096071556745714,0.373243519310935,1.048035778372857,1.8846153846153846,1.5769230769230769,0.9423076923076923,1.9523809523809523,0.1746031746031746,0.9761904761904762,0.264,0.05,0.254,0.03399999999999999,0.058,0.07400000000000001,1.375,0.875,0.6875,0.089
Be-Pd,1.7598475222363406,1.289707750952986,0.8799237611181703,2.0601092896174866,0.34426229508196726,1.0300546448087433,0.22799999999999998,0.474,1.8706898931618035,0.14786185572702423,0.9353449465809017,1.9230769230769231,1.6153846153846154,0.9615384615384616,1.9761904761904763,0.1984126984126984,0.9880952380952381,0.40099999999999997,0.187,0.361,0.07300000000000001,0.098,0.11399999999999999,1.5,1.0,0.75,0.152
Be-Sn,1.1609911054637865,0.690851334180432,0.5804955527318932,1.92896174863388,0.2131147540983606,0.96448087431694,-0.298,0.057999999999999996,1.1402865582640862,0.5825414791706928,0.5701432791320431,2.076923076923077,1.7692307692307692,1.0384615384615385,2.1825396825396823,0.40476190476190477,1.0912698412698412,0.865,0.651,0.258,0.029999999999999985,0.101,0.11699999999999999,0.75,0.25,0.375,0.157
Be-Sb,1.0838627700127064,0.613722998729352,0.5419313850063532,1.9781420765027322,0.26229508196721296,0.9890710382513661,-0.208,0.034,1.3604218314330672,0.36240620600171164,0.6802109157165336,2.1153846153846154,1.8076923076923077,1.0576923076923077,2.2063492063492065,0.42857142857142855,1.1031746031746033,0.856,0.642,0.275,0.012999999999999984,0.05,0.066,0.875,0.375,0.4375,0.049
Be-Te,1.0269377382465057,0.5567979669631512,0.5134688691232528,2.0054644808743167,0.2896174863387978,1.0027322404371584,-0.191,0.056999999999999995,1.2604201750269166,0.46240786240786247,0.6302100875134583,2.1538461538461537,1.8461538461538463,1.0769230769230769,2.1587301587301586,0.38095238095238093,1.0793650793650793,0.908,0.6940000000000001,0.33999999999999997,0.05200000000000002,0.023,0.039,1.0,0.5,0.5,-0.014
Be-Hf,1.9250317662007623,1.454891994917408,0.9625158831003812,1.5683060109289617,0.14754098360655737,0.7841530054644809,-0.675,0.41100000000000003,2.2451481103166495,0.5223200728818707,1.1225740551583248,2.923076923076923,2.6153846153846154,1.4615384615384615,2.1507936507936507,0.373015873015873,1.0753968253968254,0.753,0.539,-0.0040000000000000036,0.292,0.065,0.08099999999999999,0.75,0.25,0.375,0.046
Be-Ta,2.318932655654384,1.848792884371029,1.159466327827192,1.6775956284153006,0.038251366120218615,0.8387978142076503,-0.868,0.618,2.678022251055959,0.9551942136211798,1.3390111255279795,2.9615384615384617,2.6538461538461537,1.4807692307692308,2.0476190476190474,0.2698412698412698,1.0238095238095237,0.428,0.21400000000000002,-0.036000000000000004,0.32399999999999995,0.032,0.048,0.875,0.375,0.4375,-0.066
Be-W,2.6874205844980943,2.2172808132147392,1.3437102922490471,1.7868852459016393,0.07103825136612016,0.8934426229508197,-0.865,0.631,2.897219998343594,1.1743919609088147,1.448609999171797,3.0,2.6923076923076925,1.5,1.992063492063492,0.21428571428571427,0.996031746031746,0.236,0.022000000000000006,-0.0050000000000000044,0.293,0.008,0.024,1.0,0.5,0.5,-0.125
Be-Re,2.8780177890724272,2.407878017789072,1.4390088945362136,1.896174863387978,0.18032786885245894,0.948087431693989,-0.708,0.488,2.7707809955000964,1.0479529580653175,1.3853904977500482,3.0384615384615383,2.730769230769231,1.5192307692307692,1.9761904761904763,0.1984126984126984,0.9880952380952381,0.184,0.03,0.055999999999999994,0.23199999999999998,0.002,0.018000000000000002,1.125,0.625,0.5625,-0.122
Be-Os,3.105108005082592,2.6349682337992375,1.552554002541296,2.0601092896174866,0.34426229508196726,1.0300546448087433,-0.301,0.08700000000000001,2.686856417193496,0.9640283797587168,1.343428208596748,3.076923076923077,2.769230769230769,1.5384615384615385,1.9603174603174602,0.18253968253968253,0.9801587301587301,0.198,0.016,0.128,0.15999999999999998,0.012,0.028,1.25,0.75,0.625,-0.051
Be-Ir,3.1019313850063535,2.6317916137229984,1.5509656925031767,2.0601092896174866,0.34426229508196726,1.0300546448087433,0.315,0.541,2.36275294702261,0.6399249095878309,1.181376473511305,3.1153846153846154,2.8076923076923075,1.5576923076923077,1.9682539682539681,0.19047619047619047,0.9841269841269841,0.242,0.02800000000000001,0.22499999999999998,0.06299999999999999,0.049,0.065,1.375,0.875,0.6875,0.057
Be-Pt,2.966963151207116,2.496823379923761,1.483481575603558,2.0601092896174866,0.34426229508196726,1.0300546448087433,0.253,0.489,1.9885155840212019,0.26568754658642285,0.9942577920106009,3.1538461538461537,2.8461538461538463,1.5769230769230769,1.992063492063492,0.21428571428571427,0.996031746031746,0.369,0.15500000000000003,0.349,0.061,0.086,0.10200000000000001,1.5,1.0,0.75,0.118
Be-Au,2.6874205844980943,2.2172808132147392,1.3437102922490471,2.169398907103825,0.4535519125683059,1.0846994535519126,0.02100000000000002,0.259,1.5998012312619054,0.12302680617287368,0.7999006156309527,3.1923076923076925,2.8846153846153846,1.5961538461538463,2.0317460317460316,0.25396825396825395,1.0158730158730158,0.5640000000000001,0.35000000000000003,0.44099999999999995,0.153,0.13,0.14600000000000002,1.625,1.125,0.8125,0.208
Be-U,2.6620076238881833,2.1918678526048283,1.3310038119440917,1.7868852459016393,0.07103825136612016,0.8934426229508197,-1.479,1.2349999999999999,1.6389034591281781,0.08392457830660077,0.8194517295640891,3.6923076923076925,3.3846153846153846,1.8461538461538463,2.238095238095238,0.4603174603174603,1.119047619047619,1.355,1.141,0.373,0.08500000000000002,0.065,0.08099999999999999,1.0,0.5,0.5,-0.152
Be-Np,2.801778907242694,2.331639135959339,1.400889453621347,1.5683060109289617,0.14754098360655737,0.7841530054644809,-2.916,2.6679999999999997,1.3678049857825139,0.35502305165226516,0.6839024928912569,3.730769230769231,3.423076923076923,1.8653846153846154,2.246031746031746,0.46825396825396826,1.123015873015873,1.393,1.179,0.391,0.10300000000000001,0.047,0.063,1.125,0.625,0.5625,-0.13
B-B,0.5946632782719187,0.0,0.29733163913595934,2.2295081967213113,0.0,1.1147540983606556,-0.292,0.0,2.59520194351655,0.0,1.297600971758275,0.38461538461538464,0.0,0.19230769230769232,1.5555555555555556,0.0,0.7777777777777778,0.344,0.0,0.646,0.0,-0.13,0.0,0.75,0.0,0.375,0.028
B-Al,0.6404066073697585,0.04574332909783994,0.32020330368487926,1.9945355191256833,0.23497267759562837,0.9972677595628416,-0.202,0.05600000000000001,1.813004444689838,0.7821974988267123,0.906502222344919,0.6923076923076923,0.3076923076923077,0.34615384615384615,1.9126984126984128,0.35714285714285715,0.9563492063492064,0.5209999999999999,0.177,0.343,0.303,-0.0030000000000000027,0.127,0.75,0.0,0.375,0.143
B-Si,0.5933418043202033,0.001321473951715342,0.29667090216010167,2.153005464480874,0.07650273224043723,1.076502732240437,-0.233,0.04300000000000001,2.229136184192364,0.3660657593241863,1.114568092096182,0.7307692307692307,0.34615384615384615,0.36538461538461536,1.873015873015873,0.31746031746031744,0.9365079365079365,0.46699999999999997,0.123,0.448,0.198,-0.061,0.069,0.875,0.125,0.4375,-0.026
B-P,0.6391359593392629,0.04447268106734436,0.31956797966963146,2.3114754098360657,0.08196721311475405,1.1557377049180328,-0.211,0.07899999999999999,1.6781050713634984,0.9170968721530519,0.8390525356817492,0.7692307692307693,0.38461538461538464,0.38461538461538464,1.7936507936507937,0.23809523809523808,0.8968253968253969,0.5409999999999999,0.197,0.579,0.067,-0.08600000000000001,0.044,1.0,0.25,0.5,-0.044
B-S,0.5603557814485388,0.03430749682337993,0.2801778907242694,2.5245901639344264,0.29508196721311475,1.2622950819672132,-0.129,0.15899999999999997,1.5120282693316403,1.08317367418491,0.7560141346658201,0.8076923076923077,0.4230769230769231,0.40384615384615385,1.7857142857142858,0.23015873015873015,0.8928571428571429,0.7449999999999999,0.40099999999999997,0.7,0.05399999999999999,-0.061,0.069,1.125,0.375,0.5625,0.2
B-Sc,0.6772554002541296,0.08259212198221097,0.3386277001270648,1.8579234972677596,0.3715846994535519,0.9289617486338798,-0.601,0.34299999999999997,2.2992573779090635,0.29594456560748694,1.1496286889545317,1.0,0.6153846153846154,0.5,2.0634920634920637,0.5079365079365079,1.0317460317460319,0.881,0.5369999999999999,0.202,0.444,0.015,0.14500000000000002,0.75,0.0,0.375,0.407
B-Ti,0.8698856416772554,0.2752223634053368,0.4349428208386277,1.9562841530054644,0.27322404371584696,0.9781420765027322,-1.0030000000000001,0.759,2.370482842392955,0.2247191011235955,1.1852414211964775,1.0384615384615385,0.6538461538461539,0.5192307692307693,1.9444444444444444,0.3888888888888889,0.9722222222222222,0.433,0.08900000000000002,0.163,0.483,-0.049,0.081,0.875,0.125,0.4375,0.123
B-V,1.059720457433291,0.4650571791613723,0.5298602287166455,2.0054644808743167,0.22404371584699462,1.0027322404371584,-1.485,1.2550000000000001,2.5029953344560085,0.09220660906054164,1.2514976672280043,1.0769230769230769,0.6923076923076923,0.5384615384615384,1.8412698412698412,0.2857142857142857,0.9206349206349206,0.22799999999999998,0.11599999999999999,0.23700000000000002,0.40900000000000003,-0.07300000000000001,0.057,1.0,0.25,0.5,-0.043
B-Cr,1.2058449809402796,0.6111817026683609,0.6029224904701398,2.021857923497268,0.20765027322404378,1.010928961748634,-2.1020000000000003,1.8760000000000001,2.5013389283052203,0.09386301521132981,1.2506694641526102,1.1153846153846154,0.7307692307692307,0.5576923076923077,1.7936507936507937,0.23809523809523808,0.8968253968253969,0.22199999999999998,0.12199999999999998,0.328,0.318,-0.067,0.063,1.125,0.375,0.5625,-0.078
B-Mn,1.2249047013977128,0.6302414231257941,0.6124523506988564,1.9617486338797812,0.26775956284153,0.9808743169398906,-2.8409999999999997,2.629,2.1363774397482262,0.45882450376832395,1.0681887198741131,1.1538461538461537,0.7692307692307693,0.5769230769230769,1.7857142857142858,0.23015873015873015,0.8928571428571429,0.304,0.03999999999999998,0.41700000000000004,0.229,-0.046,0.084,1.25,0.5,0.625,0.047
B-Co,1.423125794155019,0.8284625158831003,0.7115628970775095,2.14207650273224,0.08743169398907111,1.07103825136612,1.501,1.7650000000000001,2.2738591502636445,0.3213427932529056,1.1369295751318222,1.2307692307692308,0.8461538461538461,0.6153846153846154,1.7698412698412698,0.21428571428571427,0.8849206349206349,0.16199999999999998,0.182,0.436,0.21000000000000002,-0.049,0.081,1.5,0.75,0.75,-0.045
B-Ni,1.4282083862770012,0.8335451080050826,0.7141041931385006,2.158469945355191,0.07103825136612028,1.0792349726775956,0.653,0.905,2.2517737349198024,0.3434282085967479,1.1258868674599012,1.2692307692307692,0.8846153846153846,0.6346153846153846,1.7619047619047619,0.20634920634920634,0.8809523809523809,0.27699999999999997,0.06699999999999999,0.543,0.10300000000000001,-0.019000000000000003,0.111,1.625,0.875,0.8125,-0.004
B-Cu,1.4358322744599747,0.8411689961880561,0.7179161372299874,2.153005464480874,0.07650273224043723,1.076502732240437,-0.012999999999999998,0.245,2.047273831543494,0.5479281119730558,1.023636915771747,1.3076923076923077,0.9230769230769231,0.6538461538461539,1.7936507936507937,0.23809523809523808,0.8968253968253969,0.426,0.08200000000000002,0.542,0.10400000000000001,-0.011000000000000003,0.119,1.75,1.0,0.875,0.195
B-Zn,1.2038119440914867,0.6091486658195681,0.6019059720457434,2.0163934426229506,0.21311475409836073,1.0081967213114753,-0.20500000000000002,0.06100000000000001,1.6800524528614416,0.9151494906551086,0.8400262264307208,1.3461538461538463,0.9615384615384616,0.6730769230769231,1.8412698412698412,0.2857142857142857,0.9206349206349206,0.499,0.15500000000000003,0.435,0.21100000000000002,-0.022000000000000006,0.108,1.875,1.125,0.9375,0.164
B-Ga,1.048284625158831,0.45362134688691236,0.5241423125794155,2.1038251366120218,0.1256830601092896,1.0519125683060109,-0.30300000000000005,0.033,1.4648508406261216,1.1303511028904287,0.7324254203130608,1.3846153846153846,1.0,0.6923076923076923,1.8888888888888888,0.3333333333333333,0.9444444444444444,0.575,0.23100000000000004,0.41600000000000004,0.23,-0.025,0.10500000000000001,0.75,0.0,0.375,0.126
B-Ge,0.9737484116899618,0.3790851334180433,0.4868742058449809,2.2131147540983607,0.016393442622950956,1.1065573770491803,-0.262,0.016000000000000014,1.9664577754465395,0.6287441680700108,0.9832288877232698,1.4230769230769231,1.0384615384615385,0.7115384615384616,1.9206349206349207,0.36507936507936506,0.9603174603174603,0.639,0.29500000000000004,0.481,0.165,-0.034,0.096,0.875,0.125,0.4375,0.066
B-As,1.0279542566709021,0.4332909783989835,0.5139771283354511,2.306010928961749,0.07650273224043723,1.1530054644808745,-0.22099999999999997,0.06499999999999999,1.8995113601855176,0.6956905833310327,0.9497556800927588,1.4615384615384615,1.0769230769230769,0.7307692307692307,1.9523809523809523,0.3968253968253968,0.9761904761904762,0.708,0.36400000000000005,0.551,0.095,-0.054000000000000006,0.076,1.0,0.25,0.5,0.04
B-Se,0.9096569250317662,0.31499364675984753,0.4548284625158831,2.5081967213114753,0.2786885245901638,1.2540983606557377,-0.16299999999999998,0.12299999999999998,1.5704386715622671,1.0247632719542832,0.7852193357811336,1.5,1.1153846153846154,0.75,1.8888888888888888,0.3333333333333333,0.9444444444444444,0.847,0.5030000000000001,0.631,0.015000000000000013,-0.051000000000000004,0.079,1.125,0.375,0.5625,0.159
B-Zr,1.1257941550190596,0.531130876747141,0.5628970775095298,1.8415300546448088,0.3879781420765027,0.9207650273224044,-0.526,0.28,2.4720757529746296,0.12312619054192088,1.2360378764873148,1.7307692307692308,1.3461538461538463,0.8653846153846154,2.0476190476190474,0.49206349206349204,1.0238095238095237,0.917,0.573,0.232,0.41400000000000003,0.0,0.13,0.875,0.125,0.4375,0.351
B-Nb,1.386277001270648,0.7916137229987293,0.693138500635324,1.989071038251366,0.24043715846994532,0.994535519125683,-0.8039999999999999,0.572,2.8160560969549735,0.2208541534384231,1.4080280484774867,1.7692307692307692,1.3846153846153846,0.8846153846153846,1.9365079365079365,0.38095238095238093,0.9682539682539683,0.567,0.22300000000000003,0.18100000000000002,0.46499999999999997,-0.012000000000000004,0.118,1.0,0.25,0.5,0.146
B-Mo,1.593392630241423,0.9987293519695044,0.7966963151207115,2.2950819672131146,0.06557377049180334,1.1475409836065573,-0.875,0.657,2.896115727576402,0.3009137840598515,1.448057863788201,1.8076923076923077,1.4230769230769231,0.9038461538461539,1.880952380952381,0.3253968253968254,0.9404761904761905,0.34199999999999997,0.001999999999999974,0.20600000000000002,0.44,-0.03900000000000001,0.091,1.125,0.375,0.5625,-0.009
B-Ru,1.834815756035578,1.2401524777636594,0.917407878017789,2.3169398907103824,0.08743169398907111,1.1584699453551912,0.09999999999999999,0.324,2.736548601717141,0.14134665820059078,1.3682743008585705,1.8846153846153846,1.5,0.9423076923076923,1.8412698412698412,0.2857142857142857,0.9206349206349206,0.294,0.04999999999999999,0.34,0.306,-0.018000000000000002,0.112,1.375,0.625,0.6875,0.037
B-Rh,1.8729351969504446,1.278271918678526,0.9364675984752223,2.360655737704918,0.13114754098360643,1.180327868852459,0.45999999999999996,0.708,2.5322585097865997,0.06294343372995058,1.2661292548932999,1.9230769230769231,1.5384615384615385,0.9615384615384616,1.8412698412698412,0.2857142857142857,0.9206349206349206,0.32899999999999996,0.014999999999999986,0.433,0.21300000000000002,0.0010000000000000009,0.131,1.5,0.75,0.75,0.068
B-Pd,1.8221092757306225,1.227445997458704,0.9110546378653113,2.3169398907103824,0.08743169398907111,1.1584699453551912,0.20900000000000002,0.465,2.306876846202689,0.28832509731386136,1.1534384231013446,1.9615384615384615,1.5769230769230769,0.9807692307692307,1.8650793650793651,0.30952380952380953,0.9325396825396826,0.46599999999999997,0.122,0.54,0.10600000000000001,0.040999999999999995,0.17099999999999999,1.625,0.875,0.8125,0.119
B-Sn,1.2232528589580685,0.6285895806861499,0.6116264294790342,2.1857923497267757,0.043715846994535554,1.0928961748633879,-0.323,0.05299999999999999,1.576473511304972,1.0187284322115784,0.788236755652486,2.1153846153846154,1.7307692307692308,1.0576923076923077,2.0714285714285716,0.5158730158730159,1.0357142857142858,0.9299999999999999,0.5860000000000001,0.437,0.20900000000000002,0.044,0.174,0.875,0.125,0.4375,0.225
B-Sb,1.1461245235069886,0.5514612452350699,0.5730622617534943,2.2349726775956285,0.005464480874316823,1.1174863387978142,-0.23600000000000002,0.04200000000000001,1.796608784473953,0.7985931590425972,0.8983043922369764,2.1538461538461537,1.7692307692307692,1.0769230769230769,2.0952380952380953,0.5396825396825397,1.0476190476190477,0.921,0.577,0.454,0.192,-0.006999999999999999,0.123,1.0,0.25,0.5,0.126
B-Te,1.0891994917407877,0.49453621346886917,0.5445997458703938,2.2622950819672134,0.03278688524590167,1.1311475409836067,-0.21499999999999997,0.06699999999999999,1.6966071280678021,0.8985948154487481,0.8483035640339011,2.1923076923076925,1.8076923076923077,1.0961538461538463,2.0476190476190474,0.49206349206349204,1.0238095238095237,0.9730000000000001,0.629,0.519,0.127,-0.034,0.096,1.125,0.375,0.5625,0.109
B-Hf,1.9872935196950445,1.392630241423126,0.9936467598475223,1.8251366120218577,0.40437158469945356,0.9125683060109289,-0.629,0.387,2.681335063357535,0.08613311984098501,1.3406675316787675,2.9615384615384617,2.576923076923077,1.4807692307692308,2.0396825396825395,0.48412698412698413,1.0198412698412698,0.8180000000000001,0.47400000000000003,0.17500000000000002,0.471,0.007999999999999993,0.138,0.875,0.125,0.4375,0.31
B-Ta,2.3811944091486654,1.7865311308767469,1.1905972045743327,1.9344262295081966,0.29508196721311475,0.9672131147540983,-0.817,0.589,3.1142092040968445,0.5190072605802942,1.5571046020484223,3.0,2.6153846153846154,1.5,1.9365079365079365,0.38095238095238093,0.9682539682539683,0.493,0.14900000000000002,0.14300000000000002,0.503,-0.025,0.10500000000000001,1.0,0.25,0.5,0.088
B-W,2.7496823379923763,2.1550190597204577,1.3748411689961881,2.0437158469945356,0.185792349726776,1.0218579234972678,-0.821,0.611,3.3334069513844793,0.7382050078679292,1.6667034756922396,3.0384615384615383,2.6538461538461537,1.5192307692307692,1.880952380952381,0.3253968253968254,0.9404761904761905,0.301,0.04299999999999998,0.17400000000000002,0.472,-0.049,0.081,1.125,0.375,0.5625,-0.068
B-Re,2.940279542566709,2.34561626429479,1.4701397712833546,2.153005464480874,0.07650273224043723,1.076502732240437,-0.656,0.4600000000000001,3.2069679485409823,0.611766005024432,1.6034839742704912,3.076923076923077,2.6923076923076925,1.5384615384615385,1.8650793650793651,0.30952380952380953,0.9325396825396826,0.249,0.09499999999999999,0.23500000000000001,0.41100000000000003,-0.055,0.075,1.25,0.5,0.625,-0.117
B-Os,3.167369758576874,2.5727064803049555,1.583684879288437,2.3169398907103824,0.08743169398907111,1.1584699453551912,-0.256,0.052000000000000005,3.1230433702343814,0.5278414267178312,1.5615216851171907,3.1153846153846154,2.730769230769231,1.5576923076923077,1.8492063492063493,0.29365079365079366,0.9246031746031746,0.263,0.08099999999999999,0.307,0.339,-0.045,0.085,1.375,0.625,0.6875,-0.072
B-Ir,3.1641931385006354,2.569529860228717,1.5820965692503177,2.3169398907103824,0.08743169398907111,1.1584699453551912,0.28600000000000003,0.516,2.7989399000634956,0.2037379565469453,1.3994699500317478,3.1538461538461537,2.769230769230769,1.5769230769230769,1.8571428571428572,0.30158730158730157,0.9285714285714286,0.307,0.03699999999999998,0.404,0.242,-0.008,0.122,1.5,0.75,0.75,0.002
B-Pt,3.0292249047013975,2.434561626429479,1.5146124523506987,2.3169398907103824,0.08743169398907111,1.1584699453551912,0.23099999999999998,0.481,2.4247025370620876,0.17049940645446274,1.2123512685310438,3.1923076923076925,2.8076923076923075,1.5961538461538463,1.880952380952381,0.3253968253968254,0.9404761904761905,0.434,0.09000000000000002,0.528,0.11800000000000002,0.028999999999999998,0.159,1.625,0.875,0.8125,0.01
B-Au,2.7496823379923763,2.1550190597204577,1.3748411689961881,2.426229508196721,0.19672131147540975,1.2131147540983604,0.007000000000000006,0.267,2.035988184302791,0.5592137592137593,1.0179940921513955,3.230769230769231,2.8461538461538463,1.6153846153846154,1.9206349206349207,0.36507936507936506,0.9603174603174603,0.629,0.28500000000000003,0.62,0.026000000000000023,0.07300000000000001,0.203,1.75,1.0,0.875,0.145
B-U,2.7242693773824653,2.1296060991105468,1.3621346886912327,2.0437158469945356,0.185792349726776,1.0218579234972678,-1.6640000000000001,1.408,2.0750904121690636,0.5201115313474863,1.0375452060845318,3.730769230769231,3.3461538461538463,1.8653846153846154,2.126984126984127,0.5714285714285714,1.0634920634920635,1.42,1.076,0.552,0.094,0.007999999999999993,0.138,1.125,0.375,0.5625,0.244
B-Np,2.8640406607369755,2.269377382465057,1.4320203303684877,1.8251366120218577,0.40437158469945356,0.9125683060109289,-3.0060000000000002,2.752,1.8039919388233996,0.7912100046931507,0.9019959694116998,3.769230769230769,3.3846153846153846,1.8846153846153846,2.134920634920635,0.5793650793650794,1.0674603174603174,1.458,1.114,0.5700000000000001,0.07600000000000001,-0.010000000000000002,0.12,1.25,0.5,0.625,0.38
Al-Al,0.6861499364675985,0.0,0.34307496823379924,1.7595628415300546,0.0,0.8797814207650273,-0.138,0.0,1.0308069458631255,0.0,0.5154034729315627,1.0,0.0,0.5,2.2698412698412698,0.0,1.1349206349206349,0.698,0.0,0.04,0.0,0.124,0.0,0.75,0.0,0.375,-0.054
Al-Si,0.6390851334180432,0.04706480304955528,0.3195425667090216,1.9180327868852458,0.15846994535519116,0.9590163934426229,-0.15100000000000002,0.010999999999999996,1.4469386853656516,0.4161317395025261,0.7234693426828258,1.0384615384615385,0.038461538461538464,0.5192307692307693,2.2301587301587302,0.03968253968253968,1.1150793650793651,0.6439999999999999,0.05399999999999999,0.145,0.105,0.066,0.057999999999999996,0.875,0.125,0.4375,-0.14
Al-P,0.684879288437103,0.001270648030495582,0.3424396442185515,2.076502732240437,0.3169398907103824,1.0382513661202184,-0.125,0.023,0.895907572536786,0.1348993733263396,0.447953786268393,1.0769230769230769,0.07692307692307693,0.5384615384615384,2.1507936507936507,0.11904761904761904,1.0753968253968254,0.718,0.020000000000000018,0.276,0.23600000000000002,0.040999999999999995,0.083,1.0,0.25,0.5,-0.147
Al-S,0.6060991105463785,0.08005082592121987,0.3030495552731893,2.289617486338798,0.5300546448087431,1.144808743169399,-0.056999999999999995,0.099,0.7298307705049278,0.30097617535819776,0.3649153852524639,1.1153846153846154,0.11538461538461539,0.5576923076923077,2.142857142857143,0.12698412698412698,1.0714285714285714,0.9219999999999999,0.22399999999999998,0.397,0.357,0.066,0.057999999999999996,1.125,0.375,0.5625,0.026
Al-Sc,0.7229987293519695,0.03684879288437103,0.36149936467598476,1.6229508196721312,0.13661202185792348,0.8114754098360656,-0.581,0.435,1.5170598790823508,0.4862529332192254,0.7585299395411754,1.3076923076923077,0.3076923076923077,0.6538461538461539,2.4206349206349205,0.15079365079365079,1.2103174603174602,1.0579999999999998,0.36,-0.10099999999999999,0.141,0.14200000000000002,0.018000000000000002,0.75,0.0,0.375,-0.128
Al-Ti,0.9156289707750953,0.22947903430749683,0.45781448538754765,1.7213114754098362,0.038251366120218615,0.8606557377049181,-0.9830000000000001,0.843,1.5882853435662423,0.5574783977031168,0.7941426717831211,1.3461538461538463,0.34615384615384615,0.6730769230769231,2.3015873015873014,0.031746031746031744,1.1507936507936507,0.61,0.08799999999999997,-0.14,0.18,0.078,0.046,0.875,0.125,0.4375,-0.196
Al-V,1.1054637865311308,0.4193138500635324,0.5527318932655654,1.7704918032786885,0.010928961748633767,0.8852459016393442,-1.466,1.332,1.7207978356292963,0.6899908897661707,0.8603989178146482,1.3846153846153846,0.38461538461538464,0.6923076923076923,2.1984126984126986,0.07142857142857142,1.0992063492063493,0.40499999999999997,0.293,-0.06599999999999999,0.106,0.054,0.07,1.0,0.25,0.5,-0.187
Al-Cr,1.2515883100381195,0.565438373570521,0.6257941550190598,1.7868852459016393,0.0273224043715846,0.8934426229508197,-1.9989999999999999,1.873,1.7191414294785081,0.6883344836153825,0.8595707147392541,1.4230769230769231,0.4230769230769231,0.7115384615384616,2.1507936507936507,0.11904761904761904,1.0753968253968254,0.39899999999999997,0.299,0.025,0.015,0.06,0.064,1.125,0.375,0.5625,-0.098
Al-Mn,1.2706480304955527,0.5844980940279542,0.6353240152477764,1.726775956284153,0.03278688524590167,0.8633879781420765,-2.358,2.236,1.3541799409215138,0.3233729950583884,0.6770899704607569,1.4615384615384615,0.46153846153846156,0.7307692307692307,2.142857142857143,0.12698412698412698,1.0714285714285714,0.481,0.21699999999999997,0.114,0.074,0.081,0.043,1.25,0.5,0.625,0.056
Al-Co,1.4688691232528588,0.7827191867852604,0.7344345616264294,1.9071038251366121,0.14754098360655726,0.9535519125683061,1.52,1.662,1.4916616514369323,0.46085470557380676,0.7458308257184662,1.5384615384615385,0.5384615384615384,0.7692307692307693,2.126984126984127,0.14285714285714285,1.0634920634920635,0.33899999999999997,0.359,0.133,0.093,0.078,0.046,1.5,0.75,0.75,0.039
Al-Ni,1.4739517153748414,0.7878017789072427,0.7369758576874207,1.9234972677595628,0.1639344262295081,0.9617486338797814,0.7030000000000001,0.841,1.46957623609309,0.4387692902299644,0.734788118046545,1.5769230769230769,0.5769230769230769,0.7884615384615384,2.119047619047619,0.15079365079365079,1.0595238095238095,0.45399999999999996,0.244,0.24,0.2,0.108,0.016,1.625,0.875,0.8125,0.168
Al-Cu,1.4815756035578145,0.7954256670902161,0.7407878017789072,1.9180327868852458,0.15846994535519116,0.9590163934426229,0.05199999999999999,0.192,1.265076332716782,0.23426938685365653,0.632538166358391,1.6153846153846154,0.6153846153846154,0.8076923076923077,2.1507936507936507,0.11904761904761904,1.0753968253968254,0.603,0.09499999999999997,0.239,0.199,0.11599999999999999,0.008,1.75,1.0,0.875,0.236
Al-Zn,1.2495552731893265,0.5634053367217281,0.6247776365946632,1.7814207650273222,0.021857923497267655,0.8907103825136611,-0.14200000000000002,0.001999999999999988,0.8978549540347291,0.13295199182839634,0.4489274770173646,1.6538461538461537,0.6538461538461539,0.8269230769230769,2.1984126984126986,0.07142857142857142,1.0992063492063493,0.6759999999999999,0.021999999999999964,0.132,0.092,0.105,0.019000000000000003,1.875,1.125,0.9375,0.065
Al-Ga,1.0940279542566709,0.4078780177890724,0.5470139771283354,1.8688524590163933,0.10928961748633877,0.9344262295081966,-0.23,0.09,0.6826533417994092,0.3481536040637164,0.3413266708997046,1.6923076923076923,0.6923076923076923,0.8461538461538461,2.246031746031746,0.023809523809523808,1.123015873015873,0.752,0.05400000000000005,0.113,0.073,0.10200000000000001,0.022,0.75,0.0,0.375,-0.069
Al-Ge,1.019491740787802,0.3333418043202033,0.509745870393901,1.9781420765027322,0.21857923497267742,0.9890710382513661,-0.178,0.03799999999999999,1.1842602766198271,0.15345333075670162,0.5921301383099136,1.7307692307692308,0.7307692307692307,0.8653846153846154,2.2777777777777777,0.007936507936507936,1.1388888888888888,0.8160000000000001,0.11800000000000005,0.178,0.138,0.093,0.031,0.875,0.125,0.4375,-0.152
Al-As,1.0736975857687419,0.38754764930114355,0.5368487928843709,2.07103825136612,0.3114754098360656,1.03551912568306,-0.133,0.010999999999999996,1.1173138613588052,0.08650691549567961,0.5586569306794026,1.7692307692307692,0.7692307692307693,0.8846153846153846,2.3095238095238093,0.03968253968253968,1.1547619047619047,0.885,0.18700000000000006,0.248,0.20800000000000002,0.073,0.051000000000000004,1.0,0.25,0.5,-0.218
Al-Se,0.955400254129606,0.2692503176620076,0.477700127064803,2.273224043715847,0.5136612021857921,1.1366120218579234,-0.079,0.06699999999999999,0.7882411727355547,0.24256577312757086,0.39412058636777736,1.8076923076923077,0.8076923076923077,0.9038461538461539,2.246031746031746,0.023809523809523808,1.123015873015873,1.024,0.32600000000000007,0.328,0.288,0.076,0.048,1.125,0.375,0.5625,-0.184
Al-Zr,1.1715374841168995,0.4853875476493011,0.5857687420584498,1.6065573770491806,0.15300546448087432,0.8032786885245903,-0.492,0.352,1.689878254147917,0.6590713082847914,0.8449391270739585,2.0384615384615383,1.0384615384615385,1.0192307692307692,2.4047619047619047,0.1349206349206349,1.2023809523809523,1.0939999999999999,0.396,-0.071,0.111,0.127,0.0030000000000000027,0.875,0.125,0.4375,-0.268
Al-Nb,1.4320203303684877,0.7458703939008895,0.7160101651842439,1.7540983606557377,0.005464480874316944,0.8770491803278688,-0.778,0.6439999999999999,2.033858598128261,1.0030516522651354,1.0169292990641305,2.076923076923077,1.0769230769230769,1.0384615384615385,2.2936507936507935,0.023809523809523808,1.1468253968253967,0.744,0.04600000000000004,-0.12199999999999998,0.16199999999999998,0.11499999999999999,0.009000000000000001,1.0,0.25,0.5,-0.257
Al-Mo,1.639135959339263,0.9529860228716645,0.8195679796696315,2.0601092896174866,0.3005464480874317,1.0300546448087433,-0.8600000000000001,0.732,2.1139182287496894,1.0831112828865639,1.0569591143748447,2.1153846153846154,1.1153846153846154,1.0576923076923077,2.238095238095238,0.031746031746031744,1.119047619047619,0.519,0.17899999999999996,-0.097,0.137,0.088,0.036000000000000004,1.125,0.375,0.5625,-0.21
Al-Ru,1.8805590851334182,1.1944091486658193,0.9402795425667091,2.0819672131147544,0.3224043715846995,1.0409836065573772,0.034,0.16,1.9543511028904286,0.9235441570273031,0.9771755514452143,2.1923076923076925,1.1923076923076923,1.0961538461538463,2.1984126984126986,0.07142857142857142,1.0992063492063493,0.471,0.22699999999999998,0.037000000000000005,0.002999999999999999,0.109,0.015,1.375,0.625,0.6875,0.028
Al-Rh,1.9186785260482848,1.2325285895806861,0.9593392630241424,2.1256830601092895,0.3661202185792348,1.0628415300546448,0.47300000000000003,0.605,1.7500610109598873,0.7192540650967618,0.8750305054799437,2.230769230769231,1.2307692307692308,1.1153846153846154,2.1984126984126986,0.07142857142857142,1.0992063492063493,0.506,0.19199999999999998,0.13,0.09,0.128,0.0040000000000000036,1.5,0.75,0.75,0.132
Al-Pd,1.8678526048284625,1.181702668360864,0.9339263024142312,2.0819672131147544,0.3224043715846995,1.0409836065573772,0.254,0.39,1.5246793473759763,0.493872401512851,0.7623396736879882,2.269230769230769,1.2692307692307692,1.1346153846153846,2.2222222222222223,0.047619047619047616,1.1111111111111112,0.643,0.05499999999999999,0.237,0.197,0.16799999999999998,0.044,1.625,0.875,0.8125,0.213
Al-Sn,1.2689961880559084,0.58284625158831,0.6344980940279542,1.9508196721311477,0.1912568306010928,0.9754098360655739,-0.249,0.11099999999999999,0.7942760124782595,0.23653093338486594,0.39713800623912976,2.423076923076923,1.4230769230769231,1.2115384615384615,2.4285714285714284,0.15873015873015872,1.2142857142857142,1.107,0.40900000000000003,0.134,0.094,0.17099999999999999,0.047,0.875,0.125,0.4375,-0.215
Al-Sb,1.1918678526048283,0.5057179161372299,0.5959339263024142,2.0,0.2404371584699452,1.0,-0.15500000000000003,0.015,1.0144112856472407,0.0163956602158849,0.5072056428236204,2.4615384615384617,1.4615384615384615,1.2307692307692308,2.4523809523809526,0.18253968253968253,1.2261904761904763,1.0979999999999999,0.4,0.151,0.111,0.12,0.003999999999999997,1.0,0.25,0.5,-0.349
Al-Te,1.1349428208386276,0.4487928843710292,0.5674714104193138,2.0273224043715845,0.26775956284153,1.0136612021857923,-0.132,0.009999999999999995,0.9144096292410898,0.11639731662203572,0.4572048146205449,2.5,1.5,1.25,2.4047619047619047,0.1349206349206349,1.2023809523809523,1.15,0.45200000000000007,0.216,0.17600000000000002,0.093,0.031,1.125,0.375,0.5625,-0.43
Al-Hf,2.0330368487928845,1.346886912325286,1.0165184243964422,1.5901639344262295,0.16939890710382516,0.7950819672131147,-0.609,0.46900000000000003,1.8991375645308228,0.8683306186676973,0.9495687822654114,3.269230769230769,2.269230769230769,1.6346153846153846,2.3968253968253967,0.12698412698412698,1.1984126984126984,0.995,0.29700000000000004,-0.128,0.16799999999999998,0.135,0.010999999999999996,0.875,0.125,0.4375,-0.275
Al-Ta,2.4269377382465054,1.7407878017789071,1.2134688691232527,1.6994535519125684,0.06010928961748639,0.8497267759562842,-0.8029999999999999,0.671,2.3320117052701317,1.3012047594070066,1.1660058526350658,3.3076923076923075,2.3076923076923075,1.6538461538461537,2.2936507936507935,0.023809523809523808,1.1468253968253967,0.6699999999999999,0.02799999999999997,-0.16,0.19999999999999998,0.10200000000000001,0.022,1.0,0.25,0.5,-0.314
Al-W,2.795425667090216,2.1092757306226178,1.397712833545108,1.8087431693989071,0.04918032786885238,0.9043715846994536,-0.812,0.6859999999999999,2.551209452557767,1.5204025066946416,1.2756047262788834,3.3461538461538463,2.3461538461538463,1.6730769230769231,2.238095238095238,0.031746031746031744,1.119047619047619,0.478,0.21999999999999997,-0.129,0.16899999999999998,0.078,0.046,1.125,0.375,0.5625,-0.292
Al-Re,2.9860228716645487,2.2998729351969507,1.4930114358322744,1.9180327868852458,0.15846994535519116,0.9590163934426229,-0.6719999999999999,0.55,2.4247704497142695,1.3939635038511442,1.2123852248571347,3.3846153846153846,2.3846153846153846,1.6923076923076923,2.2222222222222223,0.047619047619047616,1.1111111111111112,0.426,0.27199999999999996,-0.06799999999999999,0.108,0.072,0.052,1.25,0.5,0.625,-0.211
Al-Os,3.213113087674714,2.5269631512071156,1.606556543837357,2.0819672131147544,0.3224043715846995,1.0409836065573772,-0.28,0.16,2.340845871407669,1.3100389255445435,1.1704229357038345,3.423076923076923,2.423076923076923,1.7115384615384615,2.2063492063492065,0.06349206349206349,1.1031746031746033,0.43999999999999995,0.258,0.004,0.036000000000000004,0.082,0.041999999999999996,1.375,0.625,0.6875,-0.075
Al-Ir,3.2099364675984754,2.523786531130877,1.6049682337992377,2.0819672131147544,0.3224043715846995,1.0409836065573772,0.303,0.429,2.016742401236783,0.9859354553736577,1.0083712006183916,3.4615384615384617,2.4615384615384617,1.7307692307692308,2.2142857142857144,0.05555555555555555,1.1071428571428572,0.484,0.21399999999999997,0.101,0.061,0.119,0.0049999999999999975,1.5,0.75,0.75,0.062
Al-Pt,3.0749682337992374,2.388818297331639,1.5374841168996187,2.0819672131147544,0.3224043715846995,1.0409836065573772,0.267,0.399,1.6425050382353752,0.6116980923722496,0.8212525191176876,3.5,2.5,1.75,2.238095238095238,0.031746031746031744,1.119047619047619,0.611,0.08699999999999997,0.22499999999999998,0.185,0.156,0.032,1.625,0.875,0.8125,0.138
Al-Au,2.795425667090216,2.1092757306226178,1.397712833545108,2.191256830601093,0.4316939890710381,1.0956284153005464,0.07,0.20400000000000001,1.2537906854760785,0.22298373961295306,0.6268953427380393,3.5384615384615383,2.5384615384615383,1.7692307692307692,2.2777777777777777,0.007936507936507936,1.1388888888888888,0.806,0.10800000000000004,0.317,0.27699999999999997,0.2,0.07600000000000001,1.75,1.0,0.875,0.176
Al-U,2.770012706480305,2.083862770012707,1.3850063532401524,1.8087431693989071,0.04918032786885238,0.9043715846994536,-1.363,1.229,1.2928929133423515,0.26208596747922597,0.6464464566711757,4.038461538461538,3.0384615384615383,2.019230769230769,2.484126984126984,0.21428571428571427,1.242063492063492,1.597,0.899,0.249,0.20900000000000002,0.135,0.010999999999999996,1.125,0.375,0.5625,-0.495
Al-Np,2.9097839898348155,2.2236340533672174,1.4548919949174077,1.5901639344262295,0.16939890710382516,0.7950819672131147,-2.728,2.592,1.0217944399966872,0.009012505866438439,0.5108972199983436,4.076923076923077,3.076923076923077,2.0384615384615383,2.492063492063492,0.2222222222222222,1.246031746031746,1.635,0.937,0.267,0.227,0.11699999999999999,0.006999999999999999,1.25,0.5,0.625,-0.476
Si-Si,0.592020330368488,0.0,0.296010165184244,2.076502732240437,0.0,1.0382513661202184,-0.168,0.0,1.8630704248681778,0.0,0.9315352124340889,1.0769230769230769,0.0,0.5384615384615384,2.1904761904761907,0.0,1.0952380952380953,0.59,0.0,0.25,0.0,0.008,0.0,1.0,0.0,0.5,-0.316
Si-P,0.6378144853875477,0.0457941550190597,0.31890724269377385,2.2349726775956285,0.15846994535519127,1.1174863387978142,-0.149,0.037,1.3120393120393121,0.5510311128288656,0.6560196560196561,1.1153846153846154,0.038461538461538464,0.5576923076923077,2.111111111111111,0.07936507936507936,1.0555555555555556,0.6639999999999999,0.07400000000000001,0.381,0.131,-0.017,0.025,1.125,0.125,0.5625,-0.356
Si-S,0.5590343074968233,0.032986022871664585,0.27951715374841163,2.448087431693989,0.371584699453552,1.2240437158469946,-0.08,0.112,1.145962510007454,0.7171079148607238,0.572981255003727,1.1538461538461537,0.07692307692307693,0.5769230769230769,2.1031746031746033,0.0873015873015873,1.0515873015873016,0.8679999999999999,0.27799999999999997,0.502,0.252,0.008,0.0,1.25,0.25,0.625,-0.093
Si-Sc,0.6759339263024142,0.08391359593392632,0.3379669631512071,1.7814207650273222,0.29508196721311464,0.8907103825136611,-0.5609999999999999,0.40299999999999997,1.933191618584877,0.07012119371669934,0.9665958092924385,1.3461538461538463,0.2692307692307692,0.6730769230769231,2.380952380952381,0.19047619047619047,1.1904761904761905,1.004,0.414,0.0040000000000000036,0.246,0.084,0.076,0.875,0.125,0.4375,-0.045
Si-Ti,0.86856416772554,0.2765438373570521,0.43428208386277,1.8797814207650272,0.19672131147540975,0.9398907103825136,-0.966,0.8180000000000001,2.0044170830687684,0.14134665820059078,1.0022085415343842,1.3846153846153846,0.3076923076923077,0.6923076923076923,2.261904761904762,0.07142857142857142,1.130952380952381,0.556,0.033999999999999975,-0.035,0.28500000000000003,0.02,0.012,1.0,0.0,0.5,-0.134
Si-V,1.0583989834815755,0.4663786531130876,0.5291994917407877,1.9289617486338797,0.14754098360655737,0.9644808743169399,-1.46,1.3199999999999998,2.1369295751318225,0.27385915026364466,1.0684647875659112,1.4230769230769231,0.34615384615384615,0.7115384615384616,2.1587301587301586,0.031746031746031744,1.0793650793650793,0.351,0.239,0.03900000000000001,0.211,-0.004,0.012,1.125,0.125,0.5625,-0.141
Si-Cr,1.2045235069885643,0.6125031766200763,0.6022617534942821,1.9453551912568303,0.13114754098360654,0.9726775956284152,-2.007,1.873,2.1352731689810343,0.27220274411285644,1.0676365844905171,1.4615384615384615,0.38461538461538464,0.7307692307692307,2.111111111111111,0.07936507936507936,1.0555555555555556,0.345,0.245,0.13,0.12,0.002,0.006,1.25,0.25,0.625,-0.071
Si-Mn,1.2235832274459975,0.6315628970775095,0.6117916137229987,1.8852459016393444,0.1912568306010928,0.9426229508196722,-2.355,2.2230000000000003,1.77031168042404,0.0927587444441377,0.88515584021202,1.5,0.4230769230769231,0.75,2.1031746031746033,0.0873015873015873,1.0515873015873016,0.427,0.16299999999999998,0.219,0.031,0.023,0.015,1.375,0.375,0.6875,0.069
Si-Co,1.4218043202033035,0.8297839898348156,0.7109021601016517,2.065573770491803,0.010928961748633888,1.0327868852459015,1.466,1.6300000000000001,1.9077933909394584,0.04472296607128068,0.9538966954697292,1.5769230769230769,0.5,0.7884615384615384,2.0873015873015874,0.10317460317460317,1.0436507936507937,0.285,0.305,0.238,0.011999999999999997,0.02,0.012,1.625,0.625,0.8125,0.027
Si-Ni,1.426886912325286,0.834866581956798,0.713443456162643,2.081967213114754,0.005464480874316944,1.040983606557377,0.654,0.816,1.885707975595616,0.022637550727438366,0.942853987797808,1.6153846153846154,0.5384615384615384,0.8076923076923077,2.0793650793650795,0.1111111111111111,1.0396825396825398,0.39999999999999997,0.19,0.345,0.095,0.05,0.041999999999999996,1.75,0.75,0.875,0.143
Si-Cu,1.4345108005082592,0.8424904701397714,0.7172554002541296,2.076502732240437,0.0,1.0382513661202184,0.03599999999999999,0.202,1.6812080722193081,0.18186235264886955,0.8406040361096541,1.6538461538461537,0.5769230769230769,0.8269230769230769,2.111111111111111,0.07936507936507936,1.0555555555555556,0.5489999999999999,0.04099999999999998,0.344,0.094,0.057999999999999996,0.05,1.875,0.875,0.9375,0.178
Si-Zn,1.2024904701397712,0.6104701397712834,0.6012452350698856,1.9398907103825136,0.13661202185792348,0.9699453551912568,-0.155,0.01100000000000001,1.3139866935372555,0.5490837313309224,0.6569933467686278,1.6923076923076923,0.6153846153846154,0.8461538461538461,2.1587301587301586,0.031746031746031744,1.0793650793650793,0.622,0.03200000000000003,0.237,0.012999999999999998,0.047,0.03899999999999999,2.0,1.0,1.0,-0.046
Si-Ga,1.0469631512071156,0.4549428208386277,0.5234815756035578,2.0273224043715845,0.04918032786885238,1.0136612021857923,-0.246,0.08,1.0987850813019353,0.7642853435662424,0.5493925406509677,1.7307692307692308,0.6538461538461539,0.8653846153846154,2.2063492063492065,0.015873015873015872,1.1031746031746033,0.698,0.10800000000000004,0.218,0.032,0.044,0.036000000000000004,0.875,0.125,0.4375,-0.209
Si-Ge,0.9724269377382465,0.3804066073697586,0.48621346886912326,2.1366120218579234,0.06010928961748627,1.0683060109289617,-0.198,0.027999999999999997,1.6003920161223533,0.2626784087458245,0.8001960080611766,1.7692307692307692,0.6923076923076923,0.8846153846153846,2.238095238095238,0.047619047619047616,1.119047619047619,0.762,0.17200000000000004,0.28300000000000003,0.033,0.035,0.027,1.0,0.0,0.5,-0.334
Si-As,1.0266327827191866,0.43461245235069884,0.5133163913595933,2.2295081967213113,0.15300546448087446,1.1147540983606556,-0.153,0.022999999999999993,1.5334456008613313,0.32962482400684645,0.7667228004306657,1.8076923076923077,0.7307692307692307,0.9038461538461539,2.2698412698412698,0.07936507936507936,1.1349206349206349,0.831,0.24100000000000005,0.353,0.10300000000000001,0.015,0.006999999999999999,1.125,0.125,0.5625,-0.416
Si-Se,0.9083354510800509,0.31631512071156287,0.45416772554002544,2.4316939890710376,0.35519125683060104,1.2158469945355188,-0.10099999999999999,0.079,1.2043729122380809,0.6586975126300969,0.6021864561190404,1.8461538461538463,0.7692307692307693,0.9230769230769231,2.2063492063492065,0.015873015873015872,1.1031746031746033,0.97,0.38000000000000006,0.433,0.183,0.018000000000000002,0.01,1.25,0.25,0.625,-0.339
Si-Zr,1.1244726810673442,0.5324523506988563,0.5622363405336721,1.7650273224043715,0.3114754098360655,0.8825136612021858,-0.484,0.33599999999999997,2.106009993650443,0.24293956878226539,1.0530049968252215,2.076923076923077,1.0,1.0384615384615385,2.365079365079365,0.1746031746031746,1.1825396825396826,1.04,0.45,0.034,0.216,0.069,0.061,1.0,0.0,0.5,-0.167
Si-Nb,1.3849555273189327,0.7929351969504448,0.6924777636594663,1.9125683060109289,0.1639344262295081,0.9562841530054644,-0.7669999999999999,0.627,2.449990337630787,0.5869199127626094,1.2249951688153935,2.1153846153846154,1.0384615384615385,1.0576923076923077,2.253968253968254,0.06349206349206349,1.126984126984127,0.69,0.10000000000000003,-0.016999999999999987,0.267,0.056999999999999995,0.049,1.125,0.125,0.5625,-0.176
Si-Mo,1.5920711562897076,1.0000508259212197,0.7960355781448538,2.218579234972678,0.14207650273224057,1.109289617486339,-0.857,0.7230000000000001,2.5300499682522153,0.6669795433840378,1.2650249841261076,2.1538461538461537,1.0769230769230769,1.0769230769230769,2.1984126984126986,0.007936507936507936,1.0992063492063493,0.46499999999999997,0.12499999999999997,0.007999999999999993,0.242,0.03,0.022,1.25,0.25,0.625,-0.157
Si-Ru,1.833494282083863,1.2414739517153746,0.9167471410419314,2.240437158469945,0.16393442622950832,1.1202185792349726,0.06200000000000001,0.20400000000000001,2.370482842392955,0.5074124175247771,1.1852414211964775,2.230769230769231,1.1538461538461537,1.1153846153846154,2.1587301587301586,0.031746031746031744,1.0793650793650793,0.417,0.173,0.14200000000000002,0.108,0.051000000000000004,0.043,1.5,0.5,0.75,0.053
Si-Rh,1.8716137229987295,1.2795933926302414,0.9358068614993648,2.2841530054644807,0.20765027322404364,1.1420765027322404,0.434,0.588,2.166192750462413,0.3031223255942357,1.0830963752312066,2.269230769230769,1.1923076923076923,1.1346153846153846,2.1587301587301586,0.031746031746031744,1.0793650793650793,0.45199999999999996,0.13799999999999998,0.235,0.015,0.07,0.062,1.625,0.625,0.8125,0.13
Si-Pd,1.8207878017789072,1.2287674714104193,0.9103939008894536,2.240437158469945,0.16393442622950832,1.1202185792349726,0.22299999999999998,0.385,1.9408110868785027,0.0777406620103249,0.9704055434392513,2.3076923076923075,1.2307692307692308,1.1538461538461537,2.1825396825396823,0.007936507936507936,1.0912698412698412,0.589,0.0010000000000000009,0.34199999999999997,0.092,0.11,0.102,1.75,0.75,0.875,0.172
Si-Sn,1.2219313850063531,0.6299110546378652,0.6109656925031766,2.1092896174863385,0.03278688524590167,1.0546448087431692,-0.269,0.103,1.2104077519807857,0.652662672887392,0.6052038759903928,2.4615384615384617,1.3846153846153846,1.2307692307692308,2.388888888888889,0.1984126984126984,1.1944444444444444,1.053,0.463,0.239,0.010999999999999996,0.113,0.105,1.0,0.0,0.5,-0.353
Si-Sb,1.144803049555273,0.5527827191867852,0.5724015247776365,2.158469945355191,0.08196721311475405,1.0792349726775956,-0.174,0.0059999999999999915,1.4305430251497666,0.432527399718411,0.7152715125748833,2.5,1.4230769230769231,1.25,2.4126984126984126,0.2222222222222222,1.2063492063492063,1.044,0.454,0.256,0.006000000000000005,0.062,0.054000000000000006,1.125,0.125,0.5625,-0.511
Si-Te,1.0878780177890726,0.4958576874205845,0.5439390088945363,2.1857923497267757,0.10928961748633889,1.0928961748633879,-0.14600000000000002,0.022000000000000006,1.3305413687436158,0.5325290561245618,0.6652706843718079,2.5384615384615383,1.4615384615384615,1.2692307692307692,2.365079365079365,0.1746031746031746,1.1825396825396826,1.096,0.506,0.321,0.07100000000000001,0.035,0.027,1.25,0.25,0.625,-0.593
Si-Hf,1.985972045743329,1.3939517153748413,0.9929860228716645,1.7486338797814207,0.3278688524590163,0.8743169398907104,-0.592,0.444,2.315269304033349,0.45219887916517126,1.1576346520166745,3.3076923076923075,2.230769230769231,1.6538461538461537,2.357142857142857,0.16666666666666666,1.1785714285714286,0.9410000000000001,0.35100000000000003,-0.022999999999999993,0.273,0.077,0.06899999999999999,1.0,0.0,0.5,-0.184
Si-Ta,2.3798729351969503,1.7878526048284624,1.1899364675984752,1.8579234972677594,0.21857923497267753,0.9289617486338797,-0.7889999999999999,0.651,2.748143444772658,0.8850730199044805,1.374071722386329,3.3461538461538463,2.269230769230769,1.6730769230769231,2.253968253968254,0.06349206349206349,1.126984126984127,0.616,0.026000000000000023,-0.05499999999999999,0.305,0.044,0.036000000000000004,1.125,0.125,0.5625,-0.242
Si-W,2.7483608640406607,2.156340533672173,1.3741804320203304,1.967213114754098,0.10928961748633877,0.983606557377049,-0.808,0.6759999999999999,2.9673411920602932,1.1042707671921155,1.4836705960301466,3.3846153846153846,2.3076923076923075,1.6923076923076923,2.1984126984126986,0.007936507936507936,1.0992063492063493,0.424,0.16599999999999998,-0.023999999999999994,0.274,0.02,0.012,1.25,0.25,0.625,-0.249
Si-Re,2.9389580686149936,2.3469377382465058,1.4694790343074968,2.076502732240437,0.0,1.0382513661202184,-0.669,0.5389999999999999,2.840902189216796,0.9778317643486182,1.420451094608398,3.423076923076923,2.3461538461538463,1.7115384615384615,2.1825396825396823,0.007936507936507936,1.0912698412698412,0.372,0.21799999999999997,0.037000000000000005,0.213,0.014,0.006,1.375,0.375,0.6875,-0.204
Si-Os,3.1660482846251585,2.574027954256671,1.5830241423125793,2.240437158469945,0.16393442622950832,1.1202185792349726,-0.271,0.13699999999999998,2.7569776109101953,0.8939071860420175,1.3784888054550977,3.4615384615384617,2.3846153846153846,1.7307692307692308,2.1666666666666665,0.023809523809523808,1.0833333333333333,0.386,0.204,0.109,0.14100000000000001,0.024,0.016,1.5,0.5,0.75,-0.093
Si-Ir,3.16287166454892,2.570851334180432,1.58143583227446,2.240437158469945,0.16393442622950832,1.1202185792349726,0.27199999999999996,0.42,2.432874140739309,0.5698037158711315,1.2164370703696545,3.5,2.423076923076923,1.75,2.1746031746031744,0.015873015873015872,1.0873015873015872,0.43,0.15999999999999998,0.20600000000000002,0.044,0.061,0.053000000000000005,1.625,0.625,0.8125,0.031
Si-Pt,3.0279034307496824,2.4358831003811945,1.5139517153748412,2.240437158469945,0.16393442622950832,1.1202185792349726,0.236,0.394,2.058636777737901,0.19556635286972354,1.0293183888689506,3.5384615384615383,2.4615384615384617,1.7692307692307692,2.1984126984126986,0.007936507936507936,1.0992063492063493,0.5569999999999999,0.032999999999999974,0.32999999999999996,0.07999999999999999,0.098,0.09,1.75,0.75,0.875,0.057
Si-Au,2.7483608640406607,2.156340533672173,1.3741804320203304,2.349726775956284,0.27322404371584696,1.174863387978142,0.05,0.21400000000000002,1.6699224249786047,0.193147999889573,0.8349612124893023,3.576923076923077,2.5,1.7884615384615385,2.238095238095238,0.047619047619047616,1.119047619047619,0.752,0.16200000000000003,0.422,0.172,0.14200000000000002,0.134,1.875,0.875,0.9375,0.051
Si-U,2.7229479034307498,2.130927573062262,1.3614739517153749,1.967213114754098,0.10928961748633877,0.983606557377049,-1.3539999999999999,1.212,1.7090246528448776,0.1540457720233001,0.8545123264224388,4.076923076923077,3.0,2.0384615384615383,2.4444444444444446,0.25396825396825395,1.2222222222222223,1.543,0.9530000000000001,0.354,0.10400000000000001,0.077,0.06899999999999999,1.25,0.25,0.625,-0.493
Si-Np,2.8627191867852604,2.2706988564167725,1.4313595933926302,1.7486338797814207,0.3278688524590163,0.8743169398907104,-2.7520000000000002,2.608,1.4379261794992133,0.4251442453689645,0.7189630897496067,4.115384615384615,3.0384615384615383,2.0576923076923075,2.4523809523809526,0.2619047619047619,1.2261904761904763,1.581,0.9910000000000001,0.372,0.122,0.059,0.051000000000000004,1.375,0.375,0.6875,-0.471
P-P,0.6836086404066073,0.0,0.34180432020330365,2.3934426229508197,0.0,1.1967213114754098,-0.108,0.0,0.7610081992104464,0.0,0.3805040996052232,1.1538461538461537,0.0,0.5769230769230769,2.0317460317460316,0.0,1.0158730158730158,0.738,0.0,0.512,0.0,-0.042,0.0,1.25,0.0,0.625,-0.317
P-S,0.6048284625158831,0.07878017789072428,0.30241423125794153,2.60655737704918,0.21311475409836073,1.30327868852459,-0.046,0.072,0.5949313971785881,0.16607680203185818,0.29746569858929406,1.1923076923076923,0.038461538461538464,0.5961538461538461,2.0238095238095237,0.007936507936507936,1.0119047619047619,0.942,0.20399999999999996,0.633,0.121,-0.017,0.025,1.375,0.125,0.6875,0.042
P-Sc,0.7217280813214739,0.03811944091486662,0.36086404066073696,1.9398907103825136,0.4535519125683059,0.9699453551912568,-0.509,0.429,1.3821605057560113,0.621152306545565,0.6910802528780057,1.3846153846153846,0.23076923076923078,0.6923076923076923,2.3015873015873014,0.2698412698412698,1.1507936507936507,1.0779999999999998,0.33999999999999997,0.135,0.377,0.059,0.101,1.0,0.25,0.5,0.151
P-Ti,0.9143583227445997,0.2307496823379924,0.45717916137229986,2.0382513661202184,0.35519125683060104,1.0191256830601092,-0.932,0.86,1.4533859702399028,0.6923777710294564,0.7266929851199514,1.4230769230769231,0.2692307692307692,0.7115384615384616,2.1825396825396823,0.15079365079365079,1.0912698412698412,0.63,0.10799999999999998,0.096,0.41600000000000004,-0.005000000000000001,0.037000000000000005,1.125,0.125,0.5625,-0.012
P-V,1.1041931385006352,0.420584498094028,0.5520965692503176,2.0874316939890707,0.30601092896174864,1.0437158469945353,-1.444,1.3780000000000001,1.5858984623029566,0.8248902630925102,0.7929492311514783,1.4615384615384615,0.3076923076923077,0.7307692307692307,2.0793650793650795,0.047619047619047616,1.0396825396825398,0.425,0.313,0.17,0.34199999999999997,-0.029,0.013000000000000001,1.25,0.0,0.625,-0.066
P-Cr,1.250317662007624,0.5667090216010167,0.625158831003812,2.1038251366120218,0.2896174863387978,1.0519125683060109,-2.02,1.956,1.5842420561521686,0.823233856941722,0.7921210280760843,1.5,0.34615384615384615,0.75,2.0317460317460316,0.0,1.0158730158730158,0.419,0.319,0.261,0.251,-0.023,0.019000000000000003,1.375,0.125,0.6875,-0.023
P-Mn,1.2693773824650572,0.5857687420584498,0.6346886912325286,2.0437158469945356,0.3497267759562841,1.0218579234972678,-2.396,2.3280000000000003,1.2192805675951743,0.45827236838472796,0.6096402837975872,1.5384615384615385,0.38461538461538464,0.7692307692307693,2.0238095238095237,0.007936507936507936,1.0119047619047619,0.501,0.237,0.35,0.162,-0.0020000000000000018,0.04,1.5,0.25,0.75,0.117
P-Co,1.4675984752223632,0.783989834815756,0.7337992376111816,2.2240437158469946,0.16939890710382516,1.1120218579234973,1.465,1.567,1.3567622781105928,0.5957540789001463,0.6783811390552964,1.6153846153846154,0.46153846153846156,0.8076923076923077,2.007936507936508,0.023809523809523808,1.003968253968254,0.359,0.379,0.369,0.14300000000000002,-0.005000000000000001,0.037000000000000005,1.75,0.5,0.875,0.015
P-Ni,1.4726810673443456,0.7890724269377384,0.7363405336721728,2.240437158469945,0.15300546448087432,1.1202185792349726,0.6609999999999999,0.765,1.3346768627667505,0.573668663556304,0.6673384313833752,1.6538461538461537,0.5,0.8269230769230769,2.0,0.031746031746031744,1.0,0.474,0.264,0.476,0.036000000000000004,0.024999999999999998,0.067,1.875,0.625,0.9375,0.133
P-Cu,1.4803049555273189,0.7966963151207117,0.7401524777636594,2.2349726775956285,0.15846994535519127,1.1174863387978142,0.07100000000000001,0.181,1.1301769593904425,0.3691687601799961,0.5650884796952212,1.6923076923076923,0.5384615384615384,0.8461538461538461,2.0317460317460316,0.0,1.0158730158730158,0.623,0.11499999999999999,0.475,0.037000000000000005,0.033,0.075,2.0,0.75,1.0,0.161
P-Zn,1.2482846251588309,0.5646759847522237,0.6241423125794154,2.0983606557377046,0.29508196721311475,1.0491803278688523,-0.129,0.018999999999999996,0.7629555807083895,0.001947381497943257,0.38147779035419477,1.7307692307692308,0.5769230769230769,0.8653846153846154,2.0793650793650795,0.047619047619047616,1.0396825396825398,0.696,0.04199999999999998,0.368,0.14400000000000002,0.021999999999999995,0.064,2.125,0.875,1.0625,-0.058
P-Ga,1.0927573062261753,0.409148665819568,0.5463786531130876,2.1857923497267757,0.20765027322404364,1.0928961748633879,-0.22699999999999998,0.11699999999999999,0.5477539684730696,0.21325423073737682,0.2738769842365348,1.7692307692307692,0.6153846153846154,0.8846153846153846,2.126984126984127,0.09523809523809523,1.0634920634920635,0.772,0.03400000000000003,0.349,0.163,0.019,0.061,1.0,0.25,0.5,-0.211
P-Ge,1.0182210927573063,0.3346124523506989,0.5091105463786532,2.295081967213114,0.098360655737705,1.147540983606557,-0.176,0.066,1.0493609032934876,0.2883527040830412,0.5246804516467438,1.8076923076923077,0.6538461538461539,0.9038461538461539,2.1587301587301586,0.12698412698412698,1.0793650793650793,0.8360000000000001,0.09800000000000003,0.41400000000000003,0.098,0.009999999999999998,0.052000000000000005,1.125,0.125,0.5625,-0.32
P-As,1.0724269377382465,0.38881829733163914,0.5362134688691232,2.3879781420765025,0.005464480874316823,1.1939890710382512,-0.119,0.015000000000000006,0.9824144880324656,0.2214062888220192,0.4912072440162328,1.8461538461538463,0.6923076923076923,0.9230769230769231,2.1904761904761907,0.15873015873015872,1.0952380952380953,0.905,0.16700000000000004,0.484,0.027999999999999997,-0.010000000000000002,0.032,1.25,0.0,0.625,-0.336
P-Se,0.9541296060991106,0.27052096569250317,0.4770648030495553,2.5901639344262297,0.19672131147540975,1.2950819672131149,-0.07,0.04,0.6533417994092151,0.10766639980123126,0.32667089970460755,1.8846153846153846,0.7307692307692307,0.9423076923076923,2.126984126984127,0.09523809523809523,1.0634920634920635,1.044,0.30600000000000005,0.5640000000000001,0.05199999999999999,-0.007000000000000001,0.035,1.375,0.125,0.6875,-0.179
P-Zr,1.170266836086404,0.4866581956797966,0.585133418043202,1.9234972677595628,0.46994535519125674,0.9617486338797814,-0.44199999999999995,0.372,1.5549788808215774,0.793970681611131,0.7774894404107887,2.1153846153846154,0.9615384615384616,1.0576923076923077,2.2857142857142856,0.25396825396825395,1.1428571428571428,1.1139999999999999,0.376,0.165,0.347,0.044,0.08600000000000001,1.125,0.125,0.5625,0.051
P-Nb,1.4307496823379924,0.7471410419313851,0.7153748411689962,2.07103825136612,0.32240437158469937,1.03551912568306,-0.734,0.6699999999999999,1.8989592248019214,1.1379510255914749,0.9494796124009607,2.1538461538461537,1.0,1.0769230769230769,2.1746031746031744,0.14285714285714285,1.0873015873015872,0.764,0.026000000000000023,0.11400000000000002,0.398,0.032,0.074,1.25,0.0,0.625,-0.038
P-Mo,1.6378653113087673,0.95425667090216,0.8189326556543837,2.3770491803278686,0.016393442622950713,1.1885245901639343,-0.8360000000000001,0.772,1.9790188554233499,1.2180106562129034,0.9895094277116749,2.1923076923076925,1.0384615384615385,1.0961538461538463,2.119047619047619,0.0873015873015873,1.0595238095238095,0.539,0.19899999999999998,0.139,0.373,0.0049999999999999975,0.047,1.375,0.125,0.6875,-0.08
P-Ru,1.8792884371029224,1.195679796696315,0.9396442185514612,2.398907103825137,0.005464480874317066,1.1994535519125684,0.08700000000000001,0.175,1.819451729564089,1.0584435303536426,0.9097258647820445,2.269230769230769,1.1153846153846154,1.1346153846153846,2.0793650793650795,0.047619047619047616,1.0396825396825398,0.491,0.247,0.273,0.239,0.026,0.068,1.625,0.375,0.8125,0.072
P-Rh,1.917407878017789,1.2337992376111817,0.9587039390088945,2.442622950819672,0.04918032786885238,1.221311475409836,0.434,0.536,1.6151616376335478,0.8541534384231013,0.8075808188167739,2.3076923076923075,1.1538461538461537,1.1538461538461537,2.0793650793650795,0.047619047619047616,1.0396825396825398,0.526,0.212,0.366,0.14600000000000002,0.045,0.08700000000000001,1.75,0.5,0.875,0.122
P-Pd,1.866581956797967,1.1829733163913596,0.9332909783989835,2.398907103825137,0.005464480874317066,1.1994535519125684,0.241,0.349,1.3897799740496368,0.6287717748391907,0.6948899870248184,2.3461538461538463,1.1923076923076923,1.1730769230769231,2.1031746031746033,0.07142857142857142,1.0515873015873016,0.663,0.07500000000000001,0.473,0.03900000000000001,0.08499999999999999,0.127,1.875,0.625,0.9375,0.156
P-Sn,1.267725540025413,0.5841168996188055,0.6338627700127065,2.26775956284153,0.1256830601092896,1.133879781420765,-0.248,0.14,0.65937663915192,0.10163156005852635,0.32968831957596,2.5,1.3461538461538463,1.25,2.3095238095238093,0.2777777777777778,1.1547619047619047,1.127,0.389,0.37,0.14200000000000002,0.088,0.13,1.125,0.125,0.5625,-0.287
P-Sb,1.1905972045743327,0.5069885641677255,0.5952986022871664,2.3169398907103824,0.07650273224043723,1.1584699453551912,-0.14300000000000002,0.043,0.879511912320901,0.1185037131104547,0.4397559561604505,2.5384615384615383,1.3846153846153846,1.2692307692307692,2.3333333333333335,0.30158730158730157,1.1666666666666667,1.1179999999999999,0.38,0.387,0.125,0.037000000000000005,0.079,1.25,0.0,0.625,-0.416
P-Te,1.1336721728081323,0.4500635324015248,0.5668360864040661,2.344262295081967,0.04918032786885238,1.1721311475409835,-0.115,0.015,0.7795102559147502,0.01850205670430389,0.3897551279573751,2.576923076923077,1.4230769230769231,1.2884615384615385,2.2857142857142856,0.25396825396825395,1.1428571428571428,1.17,0.43200000000000005,0.452,0.06,0.009999999999999998,0.052000000000000005,1.375,0.125,0.6875,-0.425
P-Hf,2.0317662007623887,1.3481575603557816,1.0158831003811943,1.9071038251366121,0.4863387978142076,0.9535519125683061,-0.545,0.475,1.7642381912044833,1.0032299919940368,0.8821190956022417,3.3461538461538463,2.1923076923076925,1.6730769230769231,2.2777777777777777,0.24603174603174602,1.1388888888888888,1.0150000000000001,0.277,0.10800000000000001,0.404,0.05199999999999999,0.094,1.125,0.125,0.5625,0.003
P-Ta,2.42566709021601,1.7420584498094027,1.212833545108005,2.0163934426229506,0.3770491803278688,1.0081967213114753,-0.751,0.689,2.1971123319437926,1.4361041327333461,1.0985561659718963,3.3846153846153846,2.230769230769231,1.6923076923076923,2.1746031746031744,0.14285714285714285,1.0873015873015872,0.69,0.04799999999999999,0.07600000000000001,0.436,0.019,0.061,1.25,0.0,0.625,-0.126
P-W,2.794155019059721,2.110546378653113,1.3970775095298604,2.1256830601092895,0.26775956284153,1.0628415300546448,-0.782,0.722,2.4163100792314274,1.655301880020981,1.2081550396157137,3.423076923076923,2.269230769230769,1.7115384615384615,2.119047619047619,0.0873015873015873,1.0595238095238095,0.498,0.24,0.10700000000000001,0.405,-0.005000000000000001,0.037000000000000005,1.375,0.125,0.6875,-0.195
P-Re,2.984752223634054,2.301143583227446,1.492376111817027,2.2349726775956285,0.15846994535519127,1.1174863387978142,-0.664,0.596,2.2898710763879304,1.528862877177484,1.1449355381939652,3.4615384615384617,2.3076923076923075,1.7307692307692308,2.1031746031746033,0.07142857142857142,1.0515873015873016,0.446,0.292,0.168,0.344,-0.011000000000000001,0.031,1.5,0.25,0.75,-0.201
P-Os,3.2118424396442187,2.528233799237611,1.6059212198221093,2.398907103825137,0.005464480874317066,1.1994535519125684,-0.245,0.16299999999999998,2.2059464980813295,1.444938298870883,1.1029732490406647,3.5,2.3461538461538463,1.75,2.0873015873015874,0.05555555555555555,1.0436507936507937,0.45999999999999996,0.278,0.24,0.272,-0.0010000000000000009,0.041,1.625,0.375,0.8125,-0.129
P-Ir,3.20866581956798,2.5250571791613723,1.60433290978399,2.398907103825137,0.005464480874317066,1.1994535519125684,0.272,0.368,1.8818430279104437,1.1208348286999972,0.9409215139552218,3.5384615384615383,2.3846153846153846,1.7692307692307692,2.0952380952380953,0.06349206349206349,1.0476190476190477,0.504,0.23399999999999999,0.337,0.175,0.036000000000000004,0.078,1.75,0.5,0.875,-0.026
P-Pt,3.073697585768742,2.3900889453621343,1.536848792884371,2.398907103825137,0.005464480874317066,1.1994535519125684,0.251,0.359,1.5076056649090357,0.7465974656985892,0.7538028324545178,3.576923076923077,2.423076923076923,1.7884615384615385,2.119047619047619,0.0873015873015873,1.0595238095238095,0.631,0.10699999999999998,0.46099999999999997,0.05100000000000002,0.073,0.115,1.875,0.625,0.9375,-0.018
P-Au,2.794155019059721,2.110546378653113,1.3970775095298604,2.5081967213114753,0.11475409836065571,1.2540983606557377,0.07800000000000001,0.192,1.118891312149739,0.35788311293929265,0.5594456560748695,3.6153846153846154,2.4615384615384617,1.8076923076923077,2.1587301587301586,0.12698412698412698,1.0793650793650793,0.8260000000000001,0.08800000000000002,0.5529999999999999,0.04099999999999998,0.117,0.159,2.0,0.75,1.0,0.007
P-U,2.76874205844981,2.085133418043202,1.384371029224905,2.1256830601092895,0.26775956284153,1.0628415300546448,-1.367,1.311,1.157993540016012,0.3969853408055656,0.578996770008006,4.115384615384615,2.9615384615384617,2.0576923076923075,2.365079365079365,0.3333333333333333,1.1825396825396826,1.617,0.879,0.485,0.026999999999999996,0.05199999999999999,0.094,1.375,0.125,0.6875,-0.26
P-Np,2.90851334180432,2.2249047013977123,1.45425667090216,1.9071038251366121,0.4863387978142076,0.9535519125683061,-2.8089999999999997,2.743,0.8868950666703475,0.12588686745990116,0.4434475333351737,4.153846153846154,3.0,2.076923076923077,2.373015873015873,0.3412698412698413,1.1865079365079365,1.655,0.917,0.503,0.009000000000000008,0.034,0.076,1.5,0.25,0.75,-0.183
S-S,0.5260482846251587,0.0,0.26302414231257937,2.819672131147541,0.0,1.4098360655737705,0.007,0.001,0.42885459514672997,0.0,0.21442729757336498,1.2307692307692308,0.0,0.6153846153846154,2.015873015873016,0.0,1.007936507936508,1.146,0.0,0.754,0.0,0.008,0.0,1.5,0.0,0.75,0.412
S-Sc,0.6429479034307497,0.1168996188055909,0.32147395171537485,2.1530054644808745,0.6666666666666666,1.0765027322404372,-0.43100000000000005,0.491,1.2160837037241532,0.7872291085774231,0.6080418518620766,1.4230769230769231,0.19230769230769232,0.7115384615384616,2.2936507936507935,0.2777777777777778,1.1468253968253967,1.282,0.136,0.256,0.498,0.084,0.076,1.125,0.375,0.5625,0.441
S-Ti,0.8355781448538755,0.3095298602287167,0.41778907242693775,2.251366120218579,0.5683060109289617,1.1256830601092895,-0.88,0.9460000000000001,1.2873091682080446,0.8584545730613146,0.6436545841040223,1.4615384615384615,0.23076923076923078,0.7307692307692307,2.1746031746031744,0.15873015873015872,1.0873015873015872,0.834,0.31199999999999994,0.217,0.537,0.02,0.012,1.25,0.25,0.625,0.155
S-V,1.0254129606099112,0.49936467598475226,0.5127064803049556,2.300546448087432,0.5191256830601094,1.150273224043716,-1.436,1.5,1.4198216602710985,0.9909670651243684,0.7099108301355492,1.5,0.2692307692307692,0.75,2.0714285714285716,0.05555555555555555,1.0357142857142858,0.629,0.5169999999999999,0.29100000000000004,0.46299999999999997,-0.004,0.012,1.375,0.125,0.6875,0.034
S-Cr,1.1715374841168997,0.6454891994917408,0.5857687420584499,2.3169398907103824,0.5027322404371586,1.1584699453551912,-2.085,2.141,1.4181652541203102,0.9893106589735803,0.7090826270601551,1.5384615384615385,0.3076923076923077,0.7692307692307693,2.0238095238095237,0.007936507936507936,1.0119047619047619,0.623,0.5229999999999999,0.382,0.372,0.002,0.006,1.5,0.0,0.75,0.053
S-Mn,1.1905972045743327,0.6645489199491741,0.5952986022871664,2.2568306010928962,0.5628415300546448,1.1284153005464481,-2.553,2.593,1.0532037655633162,0.6243491704165861,0.5266018827816581,1.5769230769230769,0.34615384615384615,0.7884615384615384,2.015873015873016,0.0,1.007936507936508,0.705,0.44099999999999995,0.471,0.28300000000000003,0.023,0.015,1.625,0.125,0.8125,0.184
S-Co,1.388818297331639,0.8627700127064802,0.6944091486658195,2.4371584699453552,0.3825136612021859,1.2185792349726776,1.6059999999999999,1.564,1.1906854760787347,0.7618308809320045,0.5953427380393673,1.6538461538461537,0.4230769230769231,0.8269230769230769,2.0,0.015873015873015872,1.0,0.563,0.583,0.49,0.264,0.02,0.012,1.875,0.375,0.9375,0.018
S-Ni,1.3939008894536213,0.8678526048284625,0.6969504447268107,2.453551912568306,0.36612021857923505,1.226775956284153,0.795,0.761,1.1686000607348923,0.7397454655881621,0.5843000303674462,1.6923076923076923,0.46153846153846156,0.8461538461538461,1.992063492063492,0.023809523809523808,0.996031746031746,0.6779999999999999,0.46799999999999997,0.597,0.157,0.05,0.041999999999999996,2.0,0.5,1.0,0.167
S-Cu,1.4015247776365949,0.8754764930114359,0.7007623888182974,2.448087431693989,0.371584699453552,1.2240437158469946,0.16299999999999998,0.129,0.9641001573585843,0.5352455622118543,0.48205007867929217,1.7307692307692308,0.5,0.8653846153846154,2.0238095238095237,0.007936507936507936,1.0119047619047619,0.827,0.31899999999999995,0.596,0.158,0.057999999999999996,0.05,2.125,0.625,1.0625,0.269
S-Zn,1.1695044472681069,0.6434561626429479,0.5847522236340534,2.3114754098360657,0.5081967213114755,1.1557377049180328,-0.05499999999999999,0.093,0.5968787786765314,0.16802418352980145,0.2984393893382657,1.7692307692307692,0.5384615384615384,0.8846153846153846,2.0714285714285716,0.05555555555555555,1.0357142857142858,0.8999999999999999,0.24599999999999994,0.489,0.265,0.047,0.03899999999999999,2.25,0.75,1.125,0.133
S-Ga,1.013977128335451,0.48792884371029227,0.5069885641677255,2.398907103825137,0.42076502732240434,1.1994535519125684,-0.159,0.19699999999999998,0.38167716644121136,0.04717742870551862,0.19083858322060568,1.8076923076923077,0.5769230769230769,0.9038461538461539,2.119047619047619,0.10317460317460317,1.0595238095238095,0.976,0.16999999999999993,0.47,0.28400000000000003,0.044,0.036000000000000004,1.125,0.375,0.5625,0.045
S-Ge,0.9394409148665819,0.4133926302414232,0.46972045743329094,2.5081967213114753,0.3114754098360657,1.2540983606557377,-0.11,0.14,0.8832841012616294,0.4544295061148994,0.4416420506308147,1.8461538461538463,0.6153846153846154,0.9230769230769231,2.1507936507936507,0.1349206349206349,1.0753968253968254,1.04,0.10599999999999993,0.535,0.219,0.035,0.027,1.25,0.25,0.625,0.01
S-As,0.9936467598475223,0.4675984752223634,0.49682337992376113,2.601092896174863,0.21857923497267753,1.3005464480874316,-0.066,0.08399999999999999,0.8163376860006074,0.3874830908538774,0.4081688430003037,1.8846153846153846,0.6538461538461539,0.9423076923076923,2.1825396825396823,0.16666666666666666,1.0912698412698412,1.109,0.03699999999999992,0.605,0.149,0.015,0.006999999999999999,1.375,0.125,0.6875,0.06
S-Se,0.8753494282083861,0.34930114358322745,0.43767471410419306,2.80327868852459,0.016393442622950956,1.401639344262295,-0.023,0.027000000000000003,0.4872649973773569,0.05841040223062693,0.24363249868867845,1.9230769230769231,0.6923076923076923,0.9615384615384616,2.119047619047619,0.10317460317460317,1.0595238095238095,1.248,0.10200000000000009,0.685,0.069,0.018000000000000002,0.01,1.5,0.0,0.75,0.25
S-Zr,1.0914866581956797,0.5654383735705208,0.5457433290978398,2.1366120218579234,0.6830601092896175,1.0683060109289617,-0.38799999999999996,0.44,1.3889020787897193,0.9600474836429892,0.6944510393948596,2.1538461538461537,0.9230769230769231,1.0769230769230769,2.2777777777777777,0.2619047619047619,1.1388888888888888,1.318,0.17200000000000004,0.28600000000000003,0.46799999999999997,0.069,0.061,1.25,0.25,0.625,0.358
S-Nb,1.3519695044472682,0.8259212198221093,0.6759847522236341,2.2841530054644807,0.53551912568306,1.1420765027322404,-0.7,0.754,1.7328824227700632,1.3040278276233332,0.8664412113850316,2.1923076923076925,0.9615384615384616,1.0961538461538463,2.1666666666666665,0.15079365079365079,1.0833333333333333,0.968,0.17799999999999994,0.23500000000000001,0.519,0.056999999999999995,0.049,1.375,0.125,0.6875,0.143
S-Mo,1.5590851334180431,1.0330368487928843,0.7795425667090216,2.5901639344262297,0.22950819672131142,1.2950819672131149,-0.83,0.876,1.8129420533914917,1.3840874582447615,0.9064710266957459,2.230769230769231,1.0,1.1153846153846154,2.111111111111111,0.09523809523809523,1.0555555555555556,0.743,0.4029999999999999,0.26,0.494,0.03,0.022,1.5,0.0,0.75,0.006
S-Ru,1.8005082592121981,1.2744599745870393,0.9002541296060991,2.6120218579234975,0.20765027322404364,1.3060109289617488,0.124,0.10200000000000001,1.653374927532231,1.224520332385501,0.8266874637661155,2.3076923076923075,1.0769230769230769,1.1538461538461537,2.0714285714285716,0.05555555555555555,1.0357142857142858,0.695,0.45099999999999996,0.394,0.36,0.051000000000000004,0.043,1.75,0.25,0.875,0.076
S-Rh,1.8386277001270648,1.312579415501906,0.9193138500635324,2.655737704918032,0.16393442622950832,1.327868852459016,0.499,0.483,1.4490848356016897,1.0202302404549595,0.7245424178008448,2.3461538461538463,1.1153846153846154,1.1730769230769231,2.0714285714285716,0.05555555555555555,1.0357142857142858,0.73,0.4159999999999999,0.487,0.267,0.07,0.062,1.875,0.375,0.9375,0.12
S-Pd,1.7878017789072427,1.2617534942820838,0.8939008894536213,2.6120218579234975,0.20765027322404364,1.3060109289617488,0.341,0.311,1.2237031720177787,0.7948485768710488,0.6118515860088893,2.3846153846153846,1.1538461538461537,1.1923076923076923,2.0952380952380953,0.07936507936507936,1.0476190476190477,0.867,0.27899999999999997,0.594,0.16,0.11,0.102,2.0,0.5,1.0,0.219
S-Sn,1.1889453621346886,0.6628970775095299,0.5944726810673443,2.480874316939891,0.3387978142076503,1.2404371584699454,-0.184,0.21200000000000002,0.49329983712006187,0.06444524197333185,0.24664991856003093,2.5384615384615383,1.3076923076923077,1.2692307692307692,2.3015873015873014,0.2857142857142857,1.1507936507936507,1.331,0.18500000000000005,0.491,0.263,0.113,0.105,1.25,0.25,0.625,0.078
S-Sb,1.1118170266836087,0.5857687420584498,0.5559085133418044,2.530054644808743,0.2896174863387979,1.2650273224043715,-0.08700000000000001,0.105,0.7134351102890428,0.28458051514231286,0.3567175551445214,2.576923076923077,1.3461538461538463,1.2884615384615385,2.3253968253968256,0.30952380952380953,1.1626984126984128,1.322,0.17600000000000005,0.508,0.246,0.062,0.054000000000000006,1.375,0.125,0.6875,0.016
S-Te,1.0548919949174078,0.5288437102922492,0.5274459974587039,2.5573770491803276,0.2622950819672131,1.2786885245901638,-0.06599999999999999,0.076,0.613433453882892,0.18457885873616206,0.306716726941446,2.6153846153846154,1.3846153846153846,1.3076923076923077,2.2777777777777777,0.2619047619047619,1.1388888888888888,1.374,0.2280000000000001,0.573,0.181,0.035,0.027,1.5,0.0,0.75,0.059
S-Hf,1.9529860228716647,1.4269377382465058,0.9764930114358323,2.1202185792349724,0.6994535519125683,1.0601092896174862,-0.482,0.54,1.5981613891726252,1.169306794025895,0.7990806945863126,3.3846153846153846,2.1538461538461537,1.6923076923076923,2.2698412698412698,0.25396825396825395,1.1349206349206349,1.2189999999999999,0.07300000000000006,0.229,0.525,0.077,0.06899999999999999,1.25,0.25,0.625,0.267
S-Ta,2.3468869123252856,1.8208386277001267,1.1734434561626428,2.2295081967213113,0.5901639344262295,1.1147540983606556,-0.711,0.771,2.0310355299119345,1.6021809347652043,1.0155177649559672,3.423076923076923,2.1923076923076925,1.7115384615384615,2.1666666666666665,0.15079365079365079,1.0833333333333333,0.8939999999999999,0.25199999999999995,0.197,0.5569999999999999,0.044,0.036000000000000004,1.375,0.125,0.6875,0.027
S-W,2.7153748411689964,2.1893265565438376,1.3576874205844982,2.33879781420765,0.48087431693989074,1.169398907103825,-0.77,0.8200000000000001,2.2502332771995692,1.8213786820528393,1.1251166385997846,3.4615384615384617,2.230769230769231,1.7307692307692308,2.111111111111111,0.09523809523809523,1.0555555555555556,0.702,0.44399999999999995,0.228,0.526,0.02,0.012,1.5,0.0,0.75,-0.128
S-Re,2.9059720457433293,2.3799237611181705,1.4529860228716647,2.448087431693989,0.371584699453552,1.2240437158469946,-0.668,0.7020000000000001,2.1237942743560723,1.694939679209342,1.0618971371780361,3.5,2.269230769230769,1.75,2.0952380952380953,0.07936507936507936,1.0476190476190477,0.6499999999999999,0.49599999999999994,0.28900000000000003,0.46499999999999997,0.014,0.006,1.625,0.125,0.8125,-0.192
S-Os,3.1330622617534942,2.6070139771283354,1.5665311308767471,2.6120218579234975,0.20765027322404364,1.3060109289617488,-0.235,0.257,2.0398696960494713,1.6110151009027414,1.0199348480247357,3.5384615384615383,2.3076923076923075,1.7692307692307692,2.0793650793650795,0.06349206349206349,1.0396825396825398,0.6639999999999999,0.482,0.361,0.393,0.024,0.016,1.75,0.25,0.875,-0.155
S-Ir,3.1298856416772556,2.6038373570520967,1.5649428208386278,2.6120218579234975,0.20765027322404364,1.3060109289617488,0.316,0.306,1.7157662258785855,1.2869116307318553,0.8578831129392928,3.576923076923077,2.3461538461538463,1.7884615384615385,2.0873015873015874,0.07142857142857142,1.0436507936507937,0.708,0.43799999999999994,0.458,0.296,0.061,0.053000000000000005,1.875,0.375,0.9375,-0.059
S-Pt,2.9949174078780176,2.468869123252859,1.4974587039390088,2.6120218579234975,0.20765027322404364,1.3060109289617488,0.34700000000000003,0.325,1.3415288628771775,0.9126742677304474,0.6707644314385888,3.6153846153846154,2.3846153846153846,1.8076923076923077,2.111111111111111,0.09523809523809523,1.0555555555555556,0.835,0.31099999999999994,0.582,0.17200000000000001,0.098,0.09,2.0,0.5,1.0,0.026
S-Au,2.7153748411689964,2.1893265565438376,1.3576874205844982,2.721311475409836,0.098360655737705,1.360655737704918,0.16299999999999998,0.133,0.9528145101178809,0.5239599149711508,0.47640725505894044,3.6538461538461537,2.423076923076923,1.8269230769230769,2.1507936507936507,0.1349206349206349,1.0753968253968254,1.03,0.11599999999999994,0.6739999999999999,0.08000000000000002,0.14200000000000002,0.134,2.125,0.625,1.0625,0.185
S-U,2.6899618805590855,2.1639135959339266,1.3449809402795427,2.33879781420765,0.48087431693989074,1.169398907103825,-1.47,1.486,0.9919167379841538,0.5630621428374237,0.4959583689920769,4.153846153846154,2.923076923076923,2.076923076923077,2.357142857142857,0.3412698412698413,1.1785714285714286,1.821,0.675,0.606,0.148,0.077,0.06899999999999999,1.5,0.0,0.75,0.249
S-Np,2.8297331639135956,2.303684879288437,1.4148665819567978,2.1202185792349724,0.6994535519125683,1.0601092896174862,-2.781,2.813,0.7208182646384893,0.29196366949175934,0.36040913231924465,4.1923076923076925,2.9615384615384617,2.0961538461538463,2.365079365079365,0.3492063492063492,1.1825396825396826,1.859,0.7130000000000001,0.624,0.13,0.059,0.051000000000000004,1.625,0.125,0.8125,0.348
Sc-Sc,0.7598475222363406,0.0,0.3799237611181703,1.4863387978142077,0.0,0.7431693989071039,-1.084,0.0,2.0033128123015764,0.0,1.0016564061507882,1.6153846153846154,0.0,0.8076923076923077,2.5714285714285716,0.0,1.2857142857142858,1.418,0.0,-0.242,0.0,0.16,0.0,0.75,0.0,0.375,-0.218
Sc-Ti,0.9524777636594663,0.1926302414231258,0.4762388818297332,1.5846994535519128,0.09836065573770487,0.7923497267759564,-1.5190000000000001,0.43099999999999994,2.074538276785468,0.07122546448389144,1.037269138392734,1.6538461538461537,0.038461538461538464,0.8269230769230769,2.4523809523809526,0.11904761904761904,1.2261904761904763,0.97,0.44799999999999995,-0.281,0.03900000000000001,0.096,0.064,0.875,0.125,0.4375,-0.276
Sc-V,1.142312579415502,0.38246505717916135,0.571156289707751,1.633879781420765,0.14754098360655726,0.8169398907103825,-1.988,0.9119999999999999,2.2070507688485215,0.2037379565469453,1.1035253844242607,1.6923076923076923,0.07692307692307693,0.8461538461538461,2.3492063492063493,0.2222222222222222,1.1746031746031746,0.765,0.6529999999999999,-0.207,0.035,0.07200000000000001,0.088,1.0,0.25,0.5,-0.235
Sc-Cr,1.2884371029224906,0.5285895806861499,0.6442185514612453,1.650273224043716,0.1639344262295081,0.825136612021858,-2.409,1.377,2.2053943626977333,0.20208155039615713,1.1026971813488666,1.7307692307692308,0.11538461538461539,0.8653846153846154,2.3015873015873014,0.2698412698412698,1.1507936507936507,0.759,0.6589999999999999,-0.11599999999999999,0.126,0.078,0.082,1.125,0.375,0.5625,-0.149
Sc-Mn,1.3074968233799236,0.5476493011435831,0.6537484116899618,1.5901639344262295,0.10382513661202182,0.7950819672131147,-2.387,1.4209999999999998,1.8404328741407394,0.16287993816083704,0.9202164370703697,1.7692307692307692,0.15384615384615385,0.8846153846153846,2.2936507936507935,0.2777777777777778,1.1468253968253967,0.841,0.577,-0.026999999999999996,0.215,0.099,0.061,1.25,0.5,0.625,-0.04
Sc-Co,1.5057179161372298,0.7458703939008894,0.7528589580686149,1.7704918032786885,0.28415300546448075,0.8852459016393442,1.062,2.1260000000000003,1.9779145846561577,0.025398227645418655,0.9889572923280788,1.8461538461538463,0.23076923076923078,0.9230769230769231,2.2777777777777777,0.29365079365079366,1.1388888888888888,0.699,0.719,-0.007999999999999993,0.23399999999999999,0.096,0.064,1.5,0.75,0.75,0.072
Sc-Ni,1.5108005082592122,0.7509529860228716,0.7554002541296061,1.7868852459016393,0.3005464480874316,0.8934426229508197,0.31199999999999994,1.314,1.9558291693123153,0.047483642989260964,0.9779145846561577,1.8846153846153846,0.2692307692307692,0.9423076923076923,2.2698412698412698,0.30158730158730157,1.1349206349206349,0.814,0.604,0.099,0.34099999999999997,0.126,0.034,1.625,0.875,0.8125,0.151
Sc-Cu,1.5184243964421855,0.7585768742058451,0.7592121982210928,1.7814207650273222,0.29508196721311464,0.8907103825136611,-0.38,0.604,1.7513292659360074,0.2519835463655689,0.8756646329680037,1.9230769230769231,0.3076923076923077,0.9615384615384616,2.3015873015873014,0.2698412698412698,1.1507936507936507,0.963,0.45499999999999996,0.098,0.33999999999999997,0.134,0.026000000000000002,1.75,1.0,0.875,0.13
Sc-Zn,1.2864040660736977,0.5265565438373571,0.6432020330368489,1.6448087431693987,0.15846994535519116,0.8224043715846994,-0.611,0.441,1.3841078872539547,0.6192049250476217,0.6920539436269774,1.9615384615384615,0.34615384615384615,0.9807692307692307,2.3492063492063493,0.2222222222222222,1.1746031746031746,1.036,0.38199999999999995,-0.008999999999999994,0.23299999999999998,0.123,0.037000000000000005,1.875,1.125,0.9375,0.019
Sc-Ga,1.130876747141042,0.37102922490470136,0.565438373570521,1.7322404371584699,0.24590163934426226,0.8661202185792349,-0.678,0.33999999999999997,1.1689062750186345,0.8344065372829418,0.5844531375093173,2.0,0.38461538461538464,1.0,2.3968253968253967,0.1746031746031746,1.1984126984126984,1.112,0.30599999999999994,-0.027999999999999997,0.214,0.12,0.04,0.75,0.0,0.375,-0.033
Sc-Ge,1.056340533672173,0.2964930114358323,0.5281702668360865,1.8415300546448088,0.35519125683060093,0.9207650273224044,-0.592,0.384,1.6705132098390525,0.33279960246252377,0.8352566049195262,2.0384615384615383,0.4230769230769231,1.0192307692307692,2.4285714285714284,0.14285714285714285,1.2142857142857142,1.176,0.24199999999999994,0.037000000000000005,0.279,0.111,0.049,0.875,0.125,0.4375,-0.008
Sc-As,1.1105463786531131,0.3506988564167725,0.5552731893265566,1.9344262295081966,0.44808743169398907,0.9672131147540983,-0.534,0.43,1.6035667945780305,0.3997460177235458,0.8017833972890153,2.076923076923077,0.46153846153846156,1.0384615384615385,2.4603174603174605,0.1111111111111111,1.2301587301587302,1.245,0.17299999999999993,0.10700000000000001,0.349,0.091,0.069,1.0,0.25,0.5,0.064
Sc-Se,0.9922490470139771,0.23240152477763656,0.49612452350698855,2.1366120218579234,0.6502732240437157,1.0683060109289617,-0.486,0.488,1.27449410595478,0.7288187063467962,0.63724705297739,2.1153846153846154,0.5,1.0576923076923077,2.3968253968253967,0.1746031746031746,1.1984126984126984,1.384,0.03399999999999992,0.187,0.429,0.094,0.066,1.125,0.375,0.5625,0.199
Sc-Zr,1.2083862770012705,0.44853875476493005,0.6041931385006353,1.469945355191257,0.016393442622950834,0.7349726775956285,-0.998,0.09400000000000003,2.1761311873671425,0.17281837506556608,1.0880655936835713,2.3461538461538463,0.7307692307692307,1.1730769230769231,2.5555555555555554,0.015873015873015872,1.2777777777777777,1.454,0.03600000000000003,-0.212,0.03,0.14500000000000002,0.015,0.875,0.125,0.4375,-0.339
Sc-Nb,1.468869123252859,0.7090216010165185,0.7344345616264295,1.6174863387978142,0.13114754098360654,0.8087431693989071,-1.263,0.21099999999999997,2.5201115313474864,0.51679871904591,1.2600557656737432,2.3846153846153846,0.7692307692307693,1.1923076923076923,2.4444444444444446,0.12698412698412698,1.2222222222222223,1.104,0.31399999999999995,-0.263,0.02099999999999999,0.133,0.027000000000000003,1.0,0.25,0.5,-0.329
Sc-Mo,1.675984752223634,0.9161372299872934,0.837992376111817,1.923497267759563,0.4371584699453552,0.9617486338797815,-1.31,0.28600000000000003,2.6001711619689147,0.5968583496673384,1.3000855809844574,2.423076923076923,0.8076923076923077,1.2115384615384615,2.388888888888889,0.18253968253968253,1.1944444444444444,0.879,0.5389999999999999,-0.238,0.00399999999999999,0.106,0.054000000000000006,1.125,0.375,0.5625,-0.27
Sc-Ru,1.917407878017789,1.1575603557814484,0.9587039390088945,1.9453551912568308,0.45901639344262296,0.9726775956284154,-0.33499999999999996,0.643,2.440604036109654,0.4372912238080777,1.220302018054827,2.5,0.8846153846153846,1.25,2.3492063492063493,0.2222222222222222,1.1746031746031746,0.831,0.587,-0.104,0.138,0.127,0.033,1.375,0.625,0.6875,0.039
Sc-Rh,1.9555273189326556,1.195679796696315,0.9777636594663278,1.9890710382513659,0.5027322404371583,0.9945355191256829,0.08799999999999997,1.0659999999999998,2.2363139441791127,0.23300113187753635,1.1181569720895563,2.5384615384615383,0.9230769230769231,1.2692307692307692,2.3492063492063493,0.2222222222222222,1.1746031746031746,0.866,0.5519999999999999,-0.010999999999999996,0.23099999999999998,0.14600000000000002,0.013999999999999999,1.5,0.75,0.75,0.148
Sc-Pd,1.9047013977128335,1.144853875476493,0.9523506988564168,1.9453551912568308,0.45901639344262296,0.9726775956284154,-0.14300000000000002,0.839,2.010932280595202,0.007619468293625572,1.005466140297601,2.576923076923077,0.9615384615384616,1.2884615384615385,2.373015873015873,0.1984126984126984,1.1865079365079365,1.003,0.415,0.096,0.33799999999999997,0.186,0.025999999999999995,1.625,0.875,0.8125,0.18
Sc-Sn,1.3058449809402797,0.545997458703939,0.6529224904701398,1.814207650273224,0.3278688524590163,0.907103825136612,-0.675,0.319,1.2805289456974849,0.7227838666040913,0.6402644728487424,2.730769230769231,1.1153846153846154,1.3653846153846154,2.5793650793650795,0.007936507936507936,1.2896825396825398,1.467,0.049000000000000044,-0.006999999999999992,0.235,0.189,0.028999999999999998,0.875,0.125,0.4375,-0.171
Sc-Sb,1.2287166454891996,0.4688691232528589,0.6143583227445998,1.8633879781420766,0.37704918032786866,0.9316939890710383,-0.577,0.421,1.5006642188664658,0.5026485934351103,0.7503321094332329,2.769230769230769,1.1538461538461537,1.3846153846153846,2.6031746031746033,0.031746031746031744,1.3015873015873016,1.458,0.040000000000000036,0.010000000000000009,0.252,0.138,0.022,1.0,0.25,0.5,-0.186
Sc-Te,1.171791613722999,0.41194409148665817,0.5858958068614994,1.890710382513661,0.40437158469945356,0.9453551912568305,-0.561,0.451,1.400662562460315,0.6026502498412611,0.7003312812301575,2.8076923076923075,1.1923076923076923,1.4038461538461537,2.5555555555555554,0.015873015873015872,1.2777777777777777,1.51,0.09200000000000008,0.07500000000000001,0.317,0.111,0.049,1.125,0.375,0.5625,-0.136
Sc-Hf,2.069885641677255,1.310038119440915,1.0349428208386275,1.453551912568306,0.03278688524590167,0.726775956284153,-1.101,0.028999999999999915,2.3853904977500484,0.3820776854484719,1.1926952488750242,3.576923076923077,1.9615384615384615,1.7884615384615385,2.5476190476190474,0.023809523809523808,1.2738095238095237,1.355,0.06299999999999994,-0.269,0.026999999999999996,0.153,0.007000000000000006,0.875,0.125,0.4375,-0.367
Sc-Ta,2.463786531130877,1.703939008894536,1.2318932655654384,1.562841530054645,0.0765027322404371,0.7814207650273225,-1.298,0.244,2.8182646384893575,0.8149518261877812,1.4091323192446787,3.6153846153846154,2.0,1.8076923076923077,2.4444444444444446,0.12698412698412698,1.2222222222222223,1.03,0.38799999999999996,-0.301,0.059,0.12,0.04,1.0,0.25,0.5,-0.405
Sc-W,2.832274459974587,2.0724269377382467,1.4161372299872934,1.6721311475409835,0.18579234972677588,0.8360655737704917,-1.292,0.252,3.0374623857769927,1.034149573475416,1.5187311928884963,3.6538461538461537,2.0384615384615383,1.8269230769230769,2.388888888888889,0.18253968253968253,1.1944444444444444,0.838,0.58,-0.27,0.027999999999999997,0.096,0.064,1.125,0.375,0.5625,-0.37
Sc-Re,3.0228716645489198,2.2630241423125796,1.5114358322744599,1.7814207650273222,0.29508196721311464,0.8907103825136611,-1.115,0.09299999999999997,2.9110233829334953,0.907710570631919,1.4555116914667476,3.6923076923076925,2.076923076923077,1.8461538461538463,2.373015873015873,0.1984126984126984,1.1865079365079365,0.7859999999999999,0.632,-0.209,0.033,0.09,0.07,1.25,0.5,0.625,-0.264
Sc-Os,3.2499618805590846,2.4901143583227445,1.6249809402795423,1.9453551912568308,0.45901639344262296,0.9726775956284154,-0.6679999999999999,0.322,2.8270988046268943,0.8237859923253181,1.4135494023134472,3.730769230769231,2.1153846153846154,1.8653846153846154,2.357142857142857,0.21428571428571427,1.1785714285714286,0.7999999999999999,0.618,-0.137,0.105,0.1,0.06,1.375,0.625,0.6875,-0.086
Sc-Ir,3.246785260482846,2.486937738246506,1.623392630241423,1.9453551912568308,0.45901639344262296,0.9726775956284154,-0.10499999999999998,0.877,2.5029953344560085,0.49968252215443226,1.2514976672280043,3.769230769230769,2.1538461538461537,1.8846153846153846,2.365079365079365,0.20634920634920634,1.1825396825396826,0.844,0.574,-0.039999999999999994,0.202,0.137,0.023,1.5,0.75,0.75,0.075
Sc-Pt,3.111817026683609,2.351969504447268,1.5559085133418045,1.9453551912568308,0.45901639344262296,0.9726775956284154,-0.14100000000000001,0.855,2.1287579714546006,0.1254451591530242,1.0643789857273003,3.8076923076923075,2.1923076923076925,1.9038461538461537,2.388888888888889,0.18253968253968253,1.1944444444444444,0.971,0.44699999999999995,0.08399999999999999,0.32599999999999996,0.174,0.013999999999999999,1.625,0.875,0.8125,0.145
Sc-Au,2.832274459974587,2.0724269377382467,1.4161372299872934,2.054644808743169,0.5683060109289616,1.0273224043715845,-0.33299999999999996,0.651,1.740043618695304,0.2632691936062723,0.870021809347652,3.8461538461538463,2.230769230769231,1.9230769230769231,2.4285714285714284,0.14285714285714285,1.2142857142857142,1.166,0.25199999999999995,0.176,0.418,0.21800000000000003,0.05800000000000001,1.75,1.0,0.875,0.127
Sc-U,2.8068614993646763,2.0470139771283353,1.4034307496823382,1.6721311475409835,0.18579234972677588,0.8360655737704917,-1.944,0.8040000000000002,1.7791458465615768,0.22416696573999945,0.8895729232807884,4.346153846153846,2.730769230769231,2.173076923076923,2.634920634920635,0.06349206349206349,1.3174603174603174,1.9569999999999999,0.539,0.10800000000000001,0.35,0.153,0.007000000000000006,1.125,0.375,0.5625,-0.371
Sc-Np,2.9466327827191865,2.1867852604828464,1.4733163913595932,1.453551912568306,0.03278688524590167,0.726775956284153,-3.338,2.176,1.5080473732159125,0.49526543908566384,0.7540236866079563,4.384615384615385,2.769230769230769,2.1923076923076925,2.642857142857143,0.07142857142857142,1.3214285714285714,1.995,0.5770000000000001,0.126,0.368,0.135,0.025,1.25,0.5,0.625,-0.311
Ti-Ti,1.1451080050825921,0.0,0.5725540025412961,1.6830601092896174,0.0,0.8415300546448087,-1.946,0.0,2.1457637412693593,0.0,1.0728818706346797,1.6923076923076923,0.0,0.8461538461538461,2.3333333333333335,0.0,1.1666666666666667,0.522,0.0,-0.32,0.0,0.032,0.0,1.0,0.0,0.5,-0.28
Ti-V,1.3349428208386278,0.18983481575603556,0.6674714104193139,1.7322404371584699,0.04918032786885238,0.8661202185792349,-2.348,0.4620000000000001,2.278276233332413,0.13251249206305385,1.1391381166662065,1.7307692307692308,0.038461538461538464,0.8653846153846154,2.2301587301587302,0.10317460317460317,1.1150793650793651,0.317,0.20500000000000002,-0.246,0.07400000000000001,0.008,0.024,1.125,0.125,0.5625,-0.241
Ti-Cr,1.4810673443456164,0.3359593392630242,0.7405336721728082,1.7486338797814207,0.06557377049180321,0.8743169398907104,-2.684,0.896,2.2766198271816247,0.1308560859122657,1.1383099135908124,1.7692307692307692,0.07692307692307693,0.8846153846153846,2.1825396825396823,0.15079365079365079,1.0912698412698412,0.311,0.21100000000000002,-0.155,0.165,0.014,0.018000000000000002,1.25,0.25,0.625,-0.193
Ti-Mn,1.5001270648030496,0.3550190597204574,0.7500635324015248,1.6885245901639343,0.005464480874316944,0.8442622950819672,-2.383,0.7170000000000001,1.9116583386246309,0.23410540264472848,0.9558291693123154,1.8076923076923077,0.11538461538461539,0.9038461538461539,2.1746031746031744,0.15873015873015872,1.0873015873015872,0.393,0.129,-0.066,0.254,0.035,0.002999999999999999,1.375,0.375,0.6875,-0.133
Ti-Co,1.6983481575603556,0.5532401524777636,0.8491740787801778,1.8688524590163933,0.18579234972677588,0.9344262295081966,0.659,2.559,2.0491400491400493,0.0966236921293101,1.0245700245700247,1.8846153846153846,0.19230769230769232,0.9423076923076923,2.1587301587301586,0.1746031746031746,1.0793650793650793,0.251,0.271,-0.047,0.273,0.032,0.0,1.625,0.625,0.8125,0.017
Ti-Ni,1.703430749682338,0.5583227445997458,0.851715374841169,1.8852459016393444,0.2021857923497267,0.9426229508196722,-0.06900000000000006,1.7349999999999999,2.0270546337962068,0.11870910747315241,1.0135273168981034,1.9230769230769231,0.23076923076923078,0.9615384615384616,2.1507936507936507,0.18253968253968253,1.0753968253968254,0.366,0.15600000000000003,0.06,0.38,0.062,0.03,1.75,0.75,0.875,0.018
Ti-Cu,1.7110546378653113,0.5659466327827193,0.8555273189326557,1.8797814207650272,0.19672131147540975,0.9398907103825136,-0.843,1.035,1.822554730419899,0.32320901084946035,0.9112773652099495,1.9615384615384615,0.2692307692307692,0.9807692307692307,2.1825396825396823,0.15079365079365079,1.0912698412698412,0.515,0.007000000000000006,0.059,0.379,0.07,0.038,1.875,0.875,0.9375,-0.013
Ti-Zn,1.4790343074968235,0.33392630241423127,0.7395171537484118,1.7431693989071038,0.06010928961748627,0.8715846994535519,-1.022,0.858,1.4553333517378462,0.6904303895315131,0.7276666758689231,2.0,0.3076923076923077,1.0,2.2301587301587302,0.10317460317460317,1.1150793650793651,0.5880000000000001,0.066,-0.048,0.272,0.059,0.026999999999999996,2.0,1.0,1.0,-0.094
Ti-Ga,1.3235069885641677,0.1783989834815756,0.6617534942820839,1.830601092896175,0.14754098360655737,0.9153005464480874,-1.066,0.742,1.240131739502526,0.9056320017668332,0.620065869751263,2.0384615384615383,0.34615384615384615,1.0192307692307692,2.2777777777777777,0.05555555555555555,1.1388888888888888,0.664,0.14200000000000002,-0.067,0.253,0.056,0.024,0.875,0.125,0.4375,-0.141
Ti-Ge,1.2489707750952985,0.1038627700127065,0.6244853875476493,1.9398907103825136,0.256830601092896,0.9699453551912568,-0.99,0.788,1.741738674322944,0.40402506694641527,0.870869337161472,2.076923076923077,0.38461538461538464,1.0384615384615385,2.3095238095238093,0.023809523809523808,1.1547619047619047,0.728,0.20600000000000002,-0.0020000000000000018,0.318,0.047,0.015,1.0,0.0,0.5,-0.124
Ti-As,1.303176620076239,0.15806861499364672,0.6515883100381195,2.0327868852459017,0.3497267759562842,1.0163934426229508,-0.9490000000000001,0.845,1.674792259061922,0.47097148220743723,0.837396129530961,2.1153846153846154,0.4230769230769231,1.0576923076923077,2.3412698412698414,0.007936507936507936,1.1706349206349207,0.797,0.275,0.068,0.388,0.027,0.005000000000000001,1.125,0.125,0.5625,-0.07
Ti-Se,1.1848792884371029,0.039771283354510766,0.5924396442185514,2.2349726775956285,0.5519125683060108,1.1174863387978142,-0.921,0.913,1.3457195704386715,0.8000441708306877,0.6728597852193358,2.1538461538461537,0.46153846153846156,1.0769230769230769,2.2777777777777777,0.05555555555555555,1.1388888888888888,0.936,0.41400000000000003,0.148,0.46799999999999997,0.03,0.002,1.25,0.25,0.625,0.019
Ti-Zr,1.4010165184243963,0.25590851334180426,0.7005082592121982,1.5683060109289617,0.11475409836065571,0.7841530054644809,-1.386,0.506,2.247356651851034,0.10159291058167462,1.123678325925517,2.3846153846153846,0.6923076923076923,1.1923076923076923,2.4365079365079363,0.10317460317460317,1.2182539682539681,1.006,0.484,-0.251,0.069,0.081,0.049,1.0,0.0,0.5,-0.349
Ti-Nb,1.6614993646759848,0.5163913595933927,0.8307496823379924,1.715846994535519,0.03278688524590167,0.8579234972677595,-1.638,0.20200000000000007,2.591336995831378,0.4455732545620186,1.295668497915689,2.423076923076923,0.7307692307692307,1.2115384615384615,2.3253968253968256,0.007936507936507936,1.1626984126984128,0.656,0.134,-0.302,0.018000000000000016,0.069,0.037,1.125,0.125,0.5625,-0.327
Ti-Mo,1.8686149936467598,0.7235069885641676,0.9343074968233799,2.021857923497268,0.3387978142076503,1.010928961748634,-1.667,0.125,2.671396626452806,0.525632885183447,1.335698313226403,2.4615384615384617,0.7692307692307693,1.2307692307692308,2.2698412698412698,0.06349206349206349,1.1349206349206349,0.43100000000000005,0.091,-0.277,0.043,0.041999999999999996,0.009999999999999998,1.25,0.25,0.625,-0.27
Ti-Ru,2.1100381194409152,0.9649301143583227,1.0550190597204576,2.0437158469945356,0.3606557377049181,1.0218579234972678,-0.643,1.055,2.5118295005935454,0.3660657593241863,1.2559147502967727,2.5384615384615383,0.8461538461538461,1.2692307692307692,2.2301587301587302,0.10317460317460317,1.1150793650793651,0.383,0.139,-0.14300000000000002,0.177,0.063,0.031,1.5,0.5,0.75,0.009
Ti-Rh,2.148157560355781,1.0030495552731893,1.0740787801778906,2.0874316939890707,0.4043715846994534,1.0437158469945353,-0.30100000000000005,1.467,2.307539408663004,0.1617756673936449,1.153769704331502,2.576923076923077,0.8846153846153846,1.2884615384615385,2.2301587301587302,0.10317460317460317,1.1150793650793651,0.41800000000000004,0.10400000000000001,-0.05,0.27,0.082,0.05,1.625,0.625,0.8125,0.07
Ti-Pd,2.0973316391359593,0.9522236340533672,1.0486658195679797,2.0437158469945356,0.3606557377049181,1.0218579234972678,-0.538,1.248,2.0821577450790936,0.06360599619026587,1.0410788725395468,2.6153846153846154,0.9230769230769231,1.3076923076923077,2.253968253968254,0.07936507936507936,1.126984126984127,0.5549999999999999,0.032999999999999974,0.056999999999999995,0.377,0.122,0.09,1.75,0.75,0.875,0.032
Ti-Sn,1.4984752223634052,0.35336721728081316,0.7492376111817026,1.9125683060109289,0.22950819672131142,0.9562841530054644,-1.073,0.7170000000000001,1.3517544101813763,0.7940093310879828,0.6758772050906882,2.769230769230769,1.0769230769230769,1.3846153846153846,2.4603174603174605,0.12698412698412698,1.2301587301587302,1.0190000000000001,0.497,-0.046,0.274,0.125,0.093,1.0,0.0,0.5,-0.247
Ti-Sb,1.4213468869123254,0.2762388818297331,0.7106734434561627,1.9617486338797812,0.2786885245901638,0.9808743169398906,-0.974,0.8200000000000001,1.5718896833503573,0.5738740579190017,0.7859448416751786,2.8076923076923075,1.1153846153846154,1.4038461538461537,2.484126984126984,0.15079365079365079,1.242063492063492,1.01,0.488,-0.028999999999999998,0.29100000000000004,0.07400000000000001,0.042,1.125,0.125,0.5625,-0.241
Ti-Te,1.3644218551461245,0.2193138500635324,0.6822109275730622,1.989071038251366,0.30601092896174864,0.994535519125683,-0.9570000000000001,0.847,1.4718880269442065,0.6738757143251526,0.7359440134721033,2.8461538461538463,1.1538461538461537,1.4230769230769231,2.4365079365079363,0.10317460317460317,1.2182539682539681,1.062,0.54,0.036000000000000004,0.356,0.047,0.015,1.25,0.25,0.625,-0.202
Ti-Hf,2.2625158831003813,1.1174078780177892,1.1312579415501907,1.5519125683060109,0.13114754098360654,0.7759562841530054,-1.508,0.3839999999999999,2.45661596223394,0.3108522209645805,1.22830798111697,3.6153846153846154,1.9230769230769231,1.8076923076923077,2.4285714285714284,0.09523809523809523,1.2142857142857142,0.907,0.385,-0.308,0.01200000000000001,0.089,0.056999999999999995,1.0,0.0,0.5,-0.365
Ti-Ta,2.656416772554002,1.5113087674714103,1.328208386277001,1.6612021857923496,0.021857923497267777,0.8306010928961748,-1.699,0.16100000000000003,2.889490102973249,0.7437263617038897,1.4447450514866245,3.6538461538461537,1.9615384615384615,1.8269230769230769,2.3253968253968256,0.007936507936507936,1.1626984126984128,0.5820000000000001,0.06,-0.33999999999999997,0.01999999999999999,0.056,0.024,1.125,0.125,0.5625,-0.369
Ti-W,3.024904701397713,1.8797966963151207,1.5124523506988565,1.7704918032786885,0.087431693989071,0.8852459016393442,-1.654,0.15200000000000002,3.108687850260884,0.9629241089915247,1.554343925130442,3.6923076923076925,2.0,1.8461538461538463,2.2698412698412698,0.06349206349206349,1.1349206349206349,0.39,0.132,-0.309,0.01100000000000001,0.032,0.0,1.25,0.25,0.625,-0.327
Ti-Re,3.215501905972046,2.070393900889454,1.607750952986023,1.8797814207650272,0.19672131147540975,0.9398907103825136,-1.4100000000000001,0.30199999999999994,2.9822488474173867,0.8364851061480274,1.4911244237086934,3.730769230769231,2.0384615384615383,1.8653846153846154,2.253968253968254,0.07936507936507936,1.126984126984127,0.338,0.184,-0.248,0.07200000000000001,0.026000000000000002,0.006,1.375,0.375,0.6875,-0.243
Ti-Os,3.442592121982211,2.2974841168996187,1.7212960609911054,2.0437158469945356,0.3606557377049181,1.0218579234972678,-0.947,0.703,2.898324269110786,0.7525605278414267,1.449162134555393,3.769230769230769,2.076923076923077,1.8846153846153846,2.238095238095238,0.09523809523809523,1.119047619047619,0.352,0.17,-0.176,0.14400000000000002,0.036000000000000004,0.004,1.5,0.5,0.75,-0.088
Ti-Ir,3.4394155019059722,2.29430749682338,1.7197077509529861,2.0437158469945356,0.3606557377049181,1.0218579234972678,-0.45399999999999996,1.264,2.5742207989399,0.4284570576705408,1.28711039946995,3.8076923076923075,2.1153846153846154,1.9038461538461537,2.246031746031746,0.0873015873015873,1.123015873015873,0.396,0.126,-0.079,0.241,0.07300000000000001,0.041,1.625,0.625,0.8125,0.049
Ti-Pt,3.3044472681067343,2.159339263024142,1.6522236340533671,2.0437158469945356,0.3606557377049181,1.0218579234972678,-0.517,1.249,2.199983435938492,0.05421969466913277,1.099991717969246,3.8461538461538463,2.1538461538461537,1.9230769230769231,2.2698412698412698,0.06349206349206349,1.1349206349206349,0.523,0.0010000000000000009,0.044999999999999984,0.365,0.11,0.078,1.75,0.75,0.875,0.043
Ti-Au,3.024904701397713,1.8797966963151207,1.5124523506988565,2.153005464480874,0.46994535519125674,1.076502732240437,-0.708,1.046,1.8112690831791955,0.33449465809016377,0.9056345415895978,3.8846153846153846,2.1923076923076925,1.9423076923076923,2.3095238095238093,0.023809523809523808,1.1547619047619047,0.718,0.196,0.13699999999999998,0.45699999999999996,0.15400000000000003,0.12200000000000001,1.875,0.875,0.9375,-0.039
Ti-U,2.999491740787802,1.8543837357052098,1.499745870393901,1.7704918032786885,0.087431693989071,0.8852459016393442,-2.3040000000000003,0.40800000000000014,1.8503713110454683,0.2953924302238909,0.9251856555227341,4.384615384615385,2.6923076923076925,2.1923076923076925,2.515873015873016,0.18253968253968253,1.257936507936508,1.509,0.987,0.069,0.389,0.089,0.056999999999999995,1.25,0.25,0.625,-0.42
Ti-Np,3.1392630241423123,1.9941550190597204,1.5696315120711561,1.5519125683060109,0.13114754098360654,0.7759562841530054,-3.657,1.763,1.579272837699804,0.5664909035695552,0.789636418849902,4.423076923076923,2.730769230769231,2.2115384615384617,2.5238095238095237,0.19047619047619047,1.2619047619047619,1.5470000000000002,1.025,0.087,0.40700000000000003,0.07100000000000001,0.039,1.375,0.375,0.6875,-0.372
V-V,1.5247776365946633,0.0,0.7623888182973316,1.7814207650273222,0.0,0.8907103825136611,-2.689,0.0009999999999998899,2.410788725395467,0.0,1.2053943626977335,1.7692307692307692,0.0,0.8846153846153846,2.126984126984127,0.0,1.0634920634920635,0.112,0.0,-0.172,0.0,-0.016,0.0,1.25,0.0,0.625,-0.245
V-Cr,1.6709021601016518,0.1461245235069886,0.8354510800508259,1.7978142076502732,0.016393442622950834,0.8989071038251366,-2.992,0.41999999999999993,2.4091323192446787,0.0016564061507881732,1.2045661596223394,1.8076923076923077,0.038461538461538464,0.9038461538461539,2.0793650793650795,0.047619047619047616,1.0396825396825398,0.10600000000000001,0.005999999999999998,-0.08099999999999999,0.091,-0.01,0.006,1.375,0.125,0.6875,-0.253
V-Mn,1.6899618805590852,0.16518424396442183,0.8449809402795426,1.7377049180327866,0.043715846994535436,0.8688524590163933,-1.07,1.3960000000000001,2.0441708306876847,0.36661789470778233,1.0220854153438423,1.8461538461538463,0.07692307692307693,0.9230769230769231,2.0714285714285716,0.05555555555555555,1.0357142857142858,0.188,0.07600000000000001,0.008000000000000007,0.18,0.011,0.027,1.5,0.25,0.75,-0.227
V-Co,1.8881829733163913,0.363405336721728,0.9440914866581956,1.9180327868852458,0.13661202185792348,0.9590163934426229,0.2489999999999999,3.019,2.181652541203103,0.22913618419236395,1.0908262706015515,1.9230769230769231,0.15384615384615385,0.9615384615384616,2.0555555555555554,0.07142857142857142,1.0277777777777777,0.046,0.066,0.02700000000000001,0.199,0.008,0.024,1.75,0.5,0.875,-0.042
V-Ni,1.8932655654383737,0.36848792884371034,0.9466327827191868,1.9344262295081966,0.15300546448087432,0.9672131147540983,-0.5100000000000001,2.198,2.159567125859261,0.25122159953620626,1.0797835629296304,1.9615384615384615,0.19230769230769232,0.9807692307692307,2.0476190476190474,0.07936507936507936,1.0238095238095237,0.161,0.048999999999999995,0.134,0.306,0.038,0.054,1.875,0.625,0.9375,-0.087
V-Cu,1.900889453621347,0.3761118170266837,0.9504447268106735,1.9289617486338797,0.14754098360655737,0.9644808743169399,-1.351,1.5270000000000001,1.9550672224829528,0.4557215029125142,0.9775336112414764,2.0,0.23076923076923078,1.0,2.0793650793650795,0.047619047619047616,1.0396825396825398,0.31,0.198,0.133,0.305,0.046,0.062,2.0,0.75,1.0,-0.068
V-Zn,1.668869123252859,0.1440914866581957,0.8344345616264295,1.792349726775956,0.010928961748633888,0.896174863387978,-1.4889999999999999,1.335,1.5878458438009,0.8229428815945671,0.79392292190045,2.0384615384615383,0.2692307692307692,1.0192307692307692,2.126984126984127,0.0,1.0634920634920635,0.383,0.271,0.02600000000000001,0.198,0.034999999999999996,0.051,2.125,0.875,1.0625,-0.142
V-Ga,1.5133418043202034,0.011435832274459956,0.7566709021601017,1.8797814207650272,0.098360655737705,0.9398907103825136,-1.541,1.225,1.3726442315655798,1.0381444938298872,0.6863221157827899,2.076923076923077,0.3076923076923077,1.0384615384615385,2.1746031746031744,0.047619047619047616,1.0873015873015872,0.459,0.34700000000000003,0.007000000000000006,0.179,0.032,0.048,1.0,0.25,0.5,-0.184
V-Ge,1.4388055908513342,0.08597204574332905,0.7194027954256671,1.9890710382513659,0.20765027322404364,0.9945355191256829,-1.487,1.287,1.8742511663859978,0.5365375590094691,0.9371255831929989,2.1153846153846154,0.34615384615384615,1.0576923076923077,2.2063492063492065,0.07936507936507936,1.1031746031746033,0.523,0.41100000000000003,0.07200000000000001,0.244,0.023,0.039,1.125,0.125,0.5625,-0.158
V-As,1.4930114358322744,0.03176620076238882,0.7465057179161372,2.081967213114754,0.3005464480874318,1.040983606557377,-1.4509999999999998,1.349,1.8073047511249758,0.603483974270491,0.9036523755624879,2.1538461538461537,0.38461538461538464,1.0769230769230769,2.238095238095238,0.1111111111111111,1.119047619047619,0.5920000000000001,0.48000000000000004,0.14200000000000002,0.314,0.002999999999999999,0.019,1.25,0.0,0.625,-0.114
V-Se,1.3747141041931383,0.15006353240152479,0.6873570520965692,2.2841530054644807,0.5027322404371584,1.1420765027322404,-1.438,1.4280000000000002,1.4782320625017253,0.9325566628937415,0.7391160312508627,2.1923076923076925,0.4230769230769231,1.0961538461538463,2.1746031746031744,0.047619047619047616,1.0873015873015872,0.7310000000000001,0.619,0.222,0.394,0.006,0.022,1.375,0.125,0.6875,-0.057
V-Zr,1.590851334180432,0.06607369758576868,0.795425667090216,1.6174863387978142,0.1639344262295081,0.8087431693989071,-1.787,0.9470000000000001,2.3798691439140875,0.030919581481379233,1.1899345719570438,2.423076923076923,0.6538461538461539,1.2115384615384615,2.3333333333333335,0.20634920634920634,1.1666666666666667,0.801,0.689,-0.177,0.0050000000000000044,0.057,0.07300000000000001,1.125,0.125,0.5625,-0.317
V-Nb,1.8513341804320202,0.3265565438373571,0.9256670902160101,1.7650273224043715,0.016393442622950713,0.8825136612021858,-2.021,0.629,2.7238494878944315,0.31306076249896475,1.3619247439472157,2.4615384615384617,0.6923076923076923,1.2307692307692308,2.2222222222222223,0.09523809523809523,1.1111111111111112,0.451,0.339,-0.22799999999999998,0.055999999999999994,0.045,0.061,1.25,0.0,0.625,-0.312
V-Mo,2.0584498094027954,0.5336721728081321,1.0292249047013977,2.07103825136612,0.2896174863387979,1.03551912568306,-1.9949999999999999,0.5429999999999999,2.80390911851586,0.3931203931203931,1.40195455925793,2.5,0.7307692307692307,1.25,2.1666666666666665,0.03968253968253968,1.0833333333333333,0.226,0.11400000000000002,-0.203,0.031000000000000014,0.018,0.034,1.375,0.125,0.6875,-0.284
V-Ru,2.2998729351969507,0.7750952986022871,1.1499364675984753,2.092896174863388,0.3114754098360657,1.046448087431694,-0.943,1.4929999999999999,2.6443419926565994,0.23355326726113243,1.3221709963282997,2.576923076923077,0.8076923076923077,1.2884615384615385,2.126984126984127,0.0,1.0634920634920635,0.178,0.066,-0.06899999999999999,0.103,0.039,0.055,1.625,0.375,0.8125,-0.038
V-Rh,2.3379923761118167,0.8132147395171537,1.1689961880559083,2.1366120218579234,0.35519125683060104,1.0683060109289617,-0.7130000000000001,1.903,2.440051900726058,0.02926317533059106,1.220025950363029,2.6153846153846154,0.8461538461538461,1.3076923076923077,2.126984126984127,0.0,1.0634920634920635,0.213,0.101,0.024000000000000007,0.196,0.058,0.07400000000000001,1.75,0.5,0.875,-0.016
V-Pd,2.2871664548919948,0.7623888182973316,1.1435832274459974,2.092896174863388,0.3114754098360657,1.046448087431694,-0.9870000000000001,1.705,2.214670237142147,0.19611848825331973,1.1073351185710736,2.6538461538461537,0.8846153846153846,1.3269230769230769,2.1507936507936507,0.023809523809523808,1.0753968253968254,0.35,0.238,0.131,0.303,0.098,0.11399999999999999,1.875,0.625,0.9375,-0.086
V-Sn,1.6883100381194407,0.16353240152477763,0.8441550190597203,1.9617486338797812,0.18032786885245905,0.9808743169398906,-1.554,1.196,1.4842669022444304,0.9265218231510367,0.7421334511222152,2.8076923076923075,1.0384615384615385,1.4038461538461537,2.357142857142857,0.23015873015873015,1.1785714285714286,0.8140000000000001,0.702,0.02800000000000001,0.2,0.101,0.11699999999999999,1.125,0.125,0.5625,-0.238
V-Sb,1.6111817026683608,0.08640406607369755,0.8055908513341804,2.0109289617486334,0.22950819672131142,1.0054644808743167,-1.439,1.287,1.7044021754134113,0.7063865499820556,0.8522010877067057,2.8461538461538463,1.0769230769230769,1.4230769230769231,2.380952380952381,0.25396825396825395,1.1904761904761905,0.805,0.693,0.04500000000000001,0.217,0.05,0.066,1.25,0.0,0.625,-0.233
V-Te,1.55425667090216,0.02947903430749685,0.77712833545108,2.0382513661202184,0.2568306010928963,1.0191256830601092,-1.42,1.31,1.6044005190072606,0.8063882063882065,0.8022002595036303,2.8846153846153846,1.1153846153846154,1.4423076923076923,2.3333333333333335,0.20634920634920634,1.1666666666666667,0.8570000000000001,0.745,0.11000000000000001,0.28200000000000003,0.023,0.039,1.375,0.125,0.6875,-0.218
V-Hf,2.4523506988564168,0.9275730622617536,1.2261753494282084,1.6010928961748632,0.18032786885245894,0.8005464480874316,-1.928,0.826,2.5891284542969935,0.17833972890152663,1.2945642271484967,3.6538461538461537,1.8846153846153846,1.8269230769230769,2.3253968253968256,0.1984126984126984,1.1626984126984128,0.7020000000000001,0.59,-0.23399999999999999,0.062,0.065,0.08099999999999999,1.125,0.125,0.5625,-0.314
V-Ta,2.846251588310038,1.3214739517153746,1.423125794155019,1.710382513661202,0.07103825136612016,0.855191256830601,-2.078,0.584,3.022002595036303,0.6112138696408359,1.5110012975181515,3.6923076923076925,1.9230769230769231,1.8461538461538463,2.2222222222222223,0.09523809523809523,1.1111111111111112,0.377,0.265,-0.266,0.094,0.032,0.048,1.25,0.0,0.625,-0.324
V-W,3.2147395171537485,1.6899618805590852,1.6073697585768743,1.819672131147541,0.038251366120218615,0.9098360655737705,-1.979,0.561,3.2412003423239377,0.8304116169284709,1.6206001711619689,3.730769230769231,1.9615384615384615,1.8653846153846154,2.1666666666666665,0.03968253968253968,1.0833333333333333,0.185,0.07300000000000001,-0.235,0.063,0.008,0.024,1.375,0.125,0.6875,-0.319
V-Re,3.4053367217280814,1.8805590851334182,1.7026683608640407,1.9289617486338797,0.14754098360655737,0.9644808743169399,-1.67,0.68,3.1147613394804408,0.7039726140849736,1.5573806697402204,3.769230769230769,2.0,1.8846153846153846,2.1507936507936507,0.023809523809523808,1.0753968253968254,0.133,0.020999999999999998,-0.174,0.0020000000000000018,0.002,0.018000000000000002,1.5,0.25,0.75,-0.26
V-Os,3.6324269377382463,2.1076493011435833,1.8162134688691232,2.092896174863388,0.3114754098360657,1.046448087431694,-1.22,1.0959999999999999,3.03083676117384,0.6200480357783729,1.51541838058692,3.8076923076923075,2.0384615384615383,1.9038461538461537,2.134920634920635,0.007936507936507936,1.0674603174603174,0.147,0.034999999999999996,-0.102,0.06999999999999999,0.012,0.028,1.625,0.375,0.8125,-0.129
V-Ir,3.6292503176620077,2.104472681067344,1.8146251588310038,2.092896174863388,0.3114754098360657,1.046448087431694,-0.8279999999999998,1.674,2.706733291002954,0.29594456560748694,1.353366645501477,3.8461538461538463,2.076923076923077,1.9230769230769231,2.142857142857143,0.015873015873015872,1.0714285714285714,0.191,0.07900000000000001,-0.0049999999999999906,0.16699999999999998,0.049,0.065,1.75,0.5,0.875,-0.016
V-Pt,3.49428208386277,1.9695044472681067,1.747141041931385,2.092896174863388,0.3114754098360657,1.046448087431694,-0.9339999999999999,1.684,2.332495928001546,0.07829279739392109,1.166247964000773,3.8846153846153846,2.1153846153846154,1.9423076923076923,2.1666666666666665,0.03968253968253968,1.0833333333333333,0.318,0.20600000000000002,0.119,0.291,0.086,0.10200000000000001,1.875,0.625,0.9375,-0.068
V-Au,3.2147395171537485,1.6899618805590852,1.6073697585768743,2.2021857923497263,0.42076502732240434,1.1010928961748632,-1.147,1.493,1.9437815752422494,0.46700715015321764,0.9718907876211247,3.923076923076923,2.1538461538461537,1.9615384615384615,2.2063492063492065,0.07936507936507936,1.1031746031746033,0.513,0.401,0.211,0.383,0.13,0.14600000000000002,2.0,0.75,1.0,-0.163
V-U,3.1893265565438376,1.6645489199491743,1.5946632782719188,1.819672131147541,0.038251366120218615,0.9098360655737705,-2.669,0.007000000000000117,1.9828838031085223,0.4279049222869447,0.9914419015542612,4.423076923076923,2.6538461538461537,2.2115384615384617,2.4126984126984126,0.2857142857142857,1.2063492063492063,1.304,1.192,0.14300000000000002,0.315,0.065,0.08099999999999999,1.375,0.125,0.6875,-0.455
V-Np,3.329097839898348,1.8043202033036847,1.664548919949174,1.6010928961748632,0.18032786885245894,0.8005464480874316,-3.992,1.344,1.7117853297628578,0.699003395632609,0.8558926648814289,4.461538461538462,2.6923076923076925,2.230769230769231,2.4206349206349205,0.29365079365079366,1.2103174603174602,1.342,1.23,0.161,0.33299999999999996,0.047,0.063,1.5,0.25,0.75,-0.418
Cr-Cr,1.8170266836086404,0.0,0.9085133418043202,1.8142076502732238,0.0,0.9071038251366119,-3.108,0.0,2.4074759130938905,0.0,1.2037379565469453,1.8461538461538463,0.0,0.9230769230769231,2.0317460317460316,0.0,1.0158730158730158,0.1,0.0,0.01,0.0,-0.004,0.0,1.5,0.0,0.75,-0.292
Cr-Mn,1.8360864040660736,0.019059720457433222,0.9180432020330368,1.7540983606557377,0.06010928961748627,0.8770491803278688,-1.927,1.093,2.0425144245368965,0.3649614885569942,1.0212572122684482,1.8846153846153846,0.038461538461538464,0.9423076923076923,2.0238095238095237,0.007936507936507936,1.0119047619047619,0.182,0.082,0.099,0.089,0.017,0.020999999999999998,1.625,0.125,0.8125,-0.239
Cr-Co,2.03430749682338,0.2172808132147394,1.01715374841169,1.9344262295081966,0.12021857923497266,0.9672131147540983,-0.17199999999999993,3.4779999999999998,2.1799961350523147,0.2274797780415758,1.0899980675261574,1.9615384615384615,0.11538461538461539,0.9807692307692307,2.007936507936508,0.023809523809523808,1.003968253968254,0.04,0.060000000000000005,0.11800000000000001,0.108,0.014,0.018000000000000002,1.875,0.375,0.9375,-0.084
Cr-Ni,2.0393900889453622,0.22236340533672172,1.0196950444726811,1.9508196721311475,0.13661202185792348,0.9754098360655737,-1.0230000000000001,2.689,2.1579107197084726,0.2495651933854181,1.0789553598542363,2.0,0.15384615384615385,1.0,2.0,0.031746031746031744,1.0,0.155,0.05499999999999999,0.225,0.215,0.044,0.048,2.0,0.5,1.0,-0.139
Cr-Cu,2.0470139771283353,0.2299872935196951,1.0235069885641677,1.9453551912568303,0.13114754098360654,0.9726775956284152,-1.917,2.099,1.9534108163321646,0.454065096761726,0.9767054081660823,2.0384615384615383,0.19230769230769232,1.0192307692307692,2.0317460317460316,0.0,1.0158730158730158,0.304,0.20400000000000001,0.224,0.214,0.052,0.056,2.125,0.625,1.0625,-0.032
Cr-Zn,1.8149936467598475,0.002033036848792886,0.9074968233799238,1.808743169398907,0.005464480874316944,0.9043715846994534,-2.006,1.8619999999999999,1.5861894376501118,0.8212864754437789,0.7930947188250559,2.076923076923077,0.23076923076923078,1.0384615384615385,2.0793650793650795,0.047619047619047616,1.0396825396825398,0.377,0.277,0.117,0.107,0.040999999999999995,0.045,2.25,0.75,1.125,-0.118
Cr-Ga,1.659466327827192,0.15756035578144856,0.829733163913596,1.896174863387978,0.08196721311475416,0.948087431693989,-2.096,1.788,1.3709878254147918,1.036488087679099,0.6854939127073959,2.1153846153846154,0.2692307692307692,1.0576923076923077,2.126984126984127,0.09523809523809523,1.0634920634920635,0.453,0.35300000000000004,0.098,0.088,0.038,0.042,1.125,0.375,0.5625,-0.139
Cr-Ge,1.584930114358323,0.23209656925031766,0.7924650571791615,2.0054644808743167,0.1912568306010928,1.0027322404371584,-2.047,1.853,1.8725947602352098,0.5348811528586809,0.9362973801176049,2.1538461538461537,0.3076923076923077,1.0769230769230769,2.1587301587301586,0.12698412698412698,1.0793650793650793,0.517,0.41700000000000004,0.163,0.153,0.028999999999999998,0.033,1.25,0.25,0.625,-0.099
Cr-As,1.6391359593392631,0.17789072426937744,0.8195679796696316,2.0983606557377046,0.28415300546448097,1.0491803278688523,-2.004,1.904,1.8056483449741876,0.601827568119703,0.9028241724870938,2.1923076923076925,0.34615384615384615,1.0961538461538463,2.1904761904761907,0.15873015873015872,1.0952380952380953,0.5860000000000001,0.48600000000000004,0.233,0.223,0.009,0.013,1.375,0.125,0.6875,-0.072
Cr-Se,1.5208386277001271,0.2961880559085134,0.7604193138500636,2.300546448087432,0.4863387978142076,1.150273224043716,-2.025,2.0109999999999997,1.4765756563509373,0.9309002567429533,0.7382878281754687,2.230769230769231,0.38461538461538464,1.1153846153846154,2.126984126984127,0.09523809523809523,1.0634920634920635,0.7250000000000001,0.625,0.313,0.303,0.012,0.016,1.5,0.0,0.75,-0.033
Cr-Zr,1.7369758576874206,0.08005082592121993,0.8684879288437103,1.633879781420765,0.18032786885245894,0.8169398907103825,-2.14,1.342,2.3782127377632993,0.02926317533059106,1.1891063688816497,2.4615384615384617,0.6153846153846154,1.2307692307692308,2.2857142857142856,0.25396825396825395,1.1428571428571428,0.795,0.695,-0.086,0.096,0.063,0.067,1.25,0.25,0.625,-0.274
Cr-Nb,1.997458703939009,0.18043202033036848,0.9987293519695045,1.7814207650273222,0.032786885245901544,0.8907103825136611,-2.324,0.9959999999999999,2.7221930817436437,0.3147171686497529,1.3610965408718219,2.5,0.6538461538461539,1.25,2.1746031746031744,0.14285714285714285,1.0873015873015872,0.445,0.34500000000000003,-0.13699999999999998,0.147,0.051,0.055,1.375,0.125,0.6875,-0.293
Cr-Mo,2.204574332909784,0.38754764930114344,1.102287166454892,2.087431693989071,0.27322404371584713,1.0437158469945356,-2.167,0.8389999999999999,2.802252712365072,0.39477679927118126,1.401126356182536,2.5384615384615383,0.6923076923076923,1.2692307692307692,2.119047619047619,0.0873015873015873,1.0595238095238095,0.22000000000000003,0.12000000000000001,-0.112,0.12200000000000001,0.024,0.027999999999999997,1.5,0.0,0.75,-0.289
Cr-Ru,2.445997458703939,0.6289707750952985,1.2229987293519695,2.109289617486339,0.29508196721311486,1.0546448087431695,-1.264,1.89,2.642685586505811,0.2352096734119206,1.3213427932529056,2.6153846153846154,0.7692307692307693,1.3076923076923077,2.0793650793650795,0.047619047619047616,1.0396825396825398,0.172,0.072,0.022000000000000002,0.012,0.045,0.049,1.75,0.25,0.875,-0.073
Cr-Rh,2.4841168996188054,0.6670902160101652,1.2420584498094027,2.153005464480874,0.3387978142076502,1.076502732240437,-1.156,2.354,2.43839549457527,0.030919581481379233,1.219197747287635,2.6538461538461537,0.8076923076923077,1.3269230769230769,2.0793650793650795,0.047619047619047616,1.0396825396825398,0.20700000000000002,0.107,0.115,0.105,0.064,0.068,1.875,0.375,0.9375,-0.078
Cr-Pd,2.433290978398983,0.6162642947903431,1.2166454891994916,2.109289617486339,0.29508196721311486,1.0546448087431695,-1.48,2.2,2.213013830991359,0.19446208210253155,1.1065069154956795,2.6923076923076925,0.8461538461538461,1.3461538461538463,2.1031746031746033,0.07142857142857142,1.0515873015873016,0.344,0.244,0.222,0.212,0.104,0.108,2.0,0.5,1.0,-0.142
Cr-Sn,1.8344345616264297,0.01740787801778902,0.9172172808132149,1.9781420765027322,0.1639344262295082,0.9890710382513661,-2.077,1.7309999999999999,1.4826104960936421,0.9248654170002485,0.7413052480468211,2.8461538461538463,1.0,1.4230769230769231,2.3095238095238093,0.2777777777777778,1.1547619047619047,0.808,0.708,0.11900000000000001,0.109,0.107,0.111,1.25,0.25,0.625,-0.149
Cr-Sb,1.7573062261753494,0.05972045743329106,0.8786531130876747,2.0273224043715845,0.2131147540983606,1.0136612021857923,-1.939,1.791,1.702745769262623,0.7047301438312674,0.8513728846313116,2.8846153846153846,1.0384615384615385,1.4423076923076923,2.3333333333333335,0.30158730158730157,1.1666666666666667,0.799,0.699,0.136,0.126,0.056,0.060000000000000005,1.375,0.125,0.6875,-0.169
Cr-Te,1.700381194409149,0.11664548919949176,0.8501905972045745,2.054644808743169,0.24043715846994543,1.0273224043715845,-1.91,1.804,1.6027441128564723,0.8047318002374183,0.8013720564282362,2.923076923076923,1.0769230769230769,1.4615384615384615,2.2857142857142856,0.25396825396825395,1.1428571428571428,0.8510000000000001,0.751,0.201,0.191,0.028999999999999998,0.033,1.5,0.0,0.75,-0.175
Cr-Hf,2.5984752223634056,0.7814485387547649,1.2992376111817028,1.6174863387978142,0.19672131147540975,0.8087431693989071,-2.285,1.2209999999999999,2.5874720481462052,0.17999613505231482,1.2937360240731026,3.6923076923076925,1.8461538461538463,1.8461538461538463,2.2777777777777777,0.24603174603174602,1.1388888888888888,0.6960000000000001,0.596,-0.143,0.153,0.071,0.075,1.25,0.25,0.625,-0.251
Cr-Ta,2.9923761118170265,1.175349428208386,1.4961880559085132,1.726775956284153,0.087431693989071,0.8633879781420765,-2.355,0.941,3.0203461888855148,0.6128702757916241,1.5101730944427574,3.730769230769231,1.8846153846153846,1.8653846153846154,2.1746031746031744,0.14285714285714285,1.0873015873015872,0.371,0.271,-0.175,0.185,0.038,0.042,1.375,0.125,0.6875,-0.295
Cr-W,3.3608640406607373,1.5438373570520967,1.6804320203303686,1.8360655737704916,0.021857923497267777,0.9180327868852458,-2.138,0.8360000000000001,3.2395439361731495,0.832068023079259,1.6197719680865748,3.769230769230769,1.9230769230769231,1.8846153846153846,2.119047619047619,0.0873015873015873,1.0595238095238095,0.179,0.079,-0.144,0.154,0.014,0.018000000000000002,1.5,0.0,0.75,-0.317
Cr-Re,3.5514612452350702,1.7344345616264294,1.7757306226175351,1.9453551912568303,0.13114754098360654,0.9726775956284152,-1.8619999999999999,0.9339999999999999,3.1131049333296525,0.7056290202357618,1.5565524666648263,3.8076923076923075,1.9615384615384615,1.9038461538461537,2.1031746031746033,0.07142857142857142,1.0515873015873016,0.127,0.026999999999999996,-0.08299999999999999,0.093,0.008,0.012,1.625,0.125,0.8125,-0.27
Cr-Os,3.778551461245235,1.9615247776365945,1.8892757306226176,2.109289617486339,0.29508196721311486,1.0546448087431695,-1.477,1.433,3.0291803550230516,0.621704441929161,1.5145901775115258,3.8461538461538463,2.0,1.9230769230769231,2.0873015873015874,0.05555555555555555,1.0436507936507937,0.14100000000000001,0.040999999999999995,-0.011,0.021,0.018000000000000002,0.022,1.75,0.25,0.875,-0.168
Cr-Ir,3.7753748411689965,1.9583481575603559,1.8876874205844982,2.109289617486339,0.29508196721311486,1.0546448087431695,-1.234,2.078,2.705076884852166,0.2976009717582751,1.352538442426083,3.8846153846153846,2.0384615384615383,1.9423076923076923,2.0952380952380953,0.06349206349206349,1.0476190476190477,0.185,0.085,0.08600000000000001,0.076,0.055,0.059000000000000004,1.875,0.375,0.9375,-0.078
Cr-Pt,3.6404066073697585,1.8233799237611181,1.8202033036848793,2.109289617486339,0.29508196721311486,1.0546448087431695,-1.4020000000000001,2.15,2.330839521850758,0.07663639124313291,1.165419760925379,3.923076923076923,2.076923076923077,1.9615384615384615,2.119047619047619,0.0873015873015873,1.0595238095238095,0.312,0.21200000000000002,0.21,0.19999999999999998,0.092,0.096,2.0,0.5,1.0,-0.144
Cr-Au,3.3608640406607373,1.5438373570520967,1.6804320203303686,2.2185792349726774,0.40437158469945356,1.1092896174863387,-1.7449999999999999,2.0469999999999997,1.9421251690914612,0.4653507440024295,0.9710625845457306,3.9615384615384617,2.1153846153846154,1.9807692307692308,2.1587301587301586,0.12698412698412698,1.0793650793650793,0.507,0.40700000000000003,0.302,0.292,0.136,0.14,2.125,0.625,1.0625,-0.219
Cr-U,3.335451080050826,1.5184243964421855,1.667725540025413,1.8360655737704916,0.021857923497267777,0.9180327868852458,-2.914,0.30600000000000005,1.981227396957734,0.42624851613615655,0.990613698478867,4.461538461538462,2.6153846153846154,2.230769230769231,2.365079365079365,0.3333333333333333,1.1825396825396826,1.298,1.198,0.234,0.224,0.071,0.075,1.5,0.0,0.75,-0.476
Cr-Np,3.475222363405337,1.6581956797966961,1.7376111817026685,1.6174863387978142,0.19672131147540975,0.8087431693989071,-4.205,1.0170000000000001,1.7101289236120696,0.697346989481821,0.8550644618060348,4.5,2.6538461538461537,2.25,2.373015873015873,0.3412698412698413,1.1865079365079365,1.336,1.236,0.252,0.242,0.053,0.057,1.625,0.125,0.8125,-0.45
Mn-Mn,1.855146124523507,0.0,0.9275730622617535,1.6939890710382512,0.0,0.8469945355191256,-0.31800000000000006,2.924,1.6775529359799022,0.0,0.8387764679899511,1.9230769230769231,0.0,0.9615384615384616,2.015873015873016,0.0,1.007936507936508,0.264,0.0,0.188,0.0,0.038,0.0,1.75,0.0,0.875,-0.146
Mn-Co,2.053367217280813,0.19822109275730618,1.0266836086404065,1.8743169398907102,0.18032786885245894,0.9371584699453551,-0.31000000000000005,3.62,1.8150346464953206,0.13748171051541838,0.9075173232476603,2.0,0.07692307692307693,1.0,2.0,0.015873015873015872,1.0,0.12200000000000001,0.14200000000000002,0.20700000000000002,0.019000000000000003,0.035,0.002999999999999999,2.0,0.25,1.0,-0.101
Mn-Ni,2.0584498094027954,0.20330368487928852,1.0292249047013977,1.890710382513661,0.19672131147540975,0.9453551912568305,-1.877,3.333,1.7929492311514783,0.11539629517157607,0.8964746155757392,2.0384615384615383,0.11538461538461539,1.0192307692307692,1.992063492063492,0.023809523809523808,0.996031746031746,0.237,0.02700000000000001,0.314,0.126,0.065,0.027,2.125,0.375,1.0625,-0.073
Mn-Cu,2.066073697585769,0.21092757306226187,1.0330368487928845,1.8852459016393444,0.1912568306010928,0.9426229508196722,-2.262,2.48,1.5884493277751703,0.08910360820473186,0.7942246638875852,2.076923076923077,0.15384615384615385,1.0384615384615385,2.0238095238095237,0.007936507936507936,1.0119047619047619,0.386,0.122,0.313,0.125,0.073,0.035,2.25,0.5,1.125,0.067
Mn-Zn,1.834053367217281,0.02109275730622611,0.9170266836086405,1.7486338797814207,0.05464480874316932,0.8743169398907104,-2.497,2.351,1.2212279490931177,0.45632498688678474,0.6106139745465589,2.1153846153846154,0.19230769230769232,1.0576923076923077,2.0714285714285716,0.05555555555555555,1.0357142857142858,0.459,0.195,0.20600000000000002,0.018000000000000002,0.062,0.023999999999999997,2.375,0.625,1.1875,-0.02
Mn-Ga,1.6785260482846251,0.1766200762388818,0.8392630241423126,1.8360655737704918,0.14207650273224043,0.9180327868852459,-2.564,2.2640000000000002,1.0060263368577975,0.6715265991221048,0.5030131684288988,2.1538461538461537,0.23076923076923078,1.0769230769230769,2.119047619047619,0.10317460317460317,1.0595238095238095,0.535,0.271,0.187,0.0010000000000000009,0.059,0.021,1.25,0.5,0.625,0.012
Mn-Ge,1.603989834815756,0.2511562897077509,0.801994917407878,1.9453551912568303,0.25136612021857907,0.9726775956284152,-2.4410000000000003,2.251,1.5076332716782155,0.16991966430168676,0.7538166358391077,2.1923076923076925,0.2692307692307692,1.0961538461538463,2.1507936507936507,0.1349206349206349,1.0753968253968254,0.599,0.335,0.252,0.064,0.05,0.012,1.375,0.375,0.6875,0.048
Mn-As,1.6581956797966964,0.19695044472681064,0.8290978398983482,2.038251366120219,0.34426229508196726,1.0191256830601094,-2.366,2.2680000000000002,1.4406868564171935,0.23686607956270878,0.7203434282085968,2.230769230769231,0.3076923076923077,1.1153846153846154,2.1825396825396823,0.16666666666666666,1.0912698412698412,0.668,0.404,0.322,0.134,0.03,0.008,1.5,0.25,0.75,0.061
Mn-Se,1.5398983481575603,0.3152477763659466,0.7699491740787802,2.240437158469945,0.5464480874316938,1.1202185792349726,-2.396,2.378,1.111614167793943,0.5659387681859591,0.5558070838969715,2.269230769230769,0.34615384615384615,1.1346153846153846,2.119047619047619,0.10317460317460317,1.0595238095238095,0.807,0.543,0.402,0.214,0.033,0.004999999999999999,1.625,0.125,0.8125,0.081
Mn-Zr,1.7560355781448538,0.09911054637865314,0.8780177890724269,1.5737704918032787,0.12021857923497266,0.7868852459016393,-1.892,1.1400000000000001,2.0132512492063053,0.3356983132264031,1.0066256246031526,2.5,0.5769230769230769,1.25,2.2777777777777777,0.2619047619047619,1.1388888888888888,0.877,0.613,0.0030000000000000027,0.185,0.084,0.046,1.375,0.375,0.6875,-0.197
Mn-Nb,2.0165184243964425,0.16137229987293525,1.0082592121982212,1.7213114754098362,0.027322404371584723,0.8606557377049181,-1.35,0.07599999999999996,2.357231593186649,0.679678657206747,1.1786157965933246,2.5384615384615383,0.6153846153846154,1.2692307692307692,2.1666666666666665,0.15079365079365079,1.0833333333333333,0.527,0.263,-0.04799999999999999,0.236,0.072,0.034,1.5,0.25,0.75,-0.224
Mn-Mo,2.2236340533672174,0.36848792884371023,1.1118170266836087,2.0273224043715845,0.33333333333333337,1.0136612021857923,0.345,1.849,2.4372912238080775,0.7597382878281754,1.2186456119040388,2.576923076923077,0.6538461538461539,1.2884615384615385,2.111111111111111,0.09523809523809523,1.0555555555555556,0.30200000000000005,0.038000000000000006,-0.023000000000000007,0.21100000000000002,0.045,0.006999999999999999,1.625,0.125,0.8125,-0.182
Mn-Ru,2.4650571791613722,0.6099110546378653,1.2325285895806861,2.0491803278688523,0.35519125683060115,1.0245901639344261,-1.2359999999999998,1.778,2.277724097948817,0.6001711619689147,1.1388620489744086,2.6538461538461537,0.7307692307692307,1.3269230769230769,2.0714285714285716,0.05555555555555555,1.0357142857142858,0.254,0.010000000000000009,0.111,0.077,0.066,0.028,1.875,0.125,0.9375,-0.062
Mn-Rh,2.5031766200762386,0.648030495552732,1.2515883100381193,2.092896174863388,0.39890710382513644,1.046448087431694,-1.5210000000000001,2.6630000000000003,2.073434006018276,0.39588107003837336,1.036717003009138,2.6923076923076925,0.7692307692307693,1.3461538461538463,2.0714285714285716,0.05555555555555555,1.0357142857142858,0.28900000000000003,0.024999999999999994,0.20400000000000001,0.016,0.085,0.047,2.0,0.25,1.0,-0.088
Mn-Pd,2.4523506988564168,0.5972045743329097,1.2261753494282084,2.0491803278688523,0.35519125683060115,1.0245901639344261,-2.342,2.938,1.8480523424343651,0.1704994064544626,0.9240261712171826,2.730769230769231,0.8076923076923077,1.3653846153846154,2.0952380952380953,0.07936507936507936,1.0476190476190477,0.426,0.16199999999999998,0.311,0.123,0.125,0.087,2.125,0.375,1.0625,-0.077
Mn-Sn,1.8534942820838627,0.001651842439644206,0.9267471410419313,1.9180327868852458,0.22404371584699448,0.9590163934426229,-2.429,2.0989999999999998,1.1176490075366479,0.5599039284432543,0.5588245037683239,2.8846153846153846,0.9615384615384616,1.4423076923076923,2.3015873015873014,0.2857142857142857,1.1507936507936507,0.89,0.626,0.20800000000000002,0.020000000000000004,0.128,0.09,1.375,0.375,0.6875,0.017
Mn-Sb,1.7763659466327828,0.07878017789072428,0.8881829733163914,1.967213114754098,0.27322404371584685,0.983606557377049,-2.213,2.069,1.3377842807056288,0.3397686552742733,0.6688921403528144,2.923076923076923,1.0,1.4615384615384615,2.3253968253968256,0.30952380952380953,1.1626984126984128,0.881,0.617,0.225,0.037000000000000005,0.077,0.03900000000000001,1.5,0.25,0.75,-0.031
Mn-Te,1.719440914866582,0.13570520965692498,0.859720457433291,1.9945355191256833,0.3005464480874317,0.9972677595628416,-2.142,2.036,1.237782624299478,0.4397703116804241,0.618891312149739,2.9615384615384617,1.0384615384615385,1.4807692307692308,2.2777777777777777,0.2619047619047619,1.1388888888888888,0.933,0.669,0.29000000000000004,0.10200000000000001,0.05,0.012,1.625,0.125,0.8125,-0.06
Mn-Hf,2.6175349428208388,0.7623888182973317,1.3087674714104194,1.5573770491803278,0.13661202185792348,0.7786885245901639,-2.033,1.0310000000000001,2.222510559589211,0.544957623609309,1.1112552797946056,3.730769230769231,1.8076923076923077,1.8653846153846154,2.2698412698412698,0.25396825396825395,1.1349206349206349,0.778,0.514,-0.05399999999999999,0.242,0.092,0.05399999999999999,1.375,0.375,0.6875,-0.162
Mn-Ta,3.0114358322744597,1.1562897077509526,1.5057179161372298,1.6666666666666665,0.027322404371584723,0.8333333333333333,-1.795,0.47299999999999986,2.6553847003285207,0.9778317643486182,1.3276923501642603,3.769230769230769,1.8461538461538463,1.8846153846153846,2.1666666666666665,0.15079365079365079,1.0833333333333333,0.453,0.189,-0.086,0.274,0.059,0.021,1.5,0.25,0.75,-0.215
Mn-W,3.3799237611181705,1.5247776365946633,1.6899618805590852,1.7759562841530054,0.08196721311475405,0.8879781420765027,-1.617,0.34099999999999997,2.8745824476161554,1.197029511636253,1.4372912238080777,3.8076923076923075,1.8846153846153846,1.9038461538461537,2.111111111111111,0.09523809523809523,1.0555555555555556,0.261,0.0030000000000000027,-0.05499999999999999,0.243,0.035,0.002999999999999999,1.625,0.125,0.8125,-0.235
Mn-Re,3.5705209656925034,1.7153748411689962,1.7852604828462517,1.8852459016393444,0.1912568306010928,0.9426229508196722,0.5050000000000001,1.667,2.748143444772658,1.0705905087927559,1.374071722386329,3.8461538461538463,1.9230769230769231,1.9230769230769231,2.0952380952380953,0.07936507936507936,1.0476190476190477,0.20900000000000002,0.05500000000000001,0.006000000000000005,0.182,0.028999999999999998,0.009,1.75,0.0,0.875,-0.141
Mn-Os,3.7976111817026683,1.942465057179161,1.8988055908513342,2.0491803278688523,0.35519125683060115,1.0245901639344261,0.611,1.029,2.6642188664660575,0.9866659304861551,1.3321094332330288,3.8846153846153846,1.9615384615384615,1.9423076923076923,2.0793650793650795,0.06349206349206349,1.0396825396825398,0.223,0.04100000000000001,0.078,0.11,0.039,0.0010000000000000009,1.875,0.125,0.9375,-0.101
Mn-Ir,3.7944345616264297,1.9392884371029224,1.8972172808132148,2.0491803278688523,0.35519125683060115,1.0245901639344261,-1.459,2.243,2.3401153962951717,0.6625624603152692,1.1700576981475859,3.923076923076923,2.0,1.9615384615384615,2.0873015873015874,0.07142857142857142,1.0436507936507937,0.267,0.0030000000000000027,0.175,0.012999999999999998,0.076,0.038000000000000006,2.0,0.25,1.0,-0.093
Mn-Pt,3.6594663278271917,1.8043202033036847,1.8297331639135959,2.0491803278688523,0.35519125683060115,1.0245901639344261,0.326,0.45,1.9658780332937635,0.28832509731386124,0.9829390166468818,3.9615384615384617,2.0384615384615383,1.9807692307692308,2.111111111111111,0.09523809523809523,1.0555555555555556,0.394,0.13,0.299,0.11099999999999999,0.113,0.075,2.125,0.375,1.0625,-0.266
Mn-Au,3.3799237611181705,1.5247776365946633,1.6899618805590852,2.158469945355191,0.4644808743169398,1.0792349726775956,-2.4909999999999997,2.745,1.5771636805344669,0.10038925544543531,0.7885818402672334,4.0,2.076923076923077,2.0,2.1507936507936507,0.1349206349206349,1.0753968253968254,0.589,0.325,0.391,0.20299999999999999,0.157,0.11900000000000001,2.25,0.5,1.125,-0.059
Mn-U,3.3545108005082596,1.4993646759847523,1.6772554002541298,1.7759562841530054,0.08196721311475405,0.8879781420765027,0.19800000000000018,2.4699999999999998,1.6162659084007398,0.061287027579162406,0.8081329542003699,4.5,2.576923076923077,2.25,2.357142857142857,0.3412698412698413,1.1785714285714286,1.38,1.116,0.323,0.135,0.092,0.05399999999999999,1.625,0.125,0.8125,-0.236
Mn-Np,3.49428208386277,1.639135959339263,1.747141041931385,1.5573770491803278,0.13661202185792348,0.7786885245901639,-1.1019999999999999,3.868,1.3451674350550755,0.3323855009248268,0.6725837175275378,4.538461538461538,2.6153846153846154,2.269230769230769,2.365079365079365,0.3492063492063492,1.1825396825396826,1.4180000000000001,1.154,0.34099999999999997,0.153,0.074,0.036000000000000004,1.75,0.0,0.875,-0.224
Co-Co,2.251588310038119,0.0,1.1257941550190596,2.054644808743169,0.0,1.0273224043715845,3.4850000000000003,0.0029999999999998916,1.9525163570107391,0.0,0.9762581785053696,2.076923076923077,0.0,1.0384615384615385,1.9841269841269842,0.0,0.9920634920634921,-0.02,0.0,0.226,0.0,0.032,0.0,2.25,0.0,1.125,-0.027
Co-Ni,2.2566709021601015,0.005082592121982328,1.1283354510800507,2.07103825136612,0.016393442622950834,1.03551912568306,2.657,0.8410000000000001,1.9304309416668968,0.02208541534384231,0.9652154708334484,2.1153846153846154,0.038461538461538464,1.0576923076923077,1.9761904761904763,0.007936507936507936,0.9880952380952381,0.095,0.11499999999999999,0.333,0.107,0.062,0.03,2.375,0.125,1.1875,-0.045
Co-Cu,2.264294790343075,0.012706480304955707,1.1321473951715375,2.065573770491803,0.010928961748633888,1.0327868852459015,1.8079999999999998,1.564,1.7259310382905888,0.22658531872015023,0.8629655191452944,2.1538461538461537,0.07692307692307693,1.0769230769230769,2.007936507936508,0.023809523809523808,1.003968253968254,0.244,0.264,0.332,0.106,0.07,0.038,2.5,0.25,1.25,0.02
Co-Zn,2.032274459974587,0.2193138500635323,1.0161372299872935,1.9289617486338797,0.1256830601092896,0.9644808743169399,1.592,1.746,1.3587096596085362,0.593806697402203,0.6793548298042681,2.1923076923076925,0.11538461538461539,1.0961538461538463,2.0555555555555554,0.07142857142857142,1.0277777777777777,0.317,0.337,0.225,0.0010000000000000009,0.059,0.026999999999999996,2.625,0.375,1.3125,0.01
Co-Ga,1.8767471410419314,0.37484116899618797,0.9383735705209657,2.0163934426229506,0.03825136612021849,1.0081967213114753,1.4540000000000002,1.79,1.143508047373216,0.8090083096375231,0.571754023686608,2.230769230769231,0.15384615384615385,1.1153846153846154,2.1031746031746033,0.11904761904761904,1.0515873015873016,0.393,0.41300000000000003,0.20600000000000002,0.020000000000000004,0.056,0.024,1.5,0.75,0.75,0.001
Co-Ge,1.802210927573062,0.44937738246505704,0.901105463786531,2.1256830601092895,0.07103825136612016,1.0628415300546448,1.454,1.6820000000000002,1.645114982193634,0.30740137481710517,0.822557491096817,2.269230769230769,0.19230769230769232,1.1346153846153846,2.134920634920635,0.15079365079365079,1.0674603174603174,0.457,0.47700000000000004,0.271,0.045,0.047,0.015,1.625,0.625,0.8125,0.015
Co-As,1.8564167725540024,0.3951715374841168,0.9282083862770012,2.218579234972678,0.16393442622950832,1.109289617486339,1.462,1.5999999999999999,1.578168566932612,0.37434779007812713,0.789084283466306,2.3076923076923075,0.23076923076923078,1.1538461538461537,2.1666666666666665,0.18253968253968253,1.0833333333333333,0.526,0.546,0.341,0.115,0.027,0.005000000000000001,1.75,0.5,0.875,0.017
Co-Se,1.7381194409148664,0.5134688691232527,0.8690597204574332,2.420765027322404,0.36612021857923494,1.210382513661202,1.53,1.5719999999999998,1.2490958783093615,0.7034204787013776,0.6245479391546808,2.3461538461538463,0.2692307692307692,1.1730769230769231,2.1031746031746033,0.11904761904761904,1.0515873015873016,0.665,0.685,0.421,0.195,0.03,0.002,1.875,0.375,0.9375,0.013
Co-Zr,1.95425667090216,0.29733163913595934,0.97712833545108,1.7540983606557377,0.3005464480874316,0.8770491803278688,1.165,2.019,2.150732959721724,0.19821660271098474,1.075366479860862,2.576923076923077,0.5,1.2884615384615385,2.261904761904762,0.2777777777777778,1.130952380952381,0.735,0.755,0.022000000000000006,0.20400000000000001,0.081,0.049,1.625,0.625,0.8125,0.021
Co-Nb,2.2147395171537485,0.03684879288437092,1.1073697585768743,1.901639344262295,0.1530054644808742,0.9508196721311475,0.8710000000000001,2.321,2.494713303702068,0.5421969466913287,1.247356651851034,2.6153846153846154,0.5384615384615384,1.3076923076923077,2.1507936507936507,0.16666666666666666,1.0753968253968254,0.385,0.405,-0.028999999999999984,0.255,0.069,0.037,1.75,0.5,0.875,-0.023
Co-Mo,2.4218551461245235,0.17026683608640406,1.2109275730622617,2.2076502732240435,0.15300546448087446,1.1038251366120218,0.8059999999999999,2.412,2.574772934323496,0.6222565773127571,1.287386467161748,2.6538461538461537,0.5769230769230769,1.3269230769230769,2.0952380952380953,0.1111111111111111,1.0476190476190477,0.16,0.18000000000000002,-0.0040000000000000036,0.23,0.041999999999999996,0.009999999999999998,1.875,0.375,0.9375,-0.07
Co-Ru,2.6632782719186787,0.4116899618805591,1.3316391359593394,2.2295081967213113,0.17486338797814222,1.1147540983606556,1.924,1.476,2.4152058084642354,0.4626894514534964,1.2076029042321177,2.730769230769231,0.6538461538461539,1.3653846153846154,2.0555555555555554,0.07142857142857142,1.0277777777777777,0.112,0.132,0.13,0.096,0.063,0.031,2.125,0.125,1.0625,-0.093
Co-Rh,2.7013977128335447,0.4498094027954258,1.3506988564167723,2.273224043715847,0.21857923497267753,1.1366120218579234,2.42,1.084,2.210915716533694,0.258399359522955,1.105457858266847,2.769230769230769,0.6923076923076923,1.3846153846153846,2.0555555555555554,0.07142857142857142,1.0277777777777777,0.147,0.167,0.223,0.0030000000000000027,0.082,0.05,2.25,0.0,1.125,-0.056
Co-Pd,2.650571791613723,0.39898348157560365,1.3252858958068614,2.2295081967213113,0.17486338797814222,1.1147540983606556,2.178,1.35,1.9855340529497834,0.033017695939044224,0.9927670264748917,2.8076923076923075,0.7307692307692307,1.4038461538461537,2.0793650793650795,0.09523809523809523,1.0396825396825398,0.284,0.304,0.33,0.104,0.122,0.09,2.375,0.125,1.1875,-0.039
Co-Sn,2.051715374841169,0.19987293519695037,1.0258576874205845,2.0983606557377046,0.043715846994535554,1.0491803278688523,1.368,1.752,1.2551307180520663,0.6973856389586727,0.6275653590260332,2.9615384615384617,0.8846153846153846,1.4807692307692308,2.2857142857142856,0.30158730158730157,1.1428571428571428,0.748,0.768,0.227,0.0010000000000000009,0.125,0.093,1.625,0.625,0.8125,0.048
Co-Sb,1.9745870393900888,0.27700127064803043,0.9872935196950444,2.1475409836065573,0.09289617486338794,1.0737704918032787,1.4369999999999998,1.617,1.4752659912210473,0.47725036578969166,0.7376329956105236,3.0,0.9230769230769231,1.5,2.3095238095238093,0.3253968253968254,1.1547619047619047,0.739,0.759,0.244,0.018000000000000002,0.07400000000000001,0.042,1.75,0.5,0.875,0.035
Co-Te,1.917662007623888,0.33392630241423116,0.958831003811944,2.174863387978142,0.12021857923497278,1.087431693989071,1.4349999999999998,1.583,1.3752643348148965,0.5772520221958425,0.6876321674074483,3.0384615384615383,0.9615384615384616,1.5192307692307692,2.261904761904762,0.2777777777777778,1.130952380952381,0.791,0.811,0.309,0.083,0.047,0.015,1.875,0.375,0.9375,0.01
Co-Hf,2.815756035578145,0.5641677255400256,1.4078780177890724,1.7377049180327866,0.3169398907103824,0.8688524590163933,1.022,2.1420000000000003,2.3599922701046294,0.4074759130938906,1.1799961350523147,3.8076923076923075,1.7307692307692308,1.9038461538461537,2.253968253968254,0.2698412698412698,1.126984126984127,0.636,0.656,-0.03499999999999999,0.261,0.089,0.056999999999999995,1.625,0.625,0.8125,0.034
Co-Ta,3.2096569250317657,0.9580686149936466,1.6048284625158828,1.8469945355191255,0.20765027322404364,0.9234972677595628,0.813,2.349,2.792866410843939,0.8403500538331998,1.3964332054219695,3.8461538461538463,1.7692307692307692,1.9230769230769231,2.1507936507936507,0.16666666666666666,1.0753968253968254,0.311,0.331,-0.06699999999999999,0.293,0.056,0.024,1.75,0.5,0.875,-0.015
Co-W,3.5781448538754765,1.3265565438373572,1.7890724269377383,1.9562841530054644,0.09836065573770487,0.9781420765027322,0.8230000000000001,2.353,3.0120641581315737,1.0595478011208348,1.5060320790657868,3.8846153846153846,1.8076923076923077,1.9423076923076923,2.0952380952380953,0.1111111111111111,1.0476190476190477,0.11900000000000001,0.139,-0.03599999999999999,0.262,0.032,0.0,1.875,0.375,0.9375,-0.068
Co-Re,3.7687420584498095,1.5171537484116902,1.8843710292249047,2.065573770491803,0.010928961748633888,1.0327868852459015,0.9960000000000001,2.22,2.8856251552880767,0.9331087982773375,1.4428125776440384,3.923076923076923,1.8461538461538463,1.9615384615384615,2.0793650793650795,0.09523809523809523,1.0396825396825398,0.067,0.087,0.02500000000000001,0.201,0.026000000000000002,0.006,2.0,0.25,1.0,-0.107
Co-Os,3.9958322744599744,1.744243964421855,1.9979161372299872,2.2295081967213113,0.17486338797814222,1.1147540983606556,1.48,1.854,2.801700576981476,0.8491842199707368,1.400850288490738,3.9615384615384617,1.8846153846153846,1.9807692307692308,2.0634920634920637,0.07936507936507936,1.0317460317460319,0.081,0.10099999999999999,0.097,0.129,0.036000000000000004,0.004,2.125,0.125,1.0625,-0.13
Co-Ir,3.9926556543837357,1.7410673443456164,1.9963278271918679,2.2295081967213113,0.17486338797814222,1.1147540983606556,2.205,1.2530000000000001,2.47759710681059,0.5250807497998509,1.238798553405295,4.0,1.9230769230769231,2.0,2.0714285714285716,0.0873015873015873,1.0357142857142858,0.125,0.14500000000000002,0.194,0.032,0.07300000000000001,0.041,2.25,0.0,1.125,-0.081
Co-Pt,3.8576874205844978,1.6060991105463787,1.9288437102922489,2.2295081967213113,0.17486338797814222,1.1147540983606556,2.191,1.329,2.103359743809182,0.15084338679844286,1.051679871904591,4.038461538461538,1.9615384615384615,2.019230769230769,2.0952380952380953,0.1111111111111111,1.0476190476190477,0.252,0.272,0.318,0.09199999999999998,0.11,0.078,2.375,0.125,1.1875,-0.059
Co-Au,3.5781448538754765,1.3265565438373572,1.7890724269377383,2.3387978142076498,0.28415300546448086,1.1693989071038249,1.933,1.5450000000000002,1.7146453910498853,0.2378709659608537,0.8573226955249427,4.076923076923077,2.0,2.0384615384615383,2.134920634920635,0.15079365079365079,1.0674603174603174,0.447,0.467,0.41,0.184,0.15400000000000003,0.12200000000000001,2.5,0.25,1.25,-0.046
Co-U,3.5527318932655656,1.3011435832274463,1.7763659466327828,1.9562841530054644,0.09836065573770487,0.9781420765027322,0.2230000000000001,2.8369999999999997,1.7537476189161583,0.1987687380945808,0.8768738094580791,4.576923076923077,2.5,2.2884615384615383,2.3412698412698414,0.35714285714285715,1.1706349206349207,1.238,1.258,0.342,0.116,0.089,0.056999999999999995,1.875,0.375,0.9375,-0.073
Co-Np,3.692503176620076,1.4409148665819567,1.846251588310038,1.7377049180327866,0.3169398907103824,0.8688524590163933,-1.106,4.216,1.482649145570494,0.4698672114402452,0.741324572785247,4.615384615384615,2.5384615384615383,2.3076923076923075,2.3492063492063493,0.36507936507936506,1.1746031746031746,1.276,1.296,0.36,0.134,0.07100000000000001,0.039,2.0,0.25,1.0,-0.072
Ni-Ni,2.261753494282084,0.0,1.130876747141042,2.0874316939890707,0.0,1.0437158469945353,1.716,0.0020000000000000018,1.9083455263230544,0.0,0.9541727631615272,2.1538461538461537,0.0,1.0769230769230769,1.9682539682539681,0.0,0.9841269841269841,0.21,0.0,0.44,0.0,0.092,0.0,2.5,0.0,1.25,-0.03
Ni-Cu,2.269377382465057,0.007623888182973379,1.1346886912325285,2.081967213114754,0.005464480874316944,1.040983606557377,0.975,0.707,1.7038456229467465,0.2044999033763079,0.8519228114733732,2.1923076923076925,0.038461538461538464,1.0961538461538463,2.0,0.031746031746031744,1.0,0.359,0.14900000000000002,0.439,0.0010000000000000009,0.1,0.008,2.625,0.125,1.3125,0.131
Ni-Zn,2.037357052096569,0.2243964421855146,1.0186785260482845,1.9453551912568303,0.14207650273224043,0.9726775956284152,0.751,0.9009999999999999,1.3366242442646938,0.5717212820583608,0.6683121221323469,2.230769230769231,0.07692307692307693,1.1153846153846154,2.0476190476190474,0.07936507936507936,1.0238095238095237,0.432,0.22200000000000003,0.332,0.108,0.089,0.0030000000000000027,2.75,0.25,1.375,0.08
Ni-Ga,1.8818297331639136,0.3799237611181703,0.9409148665819568,2.0327868852459012,0.05464480874316932,1.0163934426229506,0.603,0.9390000000000001,1.1214226320293736,0.7869228942936808,0.5607113160146868,2.269230769230769,0.11538461538461539,1.1346153846153846,2.0952380952380953,0.12698412698412698,1.0476190476190477,0.508,0.29800000000000004,0.313,0.127,0.086,0.005999999999999998,1.625,0.875,0.8125,0.106
Ni-Ge,1.8072935196950446,0.4544599745870394,0.9036467598475223,2.14207650273224,0.05464480874316932,1.07103825136612,0.623,0.847,1.6230295668497916,0.2853159594732628,0.8115147834248958,2.3076923076923075,0.15384615384615385,1.1538461538461537,2.126984126984127,0.15873015873015872,1.0634920634920635,0.5720000000000001,0.36200000000000004,0.378,0.062,0.077,0.015,1.75,0.75,0.875,0.137
Ni-As,1.8614993646759848,0.40025412960609913,0.9307496823379924,2.2349726775956285,0.1475409836065575,1.1174863387978142,0.653,0.7889999999999999,1.5560831515887696,0.35226237473428484,0.7780415757943848,2.3461538461538463,0.19230769230769232,1.1730769230769231,2.1587301587301586,0.19047619047619047,1.0793650793650793,0.641,0.43100000000000005,0.448,0.008000000000000007,0.056999999999999995,0.035,1.875,0.625,0.9375,0.127
Ni-Se,1.743202033036849,0.5185514612452351,0.8716010165184245,2.4371584699453552,0.3497267759562841,1.2185792349726776,0.732,0.766,1.2270104629655192,0.6813350633575352,0.6135052314827596,2.3846153846153846,0.23076923076923078,1.1923076923076923,2.0952380952380953,0.12698412698412698,1.0476190476190477,0.78,0.5700000000000001,0.528,0.088,0.06,0.032,2.0,0.5,1.0,0.123
Ni-Zr,1.9593392630241422,0.30241423125794165,0.9796696315120711,1.7704918032786885,0.3169398907103824,0.8852459016393442,0.39300000000000007,1.211,2.1286475443778814,0.22030201805482702,1.0643237721889407,2.6153846153846154,0.46153846153846156,1.3076923076923077,2.253968253968254,0.2857142857142857,1.126984126984127,0.85,0.64,0.129,0.311,0.111,0.019000000000000003,1.75,0.75,0.875,0.026
Ni-Nb,2.2198221092757304,0.041931385006353246,1.1099110546378652,1.9180327868852458,0.16939890710382505,0.9590163934426229,0.1060000000000001,1.514,2.4726278883582253,0.564282362035171,1.2363139441791127,2.6538461538461537,0.5,1.3269230769230769,2.142857142857143,0.1746031746031746,1.0714285714285714,0.5,0.29000000000000004,0.07800000000000001,0.362,0.099,0.006999999999999999,1.875,0.625,0.9375,-0.059
Ni-Mo,2.426937738246506,0.16518424396442172,1.213468869123253,2.2240437158469946,0.13661202185792362,1.1120218579234973,0.03399999999999992,1.608,2.5526875189796536,0.6443419926565994,1.2763437594898268,2.6923076923076925,0.5384615384615384,1.3461538461538463,2.0873015873015874,0.11904761904761904,1.0436507936507937,0.275,0.06500000000000002,0.103,0.337,0.072,0.02,2.0,0.5,1.0,-0.139
Ni-Ru,2.6683608640406606,0.40660736975857675,1.3341804320203303,2.2459016393442623,0.1584699453551914,1.1229508196721312,1.183,0.593,2.3931203931203933,0.48477486679733867,1.1965601965601966,2.769230769230769,0.6153846153846154,1.3846153846153846,2.0476190476190474,0.07936507936507936,1.0238095238095237,0.22699999999999998,0.017,0.237,0.203,0.093,0.0010000000000000009,2.25,0.25,1.125,-0.16
Ni-Rh,2.7064803049555275,0.44472681067344344,1.3532401524777637,2.2896174863387975,0.2021857923497267,1.1448087431693987,1.585,0.22899999999999998,2.1888303011898516,0.28048477486679735,1.0944151505949258,2.8076923076923075,0.6538461538461539,1.4038461538461537,2.0476190476190474,0.07936507936507936,1.0238095238095237,0.262,0.052000000000000005,0.33,0.11,0.112,0.020000000000000004,2.375,0.125,1.1875,-0.079
Ni-Pd,2.655654383735705,0.3939008894536213,1.3278271918678526,2.2459016393442623,0.1584699453551914,1.1229508196721312,1.256,0.48,1.963448637605941,0.05510311128288654,0.9817243188029705,2.8461538461538463,0.6923076923076923,1.4230769230769231,2.0714285714285716,0.10317460317460317,1.0357142857142858,0.39899999999999997,0.189,0.437,0.0030000000000000027,0.152,0.06,2.5,0.0,1.25,-0.019
Ni-Sn,2.0567979669631513,0.2049555273189327,1.0283989834815757,2.1147540983606556,0.027322404371584723,1.0573770491803278,0.5449999999999999,0.921,1.233045302708224,0.6753002236148304,0.616522651354112,3.0,0.8461538461538461,1.5,2.2777777777777777,0.30952380952380953,1.1388888888888888,0.863,0.653,0.334,0.106,0.155,0.063,1.75,0.75,0.875,0.185
Ni-Sb,1.9796696315120712,0.2820838627700128,0.9898348157560356,2.163934426229508,0.0765027322404371,1.081967213114754,0.629,0.8049999999999999,1.453180575877205,0.4551649504458493,0.7265902879386025,3.0384615384615383,0.8846153846153846,1.5192307692307692,2.3015873015873014,0.3333333333333333,1.1507936507936507,0.854,0.644,0.351,0.089,0.10400000000000001,0.012000000000000004,1.875,0.625,0.9375,0.134
Ni-Te,1.9227445997458705,0.33900889453621347,0.9613722998729353,2.191256830601093,0.10382513661202195,1.0956284153005464,0.6459999999999999,0.786,1.3531789194710542,0.5551666068520001,0.6765894597355271,3.076923076923077,0.9230769230769231,1.5384615384615385,2.253968253968254,0.2857142857142857,1.126984126984127,0.906,0.6960000000000001,0.41600000000000004,0.023999999999999994,0.077,0.015,2.0,0.5,1.0,0.077
Ni-Hf,2.820838627700127,0.5590851334180432,1.4104193138500636,1.7540983606557377,0.33333333333333326,0.8770491803278688,0.269,1.3330000000000002,2.3379068547607873,0.4295613284377329,1.1689534273803937,3.8461538461538463,1.6923076923076923,1.9230769230769231,2.246031746031746,0.2777777777777778,1.123015873015873,0.751,0.541,0.07200000000000001,0.368,0.119,0.026999999999999996,1.75,0.75,0.875,0.049
Ni-Ta,3.214739517153748,0.9529860228716643,1.607369758576874,1.8633879781420766,0.22404371584699448,0.9316939890710383,0.07000000000000006,1.54,2.7707809955000964,0.8624354691770422,1.3853904977500482,3.8846153846153846,1.7307692307692308,1.9423076923076923,2.142857142857143,0.1746031746031746,1.0714285714285714,0.426,0.21600000000000003,0.04000000000000001,0.4,0.086,0.005999999999999998,1.875,0.625,0.9375,-0.06
Ni-W,3.583227445997459,1.3214739517153749,1.7916137229987295,1.972677595628415,0.11475409836065571,0.9863387978142075,0.06600000000000006,1.548,2.9899787427877316,1.0816332164646771,1.4949893713938658,3.923076923076923,1.7692307692307692,1.9615384615384615,2.0873015873015874,0.11904761904761904,1.0436507936507937,0.23399999999999999,0.024000000000000007,0.07100000000000001,0.369,0.062,0.03,2.0,0.5,1.0,-0.152
Ni-Re,3.773824650571792,1.5120711562897078,1.886912325285896,2.081967213114754,0.005464480874316944,1.040983606557377,0.20300000000000007,1.411,2.863539739944234,0.9551942136211798,1.431769869972117,3.9615384615384617,1.8076923076923077,1.9807692307692308,2.0714285714285716,0.10317460317460317,1.0357142857142858,0.182,0.027999999999999997,0.132,0.308,0.056,0.036,2.125,0.375,1.0625,-0.216
Ni-Os,4.000914866581957,1.7391613722998727,2.0004574332909786,2.2459016393442623,0.1584699453551914,1.1229508196721312,0.6659999999999999,1.018,2.7796151616376337,0.8712696353145791,1.3898075808188168,4.0,1.8461538461538463,2.0,2.0555555555555554,0.0873015873015873,1.0277777777777777,0.196,0.013999999999999999,0.20400000000000001,0.236,0.066,0.026,2.25,0.25,1.125,-0.24
Ni-Ir,3.997738246505718,1.735984752223634,1.998869123252859,2.2459016393442623,0.1584699453551914,1.1229508196721312,1.3940000000000001,0.404,2.4555116914667474,0.5471661651436932,1.2277558457333737,4.038461538461538,1.8846153846153846,2.019230769230769,2.0634920634920637,0.09523809523809523,1.0317460317460319,0.24,0.030000000000000013,0.301,0.139,0.10300000000000001,0.011000000000000003,2.375,0.125,1.1875,-0.137
Ni-Pt,3.86277001270648,1.6010165184243963,1.93138500635324,2.2459016393442623,0.1584699453551914,1.1229508196721312,1.3,0.466,2.0812743284653394,0.17292880214228518,1.0406371642326697,4.076923076923077,1.9230769230769231,2.0384615384615383,2.0873015873015874,0.11904761904761904,1.0436507936507937,0.367,0.15700000000000003,0.425,0.015000000000000013,0.14,0.048,2.5,0.0,1.25,-0.077
Ni-Au,3.583227445997459,1.3214739517153749,1.7916137229987295,2.355191256830601,0.26775956284153,1.1775956284153004,0.9520000000000001,0.648,1.692559975706043,0.21578555061701138,0.8462799878530215,4.115384615384615,1.9615384615384615,2.0576923076923075,2.126984126984127,0.15873015873015872,1.0634920634920635,0.562,0.35200000000000004,0.517,0.07699999999999999,0.184,0.09200000000000001,2.625,0.125,1.3125,0.02
Ni-U,3.5578144853875475,1.296060991105464,1.7789072426937738,1.972677595628415,0.11475409836065571,0.9863387978142075,-0.556,2.072,1.731662203572316,0.17668332275073848,0.865831101786158,4.615384615384615,2.4615384615384617,2.3076923076923075,2.3333333333333335,0.36507936507936506,1.1666666666666667,1.353,1.143,0.449,0.009000000000000008,0.119,0.026999999999999996,2.0,0.5,1.0,-0.155
Ni-Np,3.6975857687420586,1.4358322744599745,1.8487928843710293,1.7540983606557377,0.33333333333333326,0.8770491803278688,-1.854,3.42,1.4605637302266516,0.4477817960964029,0.7302818651133258,4.653846153846154,2.5,2.326923076923077,2.3412698412698414,0.373015873015873,1.1706349206349207,1.391,1.181,0.46699999999999997,0.026999999999999996,0.101,0.009000000000000001,2.125,0.375,1.0625,-0.158
Cu-Cu,2.2770012706480305,0.0,1.1385006353240152,2.076502732240437,0.0,1.0382513661202184,0.268,0.0,1.4993457195704385,0.0,0.7496728597852192,2.230769230769231,0.0,1.1153846153846154,2.0317460317460316,0.0,1.0158730158730158,0.508,0.0,0.438,0.0,0.108,0.0,2.75,0.0,1.375,0.197
Cu-Zn,2.0449809402795425,0.232020330368488,1.0224904701397712,1.9398907103825136,0.13661202185792348,0.9699453551912568,0.036000000000000004,0.192,1.1321243408883859,0.36722137868205285,0.5660621704441929,2.269230769230769,0.038461538461538464,1.1346153846153846,2.0793650793650795,0.047619047619047616,1.0396825396825398,0.581,0.07300000000000001,0.331,0.107,0.097,0.011000000000000003,2.875,0.125,1.4375,0.198
Cu-Ga,1.889453621346887,0.38754764930114366,0.9447268106734436,2.0273224043715845,0.04918032786885238,1.0136612021857923,-0.049,0.279,0.9169227286530657,0.5824229909173728,0.45846136432653284,2.3076923076923075,0.07692307692307693,1.1538461538461537,2.126984126984127,0.09523809523809523,1.0634920634920635,0.657,0.14900000000000002,0.312,0.126,0.094,0.013999999999999999,1.75,1.0,0.875,0.213
Cu-Ge,1.8149174078780177,0.4620838627700128,0.9074587039390088,2.1366120218579234,0.06010928961748627,1.0683060109289617,0.0040000000000000036,0.224,1.4185296634734836,0.08081605609695491,0.7092648317367418,2.3461538461538463,0.11538461538461539,1.1730769230769231,2.1587301587301586,0.12698412698412698,1.0793650793650793,0.7210000000000001,0.21300000000000002,0.377,0.061,0.08499999999999999,0.023,1.875,0.875,0.9375,0.196
Cu-As,1.869123252858958,0.4078780177890725,0.934561626429479,2.2295081967213113,0.15300546448087446,1.1147540983606556,0.05199999999999999,0.184,1.3515832482124617,0.1477624713579769,0.6757916241062308,2.3846153846153846,0.15384615384615385,1.1923076923076923,2.1904761904761907,0.15873015873015872,1.0952380952380953,0.79,0.28200000000000003,0.447,0.009000000000000008,0.065,0.043,2.0,0.75,1.0,0.146
Cu-Se,1.750825921219822,0.5261753494282085,0.875412960609911,2.4316939890710376,0.35519125683060104,1.2158469945355188,0.12300000000000001,0.14300000000000002,1.0225105595892112,0.4768351599812274,0.5112552797946056,2.423076923076923,0.19230769230769232,1.2115384615384615,2.126984126984127,0.09523809523809523,1.0634920634920635,0.929,0.42100000000000004,0.527,0.089,0.068,0.04,2.125,0.625,1.0625,0.144
Cu-Zr,1.9669631512071157,0.310038119440915,0.9834815756035579,1.7650273224043715,0.3114754098360655,0.8825136612021858,-0.33399999999999996,0.516,1.9241476410015734,0.42480192143113493,0.9620738205007867,2.6538461538461537,0.4230769230769231,1.3269230769230769,2.2857142857142856,0.25396825396825395,1.1428571428571428,0.999,0.491,0.128,0.31,0.119,0.011000000000000003,1.875,0.875,0.9375,0.029
Cu-Nb,2.227445997458704,0.04955527318932663,1.113722998729352,1.9125683060109289,0.1639344262295081,0.9562841530054644,-0.658,0.82,2.2681279849819176,0.7687822654114789,1.1340639924909588,2.6923076923076925,0.46153846153846156,1.3461538461538463,2.1746031746031744,0.14285714285714285,1.0873015873015872,0.649,0.14100000000000001,0.07700000000000001,0.361,0.107,0.0010000000000000009,2.0,0.75,1.0,-0.051
Cu-Mo,2.434561626429479,0.15756035578144834,1.2172808132147395,2.218579234972678,0.14207650273224057,1.109289617486339,-0.761,0.9209999999999999,2.348187615603346,0.8488418960329073,1.174093807801673,2.730769230769231,0.5,1.3653846153846154,2.119047619047619,0.0873015873015873,1.0595238095238095,0.42400000000000004,0.08399999999999999,0.102,0.336,0.08,0.028,2.125,0.625,1.0625,-0.096
Cu-Ru,2.675984752223634,0.39898348157560337,1.337992376111817,2.240437158469945,0.16393442622950832,1.1202185792349726,0.214,0.008000000000000007,2.188620489744085,0.6892747701736466,1.0943102448720425,2.8076923076923075,0.5769230769230769,1.4038461538461537,2.0793650793650795,0.047619047619047616,1.0396825396825398,0.376,0.132,0.236,0.202,0.101,0.006999999999999999,2.375,0.375,1.1875,-0.046
Cu-Rh,2.7141041931385006,0.43710292249047006,1.3570520965692503,2.2841530054644807,0.20765027322404364,1.1420765027322404,0.728,0.472,1.9843303978135438,0.48498467824310526,0.9921651989067719,2.8461538461538463,0.6153846153846154,1.4230769230769231,2.0793650793650795,0.047619047619047616,1.0396825396825398,0.41100000000000003,0.097,0.329,0.109,0.12,0.012000000000000004,2.5,0.25,1.25,0.044
Cu-Pd,2.6632782719186787,0.3862770012706479,1.3316391359593394,2.240437158469945,0.16393442622950832,1.1202185792349726,0.505,0.23099999999999998,1.758948734229633,0.25960301465919444,0.8794743671148165,2.8846153846153846,0.6538461538461539,1.4423076923076923,2.1031746031746033,0.07142857142857142,1.0515873015873016,0.548,0.03999999999999998,0.436,0.0020000000000000018,0.16,0.052,2.625,0.125,1.3125,0.155
Cu-Sn,2.0644218551461244,0.2125794155019061,1.0322109275730622,2.1092896174863385,0.03278688524590167,1.0546448087431692,-0.06999999999999999,0.286,1.028545399331916,0.4708003202385225,0.514272699665958,3.0384615384615383,0.8076923076923077,1.5192307692307692,2.3095238095238093,0.2777777777777778,1.1547619047619047,1.012,0.504,0.333,0.105,0.163,0.055,1.875,0.875,0.9375,0.242
Cu-Sb,1.9872935196950445,0.2897077509529862,0.9936467598475223,2.158469945355191,0.08196721311475405,1.0792349726775956,0.018000000000000002,0.19,1.248680672500897,0.2506650470695414,0.6243403362504485,3.076923076923077,0.8461538461538461,1.5384615384615385,2.3333333333333335,0.30158730158730157,1.1666666666666667,1.0030000000000001,0.495,0.35,0.088,0.112,0.0040000000000000036,2.0,0.75,1.0,0.127
Cu-Te,1.9303684879288436,0.34663278271918685,0.9651842439644218,2.1857923497267757,0.10928961748633889,1.0928961748633879,0.034,0.166,1.1486790160947462,0.35066670347569223,0.5743395080473731,3.1153846153846154,0.8846153846153846,1.5576923076923077,2.2857142857142856,0.25396825396825395,1.1428571428571428,1.0550000000000002,0.547,0.41500000000000004,0.022999999999999993,0.08499999999999999,0.023,2.125,0.625,1.0625,0.035
Cu-Hf,2.8284625158831007,0.5514612452350699,1.4142312579415504,1.7486338797814207,0.3278688524590163,0.8743169398907104,-0.4580000000000001,0.634,2.1334069513844796,0.6340612318140408,1.0667034756922398,3.8846153846153846,1.6538461538461537,1.9423076923076923,2.2777777777777777,0.24603174603174602,1.1388888888888888,0.9,0.392,0.07100000000000001,0.367,0.127,0.018999999999999996,1.875,0.875,0.9375,0.031
Cu-Ta,3.2223634053367216,0.9453621346886909,1.6111817026683608,1.8579234972677594,0.21857923497267753,0.9289617486338797,-0.6940000000000001,0.848,2.5662810921237886,1.0669353725533501,1.2831405460618943,3.923076923076923,1.6923076923076923,1.9615384615384615,2.1746031746031744,0.14285714285714285,1.0873015873015872,0.575,0.067,0.03900000000000001,0.399,0.094,0.013999999999999999,2.0,0.75,1.0,-0.071
Cu-W,3.590851334180432,1.3138500635324015,1.795425667090216,1.967213114754098,0.10928961748633877,0.983606557377049,-0.7130000000000001,0.863,2.7854788394114234,1.286133119840985,1.3927394197057117,3.9615384615384617,1.7307692307692308,1.9807692307692308,2.119047619047619,0.0873015873015873,1.0595238095238095,0.383,0.125,0.07,0.368,0.07,0.038,2.125,0.625,1.0625,-0.129
Cu-Re,3.781448538754765,1.5044472681067345,1.8907242693773825,2.076502732240437,0.0,1.0382513661202184,-0.5770000000000001,0.737,2.6590398365679264,1.1596941169974877,1.3295199182839632,4.0,1.7692307692307692,2.0,2.1031746031746033,0.07142857142857142,1.0515873015873016,0.331,0.177,0.131,0.307,0.064,0.044,2.25,0.5,1.125,-0.136
Cu-Os,4.00853875476493,1.7315374841168993,2.004269377382465,2.240437158469945,0.16393442622950832,1.1202185792349726,-0.158,0.356,2.5751152582613255,1.075769538690887,1.2875576291306627,4.038461538461538,1.8076923076923077,2.019230769230769,2.0873015873015874,0.05555555555555555,1.0436507936507937,0.345,0.163,0.203,0.235,0.074,0.034,2.375,0.375,1.1875,-0.108
Cu-Ir,4.005362134688691,1.7283608640406607,2.0026810673443456,2.240437158469945,0.16393442622950832,1.1202185792349726,0.538,0.292,2.2510117880904397,0.7516660685200012,1.1255058940452198,4.076923076923077,1.8461538461538463,2.0384615384615383,2.0952380952380953,0.06349206349206349,1.0476190476190477,0.389,0.119,0.3,0.138,0.111,0.0030000000000000027,2.5,0.25,1.25,-0.017
Cu-Pt,3.8703939008894537,1.593392630241423,1.9351969504447268,2.240437158469945,0.16393442622950832,1.1202185792349726,0.512,0.248,1.8767744250890317,0.3774287055185931,0.9383872125445158,4.115384615384615,1.8846153846153846,2.0576923076923075,2.119047619047619,0.0873015873015873,1.0595238095238095,0.516,0.008000000000000007,0.424,0.014000000000000012,0.148,0.04,2.625,0.125,1.3125,0.084
Cu-Au,3.590851334180432,1.3138500635324015,1.795425667090216,2.349726775956284,0.27322404371584696,1.174863387978142,0.29900000000000004,0.028999999999999998,1.488060072329735,0.01128564724070345,0.7440300361648675,4.153846153846154,1.9230769230769231,2.076923076923077,2.1587301587301586,0.12698412698412698,1.0793650793650793,0.7110000000000001,0.203,0.516,0.07799999999999999,0.192,0.08400000000000002,2.75,0.0,1.375,0.187
Cu-U,3.565438373570521,1.2884371029224906,1.7827191867852605,1.967213114754098,0.10928961748633877,0.983606557377049,-1.253,1.397,1.527162300196008,0.027816580625569447,0.763581150098004,4.653846153846154,2.423076923076923,2.326923076923077,2.365079365079365,0.3333333333333333,1.1825396825396826,1.502,0.994,0.448,0.010000000000000009,0.127,0.018999999999999996,2.125,0.625,1.0625,-0.182
Cu-Np,3.7052096569250317,1.428208386277001,1.8526048284625158,1.7486338797814207,0.3278688524590163,0.8743169398907104,-2.653,2.789,1.2560638268503437,0.24328189272009496,0.6280319134251718,4.6923076923076925,2.4615384615384617,2.3461538461538463,2.373015873015873,0.3412698412698413,1.1865079365079365,1.54,1.032,0.46599999999999997,0.027999999999999997,0.109,0.0010000000000000009,2.25,0.5,1.125,-0.161
Zn-Zn,1.8129606099110547,0.0,0.9064803049555273,1.80327868852459,0.0,0.901639344262295,-0.15,0.0,0.7649029622063328,0.0,0.3824514811031664,2.3076923076923075,0.0,1.1538461538461537,2.126984126984127,0.0,1.0634920634920635,0.654,0.0,0.224,0.0,0.086,0.0,3.0,0.0,1.5,0.128
Zn-Ga,1.657433290978399,0.15552731893265567,0.8287166454891995,1.890710382513661,0.08743169398907111,0.9453551912568305,-0.23399999999999999,0.08800000000000001,0.5497013499710128,0.21520161223532006,0.2748506749855064,2.3461538461538463,0.038461538461538464,1.1730769230769231,2.1746031746031744,0.047619047619047616,1.0873015873015872,0.73,0.07600000000000001,0.20500000000000002,0.019000000000000003,0.08299999999999999,0.0029999999999999957,1.875,1.125,0.9375,0.057
Zn-Ge,1.58289707750953,0.23006353240152477,0.791448538754765,1.9999999999999998,0.19672131147540975,0.9999999999999999,-0.182,0.038000000000000006,1.0513082847914308,0.28640532258509793,0.5256541423957154,2.3846153846153846,0.07692307692307693,1.1923076923076923,2.2063492063492065,0.07936507936507936,1.1031746031746033,0.794,0.14,0.27,0.046,0.074,0.011999999999999997,2.0,1.0,1.0,-0.024
Zn-As,1.63710292249047,0.17585768742058455,0.818551461245235,2.092896174863388,0.2896174863387979,1.046448087431694,-0.137,0.008999999999999994,0.9843618695304088,0.21945890732407594,0.4921809347652044,2.423076923076923,0.11538461538461539,1.2115384615384615,2.238095238095238,0.1111111111111111,1.119047619047619,0.863,0.20900000000000002,0.34,0.116,0.05399999999999999,0.032,2.125,0.875,1.0625,-0.1
Zn-Se,1.518805590851334,0.2941550190597205,0.759402795425667,2.295081967213114,0.4918032786885245,1.147540983606557,-0.08099999999999999,0.065,0.6552891809071583,0.10961378129917451,0.32764459045357913,2.4615384615384617,0.15384615384615385,1.2307692307692308,2.1746031746031744,0.047619047619047616,1.0873015873015872,1.002,0.34800000000000003,0.42,0.196,0.056999999999999995,0.028999999999999998,2.25,0.75,1.125,-0.066
Zn-Zr,1.7349428208386277,0.07801778907242704,0.8674714104193139,1.6284153005464481,0.174863387978142,0.8142076502732241,-0.513,0.349,1.5569262623195208,0.7920233001131878,0.7784631311597604,2.6923076923076925,0.38461538461538464,1.3461538461538463,2.3333333333333335,0.20634920634920634,1.1666666666666667,1.072,0.418,0.021000000000000005,0.203,0.108,0.022000000000000006,2.0,1.0,1.0,-0.122
Zn-Nb,1.995425667090216,0.18246505717916137,0.997712833545108,1.7759562841530054,0.0273224043715846,0.8879781420765027,-0.8069999999999999,0.651,1.9009066062998647,1.1360036440935317,0.9504533031499324,2.730769230769231,0.4230769230769231,1.3653846153846154,2.2222222222222223,0.09523809523809523,1.1111111111111112,0.722,0.068,-0.029999999999999985,0.254,0.096,0.010000000000000002,2.125,0.875,1.0625,-0.172
Zn-Mo,2.202541296060991,0.38958068614993635,1.1012706480304955,2.081967213114754,0.2786885245901641,1.040983606557377,-0.881,0.7350000000000001,1.980966236921293,1.21606327471496,0.9904831184606465,2.769230769230769,0.46153846153846156,1.3846153846153846,2.1666666666666665,0.03968253968253968,1.0833333333333333,0.497,0.157,-0.0050000000000000044,0.229,0.06899999999999999,0.016999999999999998,2.25,0.75,1.125,-0.2
Zn-Ru,2.443964421855146,0.6310038119440914,1.221982210927573,2.1038251366120218,0.3005464480874318,1.0519125683060109,0.13999999999999999,0.274,1.8213991110620324,1.0564961488556994,0.9106995555310162,2.8461538461538463,0.5384615384615384,1.4230769230769231,2.126984126984127,0.0,1.0634920634920635,0.449,0.20500000000000002,0.129,0.095,0.09,0.0040000000000000036,2.5,0.5,1.25,-0.088
Zn-Rh,2.4820838627700126,0.669123252858958,1.2410419313850063,2.1475409836065573,0.34426229508196715,1.0737704918032787,0.542,0.6819999999999999,1.6171090191314912,0.8522060569251582,0.8085545095657456,2.8846153846153846,0.5769230769230769,1.4423076923076923,2.126984126984127,0.0,1.0634920634920635,0.484,0.17,0.222,0.0020000000000000018,0.109,0.023000000000000007,2.625,0.375,1.3125,0.031
Zn-Pd,2.4312579415501907,0.6182973316391359,1.2156289707750954,2.1038251366120218,0.3005464480874318,1.0519125683060109,0.284,0.432,1.3917273555475802,0.6268243933412473,0.6958636777737901,2.923076923076923,0.6153846153846154,1.4615384615384615,2.1507936507936507,0.023809523809523808,1.0753968253968254,0.621,0.03300000000000003,0.329,0.105,0.149,0.063,2.75,0.25,1.375,0.113
Zn-Sn,1.8324015247776364,0.019440914866581904,0.9162007623888182,1.972677595628415,0.16939890710382516,0.9863387978142075,-0.252,0.106,0.6613240206498632,0.1035789415564696,0.3306620103249316,3.076923076923077,0.7692307692307693,1.5384615384615385,2.357142857142857,0.23015873015873015,1.1785714285714286,1.085,0.431,0.226,0.0020000000000000018,0.152,0.066,2.0,1.0,1.0,-0.018
Zn-Sb,1.7552731893265565,0.057687420584498175,0.8776365946632783,2.0218579234972673,0.21857923497267753,1.0109289617486337,-0.16199999999999998,0.011999999999999997,0.8814592938188442,0.11655633161251144,0.4407296469094221,3.1153846153846154,0.8076923076923077,1.5576923076923077,2.380952380952381,0.25396825396825395,1.1904761904761905,1.076,0.422,0.243,0.019000000000000003,0.101,0.015000000000000006,2.125,0.875,1.0625,-0.166
Zn-Te,1.6983481575603556,0.11461245235069888,0.8491740787801778,2.0491803278688523,0.24590163934426237,1.0245901639344261,-0.14,0.009999999999999995,0.7814576374126936,0.01655467520636063,0.3907288187063468,3.1538461538461537,0.8461538461538461,1.5769230769230769,2.3333333333333335,0.20634920634920634,1.1666666666666667,1.1280000000000001,0.47400000000000003,0.308,0.084,0.074,0.011999999999999997,2.25,0.75,1.125,-0.251
Zn-Hf,2.5964421855146127,0.7834815756035578,1.2982210927573063,1.6120218579234973,0.1912568306010928,0.8060109289617486,-0.642,0.47600000000000003,1.7661855727024267,1.0012826104960937,0.8830927863512134,3.923076923076923,1.6153846153846154,1.9615384615384615,2.3253968253968256,0.1984126984126984,1.1626984126984128,0.9730000000000001,0.319,-0.03599999999999999,0.26,0.11599999999999999,0.03,2.0,1.0,1.0,-0.119
Zn-Ta,2.9903430749682336,1.177382465057179,1.4951715374841168,1.721311475409836,0.08196721311475405,0.860655737704918,-0.836,0.68,2.199059713441736,1.4341567512354028,1.099529856720868,3.9615384615384617,1.6538461538461537,1.9807692307692308,2.2222222222222223,0.09523809523809523,1.1111111111111112,0.648,0.006000000000000005,-0.06799999999999999,0.292,0.08299999999999999,0.0029999999999999957,2.125,0.875,1.0625,-0.214
Zn-W,3.358831003811944,1.5458703939008895,1.679415501905972,1.8306010928961747,0.027322404371584723,0.9153005464480873,-0.833,0.6890000000000001,2.4182574607293708,1.6533544985230377,1.2091287303646854,4.0,1.6923076923076923,2.0,2.1666666666666665,0.03968253968253968,1.0833333333333333,0.456,0.198,-0.03699999999999999,0.261,0.059,0.026999999999999996,2.25,0.75,1.125,-0.266
Zn-Re,3.549428208386277,1.7364675984752225,1.7747141041931385,1.9398907103825136,0.13661202185792348,0.9699453551912568,-0.6859999999999999,0.55,2.291818457885874,1.5269154956795405,1.145909228942937,4.038461538461538,1.7307692307692308,2.019230769230769,2.1507936507936507,0.023809523809523808,1.0753968253968254,0.404,0.25,0.024000000000000007,0.2,0.053,0.032999999999999995,2.375,0.625,1.1875,-0.268
Zn-Os,3.7765184243964423,1.9635578144853874,1.8882592121982211,2.1038251366120218,0.3005464480874318,1.0519125683060109,-0.273,0.143,2.207893879579273,1.4429909173729398,1.1039469397896364,4.076923076923077,1.7692307692307692,2.0384615384615383,2.134920634920635,0.007936507936507936,1.0674603174603174,0.41800000000000004,0.23600000000000002,0.096,0.128,0.063,0.022999999999999996,2.5,0.5,1.25,-0.208
Zn-Ir,3.773341804320203,1.9603811944091487,1.8866709021601016,2.1038251366120218,0.3005464480874318,1.0519125683060109,0.376,0.504,1.883790409408387,1.118887447202054,0.9418952047041935,4.115384615384615,1.8076923076923077,2.0576923076923075,2.142857142857143,0.015873015873015872,1.0714285714285714,0.462,0.192,0.193,0.031,0.1,0.014000000000000005,2.625,0.375,1.3125,-0.063
Zn-Pt,3.6383735705209657,1.825412960609911,1.8191867852604828,2.1038251366120218,0.3005464480874318,1.0519125683060109,0.308,0.446,1.5095530464069788,0.7446500842006459,0.7547765232034894,4.153846153846154,1.8461538461538463,2.076923076923077,2.1666666666666665,0.03968253968253968,1.0833333333333333,0.589,0.065,0.317,0.09299999999999999,0.137,0.051000000000000004,2.75,0.25,1.375,0.023
Zn-Au,3.358831003811944,1.5458703939008895,1.679415501905972,2.2131147540983607,0.4098360655737705,1.1065573770491803,0.072,0.22199999999999998,1.1208386936476822,0.35593573144134943,0.5604193468238411,4.1923076923076925,1.8846153846153846,2.0961538461538463,2.2063492063492065,0.07936507936507936,1.1031746031746033,0.784,0.13,0.409,0.185,0.181,0.09500000000000001,2.875,0.125,1.4375,0.103
Zn-U,3.333418043202033,1.5204574332909786,1.6667090216010165,1.8306010928961747,0.027322404371584723,0.9153005464480873,-1.429,1.273,1.1599409215139553,0.3950379593076223,0.5799704607569777,4.6923076923076925,2.3846153846153846,2.3461538461538463,2.4126984126984126,0.2857142857142857,1.2063492063492063,1.575,0.921,0.341,0.117,0.11599999999999999,0.03,2.25,0.75,1.125,-0.374
Zn-Np,3.4731893265565437,1.660228716645489,1.7365946632782718,1.6120218579234973,0.1912568306010928,0.8060109289617486,-2.775,2.6229999999999998,0.8888424481682907,0.1239394859619579,0.44442122408414536,4.730769230769231,2.423076923076923,2.3653846153846154,2.4206349206349205,0.29365079365079366,1.2103174603174602,1.613,0.9590000000000001,0.359,0.135,0.098,0.012000000000000004,2.375,0.625,1.1875,-0.346
Ga-Ga,1.5019059720457433,0.0,0.7509529860228716,1.9781420765027322,0.0,0.9890710382513661,-0.322,0.0,0.3344997377356927,0.0,0.16724986886784635,2.3846153846153846,0.0,1.1923076923076923,2.2222222222222223,0.0,1.1111111111111112,0.806,0.0,0.186,0.0,0.08,0.0,0.75,0.0,0.375,-0.091
Ga-Ge,1.427369758576874,0.0745362134688691,0.713684879288437,2.0874316939890707,0.10928961748633864,1.0437158469945353,-0.274,0.052000000000000005,0.8361066725561108,0.5016069348204181,0.4180533362780554,2.423076923076923,0.038461538461538464,1.2115384615384615,2.253968253968254,0.031746031746031744,1.126984126984127,0.8700000000000001,0.064,0.251,0.065,0.07100000000000001,0.009000000000000001,0.875,0.125,0.4375,-0.211
Ga-As,1.4815756035578145,0.020330368487928862,0.7407878017789072,2.180327868852459,0.20218579234972683,1.0901639344262295,-0.23,0.10200000000000001,0.7691602572950889,0.434660519559396,0.38458012864754443,2.4615384615384617,0.07692307692307693,1.2307692307692308,2.2857142857142856,0.06349206349206349,1.1428571428571428,0.9390000000000001,0.133,0.321,0.135,0.051000000000000004,0.029,1.0,0.25,0.5,-0.285
Ga-Se,1.3632782719186785,0.13862770012706482,0.6816391359593392,2.3825136612021853,0.4043715846994534,1.1912568306010927,-0.17800000000000002,0.162,0.4400875686718383,0.10558783093614556,0.22004378433591915,2.5,0.11538461538461539,1.25,2.2222222222222223,0.0,1.1111111111111112,1.078,0.272,0.401,0.215,0.054,0.026000000000000002,1.125,0.375,0.5625,-0.214
Ga-Zr,1.579415501905972,0.07750952986022865,0.789707750952986,1.715846994535519,0.2622950819672131,0.8579234972677595,-0.584,0.256,1.3417246500842006,1.0072249123485078,0.6708623250421003,2.730769230769231,0.34615384615384615,1.3653846153846154,2.380952380952381,0.15873015873015872,1.1904761904761905,1.1480000000000001,0.34199999999999997,0.0020000000000000018,0.184,0.10500000000000001,0.025,0.875,0.125,0.4375,-0.21
Ga-Nb,1.8398983481575604,0.33799237611181704,0.9199491740787802,1.8633879781420766,0.11475409836065571,0.9316939890710383,-0.863,0.5489999999999999,1.6857049940645445,1.3512052563288517,0.8428524970322723,2.769230769230769,0.38461538461538464,1.3846153846153846,2.2698412698412698,0.047619047619047616,1.1349206349206349,0.798,0.008000000000000007,-0.04899999999999999,0.235,0.093,0.012999999999999998,1.0,0.25,0.5,-0.241
Ga-Mo,2.0470139771283353,0.545108005082592,1.0235069885641677,2.169398907103825,0.19125683060109294,1.0846994535519126,-0.9460000000000001,0.64,1.765764624685973,1.4312648869502802,0.8828823123429865,2.8076923076923075,0.4230769230769231,1.4038461538461537,2.2142857142857144,0.007936507936507936,1.1071428571428572,0.5730000000000001,0.233,-0.024000000000000007,0.21000000000000002,0.066,0.014000000000000002,1.125,0.375,0.5625,-0.244
Ga-Ru,2.28843710292249,0.7865311308767471,1.144218551461245,2.191256830601093,0.21311475409836073,1.0956284153005464,0.014000000000000012,0.318,1.6061974988267123,1.2716977610910194,0.8030987494133561,2.8846153846153846,0.5,1.4423076923076923,2.1746031746031744,0.047619047619047616,1.0873015873015872,0.525,0.281,0.11,0.076,0.087,0.006999999999999999,1.375,0.625,0.6875,-0.063
Ga-Rh,2.3265565438373574,0.8246505717916137,1.1632782719186787,2.2349726775956285,0.256830601092896,1.1174863387978142,0.4049999999999999,0.723,1.401907406896171,1.0674076691604781,0.7009537034480855,2.923076923076923,0.5384615384615384,1.4615384615384615,2.1746031746031744,0.047619047619047616,1.0873015873015872,0.56,0.24600000000000002,0.203,0.017,0.10600000000000001,0.026000000000000002,1.5,0.75,0.75,0.05
Ga-Pd,2.275730622617535,0.7738246505717916,1.1378653113087676,2.191256830601093,0.21311475409836073,1.0956284153005464,0.159,0.489,1.17652574331226,0.8420260055765675,0.58826287165613,2.9615384615384617,0.5769230769230769,1.4807692307692308,2.1984126984126986,0.023809523809523808,1.0992063492063493,0.6970000000000001,0.10900000000000004,0.31,0.124,0.146,0.066,1.625,0.875,0.8125,0.137
Ga-Sn,1.6768742058449808,0.1749682337992376,0.8384371029224904,2.060109289617486,0.08196721311475405,1.030054644808743,-0.34199999999999997,0.021999999999999992,0.4461224084145432,0.11162267067885047,0.2230612042072716,3.1153846153846154,0.7307692307692307,1.5576923076923077,2.4047619047619047,0.18253968253968253,1.2023809523809523,1.161,0.355,0.20700000000000002,0.021000000000000005,0.149,0.069,0.875,0.125,0.4375,-0.243
Ga-Sb,1.599745870393901,0.09783989834815751,0.7998729351969505,2.1092896174863385,0.13114754098360643,1.0546448087431692,-0.249,0.07300000000000001,0.6662576815835242,0.3317579438478315,0.3331288407917621,3.1538461538461537,0.7692307692307693,1.5769230769230769,2.4285714285714284,0.20634920634920634,1.2142857142857142,1.1520000000000001,0.346,0.224,0.038000000000000006,0.098,0.018000000000000002,1.0,0.25,0.5,-0.405
Ga-Te,1.5428208386277,0.0409148665819568,0.77141041931385,2.1366120218579234,0.15846994535519127,1.0683060109289617,-0.223,0.099,0.5662560251773734,0.2317562874416807,0.2831280125886867,3.1923076923076925,0.8076923076923077,1.5961538461538463,2.380952380952381,0.15873015873015872,1.1904761904761905,1.2040000000000002,0.398,0.28900000000000003,0.10300000000000001,0.07100000000000001,0.009000000000000001,1.125,0.375,0.5625,-0.489
Ga-Hf,2.4409148665819567,0.9390088945362135,1.2204574332909783,1.6994535519125684,0.2786885245901639,0.8497267759562842,-0.7000000000000001,0.376,1.5509839604671065,1.2164842227314137,0.7754919802335533,3.9615384615384617,1.5769230769230769,1.9807692307692308,2.373015873015873,0.15079365079365079,1.1865079365079365,1.049,0.243,-0.05499999999999999,0.241,0.11299999999999999,0.032999999999999995,0.875,0.125,0.4375,-0.214
Ga-Ta,2.834815756035578,1.3329097839898345,1.417407878017789,1.8087431693989071,0.16939890710382516,0.9043715846994536,-0.885,0.575,1.9838581012064158,1.649358363470723,0.9919290506032079,4.0,1.6153846153846154,2.0,2.2698412698412698,0.047619047619047616,1.1349206349206349,0.724,0.08200000000000002,-0.087,0.273,0.08,0.0,1.0,0.25,0.5,-0.304
Ga-W,3.2033036848792884,1.7013977128335451,1.6016518424396442,1.9180327868852458,0.06010928961748639,0.9590163934426229,-0.896,0.594,2.2030558484940506,1.868556110758358,1.1015279242470253,4.038461538461538,1.6538461538461537,2.019230769230769,2.2142857142857144,0.007936507936507936,1.1071428571428572,0.532,0.274,-0.055999999999999994,0.242,0.056,0.024,1.125,0.375,0.5625,-0.341
Ga-Re,3.3939008894536213,1.891994917407878,1.6969504447268107,2.0273224043715845,0.04918032786885238,1.0136612021857923,-0.762,0.46599999999999997,2.0766168456505536,1.7421171079148607,1.0383084228252768,4.076923076923077,1.6923076923076923,2.0384615384615383,2.1984126984126986,0.023809523809523808,1.0992063492063493,0.48000000000000004,0.326,0.0050000000000000044,0.181,0.05,0.03,1.25,0.5,0.625,-0.311
Ga-Os,3.620991105463786,2.119085133418043,1.810495552731893,2.191256830601093,0.21311475409836073,1.0956284153005464,-0.364,0.068,1.9926922673439527,1.6581925296082598,0.9963461336719763,4.115384615384615,1.7307692307692308,2.0576923076923075,2.1825396825396823,0.03968253968253968,1.0912698412698412,0.494,0.31200000000000006,0.077,0.109,0.06,0.02,1.375,0.625,0.6875,-0.209
Ga-Ir,3.6178144853875476,2.1159085133418043,1.8089072426937738,2.191256830601093,0.21311475409836073,1.0956284153005464,0.23900000000000002,0.545,1.6685887971730669,1.334089059437374,0.8342943985865334,4.153846153846154,1.7692307692307692,2.076923076923077,2.1904761904761907,0.031746031746031744,1.0952380952380953,0.538,0.268,0.174,0.011999999999999997,0.097,0.017,1.5,0.75,0.75,-0.067
Ga-Pt,3.48284625158831,1.9809402795425666,1.741423125794155,2.191256830601093,0.21311475409836073,1.0956284153005464,0.18000000000000002,0.5,1.2943514341716589,0.959851696435966,0.6471757170858294,4.1923076923076925,1.8076923076923077,2.0961538461538463,2.2142857142857144,0.007936507936507936,1.1071428571428572,0.665,0.14100000000000001,0.298,0.11199999999999999,0.134,0.054,1.625,0.875,0.8125,0.01
Ga-Au,3.2033036848792884,1.7013977128335451,1.6016518424396442,2.300546448087432,0.32240437158469937,1.150273224043716,-0.03,0.29800000000000004,0.9056370814123622,0.5711373436766695,0.4528185407061811,4.230769230769231,1.8461538461538463,2.1153846153846154,2.253968253968254,0.031746031746031744,1.126984126984127,0.8600000000000001,0.05399999999999999,0.39,0.204,0.17800000000000002,0.098,1.75,1.0,0.875,0.08
Ga-U,3.1778907242693775,1.6759847522236342,1.5889453621346887,1.9180327868852458,0.06010928961748639,0.9590163934426229,-1.4789999999999999,1.159,0.9447393092786351,0.6102395715429423,0.47236965463931757,4.730769230769231,2.3461538461538463,2.3653846153846154,2.4603174603174605,0.23809523809523808,1.2301587301587302,1.651,0.845,0.322,0.136,0.11299999999999999,0.032999999999999995,1.125,0.375,0.5625,-0.502
Ga-Np,3.317662007623888,1.8157560355781448,1.658831003811944,1.6994535519125684,0.2786885245901639,0.8497267759562842,-2.834,2.5100000000000002,0.6736408359329706,0.33914109819727795,0.3368204179664853,4.769230769230769,2.3846153846153846,2.3846153846153846,2.4682539682539684,0.24603174603174602,1.2341269841269842,1.689,0.883,0.33999999999999997,0.154,0.095,0.015,1.25,0.5,0.625,-0.482
Ge-Ge,1.3528335451080051,0.0,0.6764167725540026,2.1967213114754096,0.0,1.0983606557377048,-0.226,0.0,1.3377136073765288,0.0,0.6688568036882644,2.4615384615384617,0.0,1.2307692307692308,2.2857142857142856,0.0,1.1428571428571428,0.934,0.0,0.316,0.0,0.062,0.0,1.0,0.0,0.5,-0.351
Ge-As,1.4070393900889453,0.054205844980940235,0.7035196950444726,2.2896174863387975,0.09289617486338818,1.1448087431693987,-0.178,0.052000000000000005,1.2707671921155068,0.066946415261022,0.6353835960577534,2.5,0.038461538461538464,1.25,2.3174603174603177,0.031746031746031744,1.1587301587301588,1.0030000000000001,0.069,0.386,0.07,0.041999999999999996,0.02,1.125,0.125,0.5625,-0.416
Ge-Se,1.2887420584498095,0.06409148665819574,0.6443710292249047,2.4918032786885242,0.29508196721311475,1.2459016393442621,-0.126,0.10800000000000001,0.9416945034922564,0.39601910388427247,0.4708472517461282,2.5384615384615383,0.07692307692307693,1.2692307692307692,2.253968253968254,0.031746031746031744,1.126984126984127,1.1420000000000001,0.20800000000000002,0.46599999999999997,0.15,0.045,0.017,1.25,0.25,0.625,-0.298
Ge-Zr,1.5048792884371027,0.15204574332909773,0.7524396442185514,1.8251366120218577,0.37158469945355177,0.9125683060109289,-0.512,0.31199999999999994,1.8433315849046186,0.5056179775280899,0.9216657924523093,2.769230769230769,0.3076923076923077,1.3846153846153846,2.4126984126984126,0.12698412698412698,1.2063492063492063,1.212,0.27799999999999997,0.067,0.249,0.096,0.034,1.0,0.0,0.5,-0.183
Ge-Nb,1.7653621346886912,0.4125285895806861,0.8826810673443456,1.972677595628415,0.22404371584699437,0.9863387978142075,-0.7959999999999999,0.602,2.1873119288849625,0.8495983215084338,1.0936559644424813,2.8076923076923075,0.34615384615384615,1.4038461538461537,2.3015873015873014,0.015873015873015872,1.1507936507936507,0.8620000000000001,0.07200000000000001,0.016000000000000014,0.3,0.08399999999999999,0.022,1.125,0.125,0.5625,-0.213
Ge-Mo,1.9724777636594661,0.6196442185514611,0.9862388818297331,2.278688524590164,0.08196721311475429,1.139344262295082,-0.888,0.6960000000000001,2.267371559506391,0.9296579521298622,1.1336857797531954,2.8461538461538463,0.38461538461538464,1.4230769230769231,2.246031746031746,0.03968253968253968,1.123015873015873,0.637,0.29700000000000004,0.040999999999999995,0.275,0.056999999999999995,0.005000000000000001,1.25,0.25,0.625,-0.211
Ge-Ru,2.2139008894536216,0.8610673443456162,1.1069504447268108,2.300546448087432,0.10382513661202207,1.150273224043716,0.07100000000000001,0.271,2.1078044336471304,0.7700908262706015,1.0539022168235652,2.923076923076923,0.46153846153846156,1.4615384615384615,2.2063492063492065,0.07936507936507936,1.1031746031746033,0.589,0.34500000000000003,0.175,0.14100000000000001,0.078,0.016,1.5,0.5,0.75,-0.013
Ge-Rh,2.252020330368488,0.8991867852604828,1.126010165184244,2.3442622950819665,0.14754098360655737,1.1721311475409832,0.41700000000000004,0.635,1.903514341716589,0.5658007343400602,0.9517571708582945,2.9615384615384617,0.5,1.4807692307692308,2.2063492063492065,0.07936507936507936,1.1031746031746033,0.624,0.31000000000000005,0.268,0.048,0.097,0.035,1.625,0.625,0.8125,0.081
Ge-Pd,2.2011944091486657,0.8483608640406607,1.1005972045743329,2.300546448087432,0.10382513661202207,1.150273224043716,0.195,0.419,1.6781326781326782,0.34041907075614936,0.8390663390663391,3.0,0.5384615384615384,1.5,2.2301587301587302,0.05555555555555555,1.1150793650793651,0.761,0.17300000000000004,0.375,0.059,0.137,0.075,1.75,0.75,0.875,0.143
Ge-Sn,1.6023379923761119,0.24950444726810667,0.8011689961880559,2.169398907103825,0.0273224043715846,1.0846994535519126,-0.295,0.077,0.9477293432349612,0.38998426414156756,0.4738646716174806,3.1538461538461537,0.6923076923076923,1.5769230769230769,2.4365079365079363,0.15079365079365079,1.2182539682539681,1.225,0.291,0.272,0.044,0.14,0.078,1.0,0.0,0.5,-0.401
Ge-Sb,1.5252096569250317,0.1723761118170266,0.7626048284625159,2.2185792349726774,0.021857923497267777,1.1092896174863387,-0.199,0.021000000000000005,1.1678646164039421,0.16984899097258652,0.5839323082019711,3.1923076923076925,0.7307692307692307,1.5961538461538463,2.4603174603174605,0.1746031746031746,1.2301587301587302,1.216,0.282,0.28900000000000003,0.026999999999999996,0.089,0.027000000000000003,1.125,0.125,0.5625,-0.573
Ge-Te,1.468284625158831,0.1154510800508259,0.7341423125794155,2.245901639344262,0.049180327868852625,1.122950819672131,-0.16699999999999998,0.049,1.0678629599977914,0.2698506473787373,0.5339314799988957,3.230769230769231,0.7692307692307693,1.6153846153846154,2.4126984126984126,0.12698412698412698,1.2063492063492063,1.268,0.334,0.354,0.038000000000000006,0.062,0.0,1.25,0.25,0.625,-0.644
Ge-Hf,2.3663786531130877,1.0135451080050826,1.1831893265565439,1.808743169398907,0.38797814207650255,0.9043715846994534,-0.622,0.42200000000000004,2.0525908952875245,0.7148772879109957,1.0262954476437622,4.0,1.5384615384615385,2.0,2.4047619047619047,0.11904761904761904,1.2023809523809523,1.113,0.179,0.010000000000000009,0.306,0.104,0.041999999999999996,1.0,0.0,0.5,-0.202
Ge-Ta,2.7602795425667086,1.407445997458704,1.3801397712833543,1.9180327868852458,0.2786885245901638,0.9590163934426229,-0.818,0.624,2.4854650360268336,1.147751428650305,1.2427325180134168,4.038461538461538,1.5769230769230769,2.019230769230769,2.3015873015873014,0.015873015873015872,1.1507936507936507,0.788,0.14600000000000002,-0.021999999999999992,0.33799999999999997,0.07100000000000001,0.009000000000000001,1.125,0.125,0.5625,-0.292
Ge-W,3.1287674714104194,1.7759339263024143,1.5643837357052097,2.0273224043715845,0.16939890710382505,1.0136612021857923,-0.838,0.648,2.7046627833144687,1.36694917593794,1.3523313916572344,4.076923076923077,1.6153846153846154,2.0384615384615383,2.246031746031746,0.03968253968253968,1.123015873015873,0.5960000000000001,0.338,0.009000000000000008,0.307,0.047,0.015,1.25,0.25,0.625,-0.328
Ge-Re,3.3193646759847524,1.9665311308767472,1.6596823379923762,2.1366120218579234,0.06010928961748627,1.0683060109289617,-0.706,0.518,2.5782237804709713,1.2405101730944428,1.2891118902354857,4.115384615384615,1.6538461538461537,2.0576923076923075,2.2301587301587302,0.05555555555555555,1.1150793650793651,0.544,0.39,0.07,0.246,0.041,0.020999999999999998,1.375,0.375,0.6875,-0.302
Ge-Os,3.5464548919949173,2.1936213468869123,1.7732274459974586,2.300546448087432,0.10382513661202207,1.150273224043716,-0.28900000000000003,0.095,2.494299202164371,1.1565855947878418,1.2471496010821854,4.153846153846154,1.6923076923076923,2.076923076923077,2.2142857142857144,0.07142857142857142,1.1071428571428572,0.558,0.376,0.14200000000000002,0.174,0.051000000000000004,0.011,1.5,0.5,0.75,-0.202
Ge-Ir,3.5432782719186786,2.1904447268106737,1.7716391359593393,2.300546448087432,0.10382513661202207,1.150273224043716,0.257,0.46499999999999997,2.1701957319934846,0.832482124616956,1.0850978659967423,4.1923076923076925,1.7307692307692308,2.0961538461538463,2.2222222222222223,0.06349206349206349,1.1111111111111112,0.6020000000000001,0.332,0.239,0.077,0.088,0.026000000000000002,1.625,0.625,0.8125,-0.063
Ge-Pt,3.4083100381194407,2.0554764930114358,1.7041550190597203,2.300546448087432,0.10382513661202207,1.150273224043716,0.21200000000000002,0.432,1.7959583689920768,0.458244761615548,0.8979791844960384,4.230769230769231,1.7692307692307692,2.1153846153846154,2.246031746031746,0.03968253968253968,1.123015873015873,0.7290000000000001,0.20500000000000002,0.363,0.046999999999999986,0.125,0.063,1.75,0.75,0.875,-0.017
Ge-Au,3.1287674714104194,1.7759339263024143,1.5643837357052097,2.4098360655737703,0.21311475409836073,1.2049180327868851,0.020000000000000004,0.244,1.4072440162327802,0.06953040885625146,0.7036220081163901,4.269230769230769,1.8076923076923077,2.1346153846153846,2.2857142857142856,0.0,1.1428571428571428,0.924,0.010000000000000009,0.45499999999999996,0.13899999999999998,0.169,0.10700000000000001,1.875,0.875,0.9375,0.007
Ge-U,3.1033545108005085,1.7505209656925034,1.5516772554002543,2.0273224043715845,0.16939890710382505,1.0136612021857923,-1.39,1.196,1.446346244099053,0.10863263672252436,0.7231731220495266,4.769230769230769,2.3076923076923075,2.3846153846153846,2.492063492063492,0.20634920634920634,1.246031746031746,1.715,0.7809999999999999,0.387,0.07100000000000001,0.104,0.041999999999999996,1.25,0.25,0.625,-0.542
Ge-Np,3.2431257941550187,1.890292249047014,1.6215628970775093,1.808743169398907,0.38797814207650255,0.9043715846994534,-2.7720000000000002,2.572,1.1752477707533888,0.16246583662314004,0.5876238853766944,4.8076923076923075,2.3461538461538463,2.4038461538461537,2.5,0.21428571428571427,1.25,1.7530000000000001,0.819,0.405,0.089,0.086,0.024,1.375,0.375,0.6875,-0.515
As-As,1.4612452350698857,0.0,0.7306226175349428,2.3825136612021858,0.0,1.1912568306010929,-0.124,0.0,1.2038207768544849,0.0,0.6019103884272424,2.5384615384615383,0.0,1.2692307692307692,2.3492063492063493,0.0,1.1746031746031746,1.072,0.0,0.456,0.0,0.022,0.0,1.25,0.0,0.625,-0.433
As-Se,1.3429479034307494,0.11829733163913596,0.6714739517153747,2.5846994535519126,0.20218579234972658,1.2923497267759563,-0.08,0.054000000000000006,0.8747480882312344,0.32907268862325045,0.4373740441156172,2.576923076923077,0.038461538461538464,1.2884615384615385,2.2857142857142856,0.06349206349206349,1.1428571428571428,1.211,0.139,0.536,0.07999999999999999,0.025,0.003000000000000001,1.375,0.125,0.6875,-0.266
As-Zr,1.5590851334180431,0.09783989834815751,0.7795425667090216,1.918032786885246,0.4644808743169399,0.959016393442623,-0.46099999999999997,0.363,1.7763851696435966,0.5725643927891119,0.8881925848217983,2.8076923076923075,0.2692307692307692,1.4038461538461537,2.4444444444444446,0.09523809523809523,1.2222222222222223,1.2810000000000001,0.20899999999999996,0.137,0.319,0.076,0.054000000000000006,1.125,0.125,0.5625,-0.089
As-Nb,1.8195679796696316,0.3583227445997459,0.9097839898348158,2.0655737704918034,0.31693989071038253,1.0327868852459017,-0.752,0.6559999999999999,2.1203655136239408,0.9165447367694558,1.0601827568119704,2.8461538461538463,0.3076923076923077,1.4230769230769231,2.3333333333333335,0.015873015873015872,1.1666666666666667,0.931,0.14100000000000001,0.08600000000000002,0.37,0.064,0.041999999999999996,1.25,0.0,0.625,-0.152
As-Mo,2.0266836086404063,0.5654383735705208,1.0133418043202032,2.371584699453552,0.010928961748633888,1.185792349726776,-0.8490000000000001,0.751,2.200425144245369,0.9966043673908842,1.1002125721226845,2.8846153846153846,0.34615384615384615,1.4423076923076923,2.2777777777777777,0.07142857142857142,1.1388888888888888,0.7060000000000001,0.366,0.111,0.34500000000000003,0.037,0.015,1.375,0.125,0.6875,-0.177
As-Ru,2.2681067344345616,0.8068614993646759,1.1340533672172808,2.39344262295082,0.010928961748633888,1.19672131147541,0.123,0.243,2.0408580183861083,0.8370372415316235,1.0204290091930541,2.9615384615384617,0.4230769230769231,1.4807692307692308,2.238095238095238,0.1111111111111111,1.119047619047619,0.658,0.41400000000000003,0.245,0.21100000000000002,0.057999999999999996,0.036000000000000004,1.625,0.375,0.8125,0.003
As-Rh,2.306226175349428,0.8449809402795426,1.153113087674714,2.4371584699453552,0.0546448087431692,1.2185792349726776,0.439,0.573,1.836567926455567,0.6327471496010821,0.9182839632277835,3.0,0.46153846153846156,1.5,2.238095238095238,0.1111111111111111,1.119047619047619,0.6930000000000001,0.379,0.338,0.11800000000000001,0.077,0.05500000000000001,1.75,0.5,0.875,0.079
As-Pd,2.255400254129606,0.7941550190597204,1.127700127064803,2.39344262295082,0.010928961748633888,1.19672131147541,0.23099999999999998,0.369,1.6111862628716562,0.4073654860171714,0.8055931314358281,3.0384615384615383,0.5,1.5192307692307692,2.261904761904762,0.0873015873015873,1.130952380952381,0.8300000000000001,0.24200000000000005,0.445,0.01100000000000001,0.11699999999999999,0.095,1.875,0.625,0.9375,0.118
As-Sn,1.656543837357052,0.19529860228716645,0.828271918678526,2.2622950819672134,0.12021857923497278,1.1311475409836067,-0.247,0.129,0.8807829279739392,0.3230378488805456,0.4403914639869696,3.1923076923076925,0.6538461538461539,1.5961538461538463,2.4682539682539684,0.11904761904761904,1.2341269841269842,1.294,0.22199999999999998,0.342,0.114,0.12,0.098,1.125,0.125,0.5625,-0.469
As-Sb,1.579415501905972,0.11817026683608636,0.789707750952986,2.3114754098360657,0.0710382513661204,1.1557377049180328,-0.144,0.031999999999999994,1.1009182011429202,0.10290257571156451,0.5504591005714601,3.230769230769231,0.6923076923076923,1.6153846153846154,2.492063492063492,0.14285714285714285,1.246031746031746,1.2850000000000001,0.21299999999999997,0.359,0.097,0.069,0.047,1.25,0.0,0.625,-0.619
As-Te,1.5224904701397712,0.06124523506988567,0.7612452350698856,2.33879781420765,0.043715846994535554,1.169398907103825,-0.11599999999999999,0.003999999999999997,1.0009165447367694,0.20290423211771533,0.5004582723683847,3.269230769230769,0.7307692307692307,1.6346153846153846,2.4444444444444446,0.09523809523809523,1.2222222222222223,1.3370000000000002,0.265,0.42400000000000004,0.032,0.041999999999999996,0.02,1.375,0.125,0.6875,-0.642
As-Hf,2.420584498094028,0.9593392630241424,1.210292249047014,1.9016393442622952,0.48087431693989074,0.9508196721311476,-0.5680000000000001,0.47000000000000003,1.9856444800265025,0.7818237031720178,0.9928222400132513,4.038461538461538,1.5,2.019230769230769,2.4365079365079363,0.0873015873015873,1.2182539682539681,1.182,0.10999999999999999,0.08000000000000002,0.376,0.08399999999999999,0.062,1.125,0.125,0.5625,-0.132
As-Ta,2.814485387547649,1.3532401524777635,1.4072426937738245,2.010928961748634,0.371584699453552,1.005464480874317,-0.771,0.6769999999999999,2.418518620765812,1.214697843911327,1.209259310382906,4.076923076923077,1.5384615384615385,2.0384615384615383,2.3333333333333335,0.015873015873015872,1.1666666666666667,0.857,0.21500000000000002,0.048000000000000015,0.40800000000000003,0.051000000000000004,0.029,1.25,0.0,0.625,-0.249
As-W,3.18297331639136,1.721728081321474,1.59148665819568,2.1202185792349724,0.26229508196721324,1.0601092896174862,-0.798,0.702,2.6377163680534466,1.433895591198962,1.3188581840267233,4.115384615384615,1.5769230769230769,2.0576923076923075,2.2777777777777777,0.07142857142857142,1.1388888888888888,0.665,0.40700000000000003,0.07900000000000001,0.377,0.027,0.005000000000000001,1.375,0.125,0.6875,-0.312
As-Re,3.3735705209656928,1.9123252858958069,1.6867852604828464,2.2295081967213113,0.15300546448087446,1.1147540983606556,-0.676,0.574,2.5112773652099496,1.3074565883554647,1.2556386826049748,4.153846153846154,1.6153846153846154,2.076923076923077,2.261904761904762,0.0873015873015873,1.130952380952381,0.613,0.459,0.14,0.316,0.020999999999999998,0.0009999999999999992,1.5,0.25,0.75,-0.316
As-Os,3.6006607369758576,2.139415501905972,1.8003303684879288,2.39344262295082,0.010928961748633888,1.19672131147541,-0.23299999999999998,0.119,2.4273527869033487,1.223532010048864,1.2136763934516743,4.1923076923076925,1.6538461538461537,2.0961538461538463,2.246031746031746,0.10317460317460317,1.123015873015873,0.627,0.44500000000000006,0.21200000000000002,0.244,0.031,0.009000000000000001,1.625,0.375,0.8125,-0.235
As-Ir,3.597484116899619,2.1362388818297333,1.7987420584498095,2.39344262295082,0.010928961748633888,1.19672131147541,0.27899999999999997,0.409,2.103249316732463,0.899428539877978,1.0516246583662314,4.230769230769231,1.6923076923076923,2.1153846153846154,2.253968253968254,0.09523809523809523,1.126984126984127,0.671,0.401,0.309,0.14700000000000002,0.068,0.046,1.75,0.5,0.875,-0.101
As-Pt,3.462515883100381,2.0012706480304954,1.7312579415501905,2.39344262295082,0.010928961748633888,1.19672131147541,0.246,0.384,1.7290119537310549,0.52519117687657,0.8645059768655274,4.269230769230769,1.7307692307692308,2.1346153846153846,2.2777777777777777,0.07142857142857142,1.1388888888888888,0.798,0.274,0.433,0.02300000000000002,0.105,0.083,1.875,0.625,0.9375,-0.08
As-Au,3.18297331639136,1.721728081321474,1.59148665819568,2.5027322404371586,0.12021857923497253,1.2513661202185793,0.065,0.20500000000000002,1.3402976009717582,0.13647682411727347,0.6701488004858791,4.3076923076923075,1.7692307692307692,2.1538461538461537,2.3174603174603177,0.031746031746031744,1.1587301587301588,0.9930000000000001,0.07900000000000001,0.525,0.06899999999999998,0.14900000000000002,0.127,2.0,0.75,1.0,-0.076
As-U,3.157560355781449,1.696315120711563,1.5787801778907244,2.1202185792349724,0.26229508196721324,1.0601092896174862,-1.321,1.243,1.3793998288380311,0.17557905198354637,0.6896999144190156,4.8076923076923075,2.269230769230769,2.4038461538461537,2.5238095238095237,0.1746031746031746,1.2619047619047619,1.784,0.712,0.457,0.0010000000000000009,0.08399999999999999,0.062,1.375,0.125,0.6875,-0.473
As-Np,3.297331639135959,1.8360864040660736,1.6486658195679795,1.9016393442622952,0.48087431693989074,0.9508196721311476,-2.7289999999999996,2.645,1.1083013554923669,0.09551942136211805,0.5541506777461834,4.846153846153846,2.3076923076923075,2.423076923076923,2.5317460317460316,0.18253968253968253,1.2658730158730158,1.822,0.75,0.475,0.01899999999999999,0.066,0.044,1.5,0.25,0.75,-0.434
Se-Se,1.2246505717916136,0.0,0.6123252858958068,2.786885245901639,0.0,1.3934426229508194,-0.044,0.0,0.5456753996079838,0.0,0.2728376998039919,2.6153846153846154,0.0,1.3076923076923077,2.2222222222222223,0.0,1.1111111111111112,1.35,0.0,0.616,0.0,0.028,0.0,1.5,0.0,0.75,-0.068
Se-Zr,1.440787801778907,0.21613722998729346,0.7203939008894535,2.1202185792349724,0.6666666666666665,1.0601092896174862,-0.422,0.42,1.4473124810203462,0.9016370814123623,0.7236562405101731,2.8461538461538463,0.23076923076923078,1.4230769230769231,2.380952380952381,0.15873015873015872,1.1904761904761905,1.42,0.06999999999999995,0.217,0.399,0.079,0.051000000000000004,1.25,0.25,0.625,0.055
Se-Nb,1.7012706480304955,0.47662007623888186,0.8506353240152478,2.26775956284153,0.5191256830601091,1.133879781420765,-0.731,0.723,1.79129282500069,1.2456174253927061,0.895646412500345,2.8846153846153846,0.2692307692307692,1.4423076923076923,2.2698412698412698,0.047619047619047616,1.1349206349206349,1.07,0.28,0.166,0.44999999999999996,0.067,0.039,1.375,0.125,0.6875,-0.07
Se-Mo,1.9083862770012705,0.6837357052096569,0.9541931385006353,2.5737704918032787,0.21311475409836048,1.2868852459016393,-0.844,0.824,1.8713524556221186,1.3256770560141347,0.9356762278110593,2.923076923076923,0.3076923076923077,1.4615384615384615,2.2142857142857144,0.007936507936507936,1.1071428571428572,0.8450000000000001,0.505,0.191,0.425,0.04,0.011999999999999999,1.5,0.0,0.75,-0.142
Se-Ru,2.1498094027954258,0.9251588310038119,1.0749047013977129,2.5956284153005464,0.1912568306010927,1.2978142076502732,0.15,0.19799999999999998,1.7117853297628578,1.1661099301548739,0.8558926648814289,3.0,0.38461538461538464,1.5,2.1746031746031744,0.047619047619047616,1.0873015873015872,0.797,0.553,0.325,0.291,0.061,0.033,1.75,0.25,0.875,-0.002
Se-Rh,2.187928843710292,0.9632782719186785,1.093964421855146,2.639344262295082,0.14754098360655737,1.319672131147541,0.472,0.53,1.5074952378323165,0.9618198382243326,0.7537476189161583,3.0384615384615383,0.4230769230769231,1.5192307692307692,2.1746031746031744,0.047619047619047616,1.0873015873015872,0.8320000000000001,0.518,0.418,0.198,0.08,0.052000000000000005,1.875,0.375,0.9375,0.058
Se-Pd,2.13710292249047,0.9124523506988564,1.068551461245235,2.5956284153005464,0.1912568306010927,1.2978142076502732,0.297,0.337,1.2821135742484056,0.7364381746404219,0.6410567871242028,3.076923076923077,0.46153846153846156,1.5384615384615385,2.1984126984126986,0.023809523809523808,1.0992063492063493,0.9690000000000001,0.38100000000000006,0.525,0.091,0.12,0.092,2.0,0.5,1.0,0.107
Se-Sn,1.538246505717916,0.3135959339263024,0.769123252858958,2.4644808743169397,0.32240437158469937,1.2322404371584699,-0.196,0.186,0.5517102393506887,0.006034839742704915,0.2758551196753444,3.230769230769231,0.6153846153846154,1.6153846153846154,2.4047619047619047,0.18253968253968253,1.2023809523809523,1.433,0.08299999999999996,0.422,0.194,0.123,0.095,1.25,0.25,0.625,-0.343
Se-Sb,1.4611181702668359,0.23646759847522233,0.7305590851334179,2.513661202185792,0.27322404371584696,1.256830601092896,-0.098,0.08399999999999999,0.7718455125196697,0.22617011291168596,0.38592275625983485,3.269230769230769,0.6538461538461539,1.6346153846153846,2.4285714285714284,0.20634920634920634,1.2142857142857142,1.424,0.07399999999999995,0.439,0.177,0.07200000000000001,0.044000000000000004,1.375,0.125,0.6875,-0.449
Se-Te,1.4041931385006354,0.17954256670902163,0.7020965692503177,2.540983606557377,0.24590163934426215,1.2704918032786885,-0.078,0.054000000000000006,0.6718438561135189,0.12616845650553515,0.33592192805675947,3.3076923076923075,0.6923076923076923,1.6538461538461537,2.380952380952381,0.15873015873015872,1.1904761904761905,1.476,0.126,0.504,0.11199999999999999,0.045,0.017,1.5,0.0,0.75,-0.427
Se-Hf,2.302287166454892,1.0776365946632784,1.151143583227446,2.1038251366120218,0.6830601092896174,1.0519125683060109,-0.528,0.528,1.656571791403252,1.1108963917952681,0.828285895701626,4.076923076923077,1.4615384615384615,2.0384615384615383,2.373015873015873,0.15079365079365079,1.1865079365079365,1.3210000000000002,0.029000000000000026,0.16,0.45599999999999996,0.087,0.059,1.25,0.25,0.625,-0.013
Se-Ta,2.696188055908513,1.4715374841168996,1.3480940279542566,2.2131147540983607,0.5737704918032785,1.1065573770491803,-0.747,0.741,2.0894459321425614,1.5437705325345774,1.0447229660712807,4.115384615384615,1.5,2.0576923076923075,2.2698412698412698,0.047619047619047616,1.1349206349206349,0.996,0.35400000000000004,0.128,0.488,0.054,0.026000000000000002,1.375,0.125,0.6875,-0.183
Se-W,3.0646759847522236,1.8400254129606102,1.5323379923761118,2.322404371584699,0.4644808743169398,1.1612021857923496,-0.787,0.771,2.308643679430196,1.7629682798222124,1.154321839715098,4.153846153846154,1.5384615384615385,2.076923076923077,2.2142857142857144,0.007936507936507936,1.1071428571428572,0.804,0.546,0.159,0.45699999999999996,0.03,0.002,1.5,0.0,0.75,-0.293
Se-Re,3.2552731893265565,2.030622617534943,1.6276365946632783,2.4316939890710376,0.35519125683060104,1.2158469945355188,-0.669,0.639,2.182204676586699,1.6365292769787152,1.0911023382933496,4.1923076923076925,1.5769230769230769,2.0961538461538463,2.1984126984126986,0.023809523809523808,1.0992063492063493,0.752,0.5980000000000001,0.22,0.396,0.024,0.004,1.625,0.125,0.8125,-0.334
Se-Os,3.4823634053367214,2.257712833545108,1.7411817026683607,2.5956284153005464,0.1912568306010927,1.2978142076502732,-0.212,0.168,2.098280098280098,1.5526046986721143,1.049140049140049,4.230769230769231,1.6153846153846154,2.1153846153846154,2.1825396825396823,0.03968253968253968,1.0912698412698412,0.766,0.5840000000000001,0.292,0.324,0.034,0.006,1.75,0.25,0.875,-0.271
Se-Ir,3.4791867852604828,2.254536213468869,1.7395933926302414,2.5956284153005464,0.1912568306010927,1.2978142076502732,0.301,0.35900000000000004,1.7741766281092124,1.2285012285012284,0.8870883140546062,4.269230769230769,1.6538461538461537,2.1346153846153846,2.1904761904761907,0.031746031746031744,1.0952380952380953,0.81,0.54,0.389,0.22699999999999998,0.07100000000000001,0.043000000000000003,1.875,0.375,0.9375,-0.152
Se-Pt,3.3442185514612452,2.1195679796696316,1.6721092757306226,2.5956284153005464,0.1912568306010927,1.2978142076502732,0.307,0.35300000000000004,1.3999392651078044,0.8542638654998204,0.6999696325539022,4.3076923076923075,1.6923076923076923,2.1538461538461537,2.2142857142857144,0.007936507936507936,1.1071428571428572,0.937,0.41300000000000003,0.513,0.10300000000000001,0.108,0.08,2.0,0.5,1.0,-0.119
Se-Au,3.0646759847522236,1.8400254129606102,1.5323379923761118,2.704918032786885,0.08196721311475405,1.3524590163934425,0.133,0.16299999999999998,1.0112249123485078,0.4655495127405239,0.5056124561742539,4.346153846153846,1.7307692307692308,2.173076923076923,2.253968253968254,0.031746031746031744,1.126984126984127,1.1320000000000001,0.21800000000000003,0.605,0.01100000000000001,0.15200000000000002,0.12400000000000001,2.125,0.625,1.0625,-0.055
Se-U,3.0392630241423126,1.8146124523506992,1.5196315120711563,2.322404371584699,0.4644808743169398,1.1612021857923496,-1.357,1.357,1.0503271402147807,0.5046517406067969,0.5251635701073903,4.846153846153846,2.230769230769231,2.423076923076923,2.4603174603174605,0.23809523809523808,1.2301587301587302,1.923,0.573,0.537,0.07899999999999999,0.087,0.059,1.5,0.0,0.75,-0.279
Se-Np,3.1790343074968233,1.9543837357052096,1.5895171537484116,2.1038251366120218,0.6830601092896174,1.0519125683060109,-2.762,2.756,0.7792286668691163,0.23355326726113243,0.38961433343455815,4.884615384615385,2.269230769230769,2.4423076923076925,2.4682539682539684,0.24603174603174602,1.2341269841269842,1.961,0.611,0.5549999999999999,0.061,0.069,0.041,1.625,0.125,0.8125,-0.211
Zr-Zr,1.6569250317662005,0.0,0.8284625158831003,1.453551912568306,0.0,0.726775956284153,-0.884,0.0,2.3489495624327086,0.0,1.1744747812163543,3.076923076923077,0.0,1.5384615384615385,2.5396825396825395,0.0,1.2698412698412698,1.49,0.0,-0.182,0.0,0.13,0.0,1.0,0.0,0.5,-0.497
Zr-Nb,1.917407878017789,0.2604828462515884,0.9587039390088945,1.6010928961748634,0.14754098360655737,0.8005464480874317,-1.127,0.287,2.6929299064130525,0.34398034398034394,1.3464649532065263,3.1153846153846154,0.038461538461538464,1.5576923076923077,2.4285714285714284,0.1111111111111111,1.2142857142857142,1.1400000000000001,0.35,-0.23299999999999998,0.05099999999999999,0.118,0.012000000000000004,1.125,0.125,0.5625,-0.456
Zr-Mo,2.124523506988564,0.46759847522236336,1.062261753494282,1.9071038251366121,0.453551912568306,0.9535519125683061,-1.141,0.34099999999999997,2.772989537034481,0.42403997460177234,1.3864947685172404,3.1538461538461537,0.07692307692307693,1.5769230769230769,2.373015873015873,0.16666666666666666,1.1865079365079365,0.915,0.575,-0.20800000000000002,0.02600000000000001,0.091,0.03900000000000001,1.25,0.25,0.625,-0.398
Zr-Ru,2.3659466327827188,0.7090216010165185,1.1829733163913594,1.92896174863388,0.4754098360655738,0.96448087431694,-0.07900000000000001,0.687,2.61342241117522,0.26447284874251165,1.30671120558761,3.230769230769231,0.15384615384615385,1.6153846153846154,2.3333333333333335,0.20634920634920634,1.1666666666666667,0.867,0.623,-0.074,0.108,0.112,0.018000000000000002,1.5,0.5,0.75,-0.07
Zr-Rh,2.404066073697586,0.7471410419313851,1.202033036848793,1.972677595628415,0.5191256830601091,0.9863387978142075,0.20799999999999996,1.002,2.4091323192446787,0.060182756811970294,1.2045661596223394,3.269230769230769,0.19230769230769232,1.6346153846153846,2.3333333333333335,0.20634920634920634,1.1666666666666667,0.902,0.588,0.019000000000000003,0.201,0.131,0.0010000000000000009,1.625,0.625,0.8125,0.026
Zr-Pd,2.3532401524777637,0.696315120711563,1.1766200762388819,1.92896174863388,0.4754098360655738,0.96448087431694,-0.051000000000000045,0.753,2.183750655660768,0.1651989067719405,1.091875327830384,3.3076923076923075,0.23076923076923078,1.6538461538461537,2.357142857142857,0.18253968253968253,1.1785714285714286,1.039,0.451,0.126,0.308,0.17099999999999999,0.040999999999999995,1.75,0.75,0.875,-0.019
Zr-Sn,1.7543837357052094,0.09745870393900893,0.8771918678526047,1.7978142076502732,0.34426229508196715,0.8989071038251366,-0.594,0.24,1.453347320763051,0.8956022416696574,0.7266736603815255,3.4615384615384617,0.38461538461538464,1.7307692307692308,2.5634920634920637,0.023809523809523808,1.2817460317460319,1.5030000000000001,0.013000000000000012,0.023000000000000007,0.20500000000000002,0.174,0.044,1.0,0.0,0.5,-0.427
Zr-Sb,1.6772554002541296,0.020330368487928862,0.8386277001270648,1.8469945355191255,0.3934426229508195,0.9234972677595628,-0.487,0.33899999999999997,1.673482593932032,0.6754669685006763,0.836741296966016,3.5,0.4230769230769231,1.75,2.5873015873015874,0.047619047619047616,1.2936507936507937,1.494,0.0040000000000000036,0.04000000000000001,0.222,0.123,0.006999999999999999,1.125,0.125,0.5625,-0.423
Zr-Te,1.6203303684879287,0.036594663278271836,0.8101651842439643,1.8743169398907105,0.42076502732240434,0.9371584699453552,-0.46499999999999997,0.365,1.5734809375258811,0.7754686249068272,0.7867404687629406,3.5384615384615383,0.46153846153846156,1.7692307692307692,2.5396825396825395,0.0,1.2698412698412698,1.546,0.05600000000000005,0.10500000000000001,0.28700000000000003,0.096,0.034,1.25,0.25,0.625,-0.375
Zr-Hf,2.5184243964421853,0.8614993646759849,1.2592121982210926,1.437158469945355,0.016393442622950834,0.7185792349726775,-1.001,0.12499999999999994,2.5582088728156145,0.20925931038290588,1.2791044364078072,4.3076923076923075,1.2307692307692308,2.1538461538461537,2.5317460317460316,0.007936507936507936,1.2658730158730158,1.391,0.09899999999999998,-0.239,0.056999999999999995,0.138,0.007999999999999993,1.0,0.0,0.5,-0.511
Zr-Ta,2.9123252858958066,1.2554002541296059,1.4561626429479033,1.546448087431694,0.09289617486338794,0.773224043715847,-1.162,0.324,2.9910830135549236,0.6421334511222151,1.4955415067774618,4.346153846153846,1.2692307692307692,2.173076923076923,2.4285714285714284,0.1111111111111111,1.2142857142857142,1.066,0.424,-0.271,0.089,0.10500000000000001,0.025,1.125,0.125,0.5625,-0.525
Zr-W,3.280813214739517,1.6238881829733165,1.6404066073697585,1.6557377049180328,0.2021857923497267,0.8278688524590164,-1.126,0.32199999999999995,3.2102807608425588,0.8613311984098501,1.6051403804212794,4.384615384615385,1.3076923076923077,2.1923076923076925,2.373015873015873,0.16666666666666666,1.1865079365079365,0.874,0.616,-0.24,0.057999999999999996,0.081,0.049,1.25,0.25,0.625,-0.501
Zr-Re,3.47141041931385,1.8144853875476494,1.735705209656925,1.7650273224043715,0.3114754098360655,0.8825136612021858,-0.912,0.14800000000000002,3.0838417579990614,0.7348921955663529,1.5419208789995307,4.423076923076923,1.3461538461538463,2.2115384615384617,2.357142857142857,0.18253968253968253,1.1785714285714286,0.822,0.668,-0.179,0.0030000000000000027,0.075,0.055,1.375,0.375,0.6875,-0.427
Zr-Os,3.698500635324015,2.0415756035578143,1.8492503176620074,1.92896174863388,0.4754098360655738,0.96448087431694,-0.441,0.309,2.9999171796924604,0.650967617259752,1.4999585898462302,4.461538461538462,1.3846153846153846,2.230769230769231,2.3412698412698414,0.1984126984126984,1.1706349206349207,0.836,0.654,-0.107,0.075,0.085,0.045,1.5,0.5,0.75,-0.256
Zr-Ir,3.695324015247776,2.0383989834815757,1.847662007623888,1.92896174863388,0.4754098360655738,0.96448087431694,0.04999999999999999,0.8220000000000001,2.6758137095215746,0.3268641470888662,1.3379068547607873,4.5,1.4230769230769231,2.25,2.3492063492063493,0.19047619047619047,1.1746031746031746,0.88,0.61,-0.009999999999999995,0.172,0.122,0.008,1.625,0.625,0.8125,-0.067
Zr-Pt,3.5603557814485387,1.903430749682338,1.7801778907242694,1.92896174863388,0.4754098360655738,0.96448087431694,-0.027000000000000024,0.767,2.3015763465201666,0.04737321591254185,1.1507881732600833,4.538461538461538,1.4615384615384615,2.269230769230769,2.373015873015873,0.16666666666666666,1.1865079365079365,1.0070000000000001,0.483,0.11399999999999999,0.296,0.159,0.028999999999999998,1.75,0.75,0.875,-0.063
Zr-Au,3.280813214739517,1.6238881829733165,1.6404066073697585,2.0382513661202184,0.5846994535519124,1.0191256830601092,-0.24300000000000002,0.5650000000000001,1.9128619937608702,0.4360875686718384,0.9564309968804351,4.576923076923077,1.5,2.2884615384615383,2.4126984126984126,0.12698412698412698,1.2063492063492063,1.202,0.288,0.206,0.388,0.203,0.07300000000000001,1.875,0.875,0.9375,-0.164
Zr-U,3.255400254129606,1.5984752223634056,1.627700127064803,1.6557377049180328,0.2021857923497267,0.8278688524590164,-1.808,0.9160000000000001,1.951964221627143,0.3969853408055655,0.9759821108135714,5.076923076923077,2.0,2.5384615384615383,2.619047619047619,0.07936507936507936,1.3095238095238095,1.9929999999999999,0.503,0.138,0.32,0.138,0.007999999999999993,1.25,0.25,0.625,-0.591
Zr-Np,3.3951715374841167,1.7382465057179162,1.6975857687420584,1.437158469945355,0.016393442622950834,0.7185792349726775,-3.17,2.2720000000000002,1.6808657482814786,0.6680838141512299,0.8404328741407393,5.115384615384615,2.0384615384615383,2.5576923076923075,2.626984126984127,0.0873015873015873,1.3134920634920635,2.031,0.541,0.156,0.33799999999999997,0.12,0.010000000000000002,1.375,0.375,0.6875,-0.51
Nb-Nb,2.1778907242693775,0.0,1.0889453621346887,1.7486338797814207,0.0,0.8743169398907104,-1.354,0.0,3.0369102503933965,0.0,1.5184551251966982,3.1538461538461537,0.0,1.5769230769230769,2.3174603174603177,0.0,1.1587301587301588,0.79,0.0,-0.284,0.0,0.106,0.0,1.25,0.0,0.625,-0.435
Nb-Mo,2.3850063532401524,0.20711562897077496,1.1925031766200762,2.0546448087431695,0.30601092896174864,1.0273224043715847,-1.3559999999999999,0.051999999999999935,3.1169698810148248,0.08005963062142837,1.5584849405074124,3.1923076923076925,0.038461538461538464,1.5961538461538463,2.261904761904762,0.05555555555555555,1.130952380952381,0.5650000000000001,0.225,-0.259,0.02499999999999998,0.079,0.027,1.375,0.125,0.6875,-0.392
Nb-Ru,2.6264294790343077,0.44853875476493005,1.3132147395171538,2.0765027322404372,0.3278688524590164,1.0382513661202186,-0.337,0.9590000000000001,2.957402755155564,0.0795074952378323,1.478701377577782,3.269230769230769,0.11538461538461539,1.6346153846153846,2.2222222222222223,0.09523809523809523,1.1111111111111112,0.517,0.273,-0.12499999999999999,0.15899999999999997,0.1,0.005999999999999998,1.625,0.375,0.8125,-0.091
Nb-Rh,2.664548919949174,0.4866581956797967,1.332274459974587,2.1202185792349724,0.37158469945355177,1.0601092896174862,-0.09000000000000008,1.274,2.7531126632250227,0.28379758716837367,1.3765563316125113,3.3076923076923075,0.15384615384615385,1.6538461538461537,2.2222222222222223,0.09523809523809523,1.1111111111111112,0.552,0.23800000000000002,-0.03199999999999999,0.252,0.119,0.013000000000000005,1.75,0.5,0.875,-0.049
Nb-Pd,2.6137229987293518,0.4358322744599745,1.3068614993646759,2.0765027322404372,0.3278688524590164,1.0382513661202186,-0.352,1.0459999999999998,2.527730999641112,0.5091792507522844,1.263865499820556,3.3461538461538463,0.19230769230769232,1.6730769230769231,2.246031746031746,0.07142857142857142,1.123015873015873,0.6890000000000001,0.10100000000000003,0.07500000000000001,0.359,0.159,0.053,1.875,0.625,0.9375,-0.131
Nb-Sn,2.014866581956798,0.16302414231257947,1.007433290978399,1.9453551912568305,0.19672131147540975,0.9726775956284153,-0.8719999999999999,0.526,1.797327664743395,1.2395825856500013,0.8986638323716974,3.5,0.34615384615384615,1.75,2.4523809523809526,0.1349206349206349,1.2261904761904763,1.153,0.363,-0.027999999999999983,0.256,0.162,0.056,1.125,0.125,0.5625,-0.413
Nb-Sb,1.9377382465057178,0.24015247776365953,0.9688691232528589,1.9945355191256828,0.24590163934426215,0.9972677595628414,-0.7689999999999999,0.623,2.017462937912376,1.0194473124810204,1.008731468956188,3.5384615384615383,0.38461538461538464,1.7692307692307692,2.4761904761904763,0.15873015873015872,1.2380952380952381,1.1440000000000001,0.354,-0.010999999999999982,0.273,0.111,0.0050000000000000044,1.25,0.0,0.625,-0.411
Nb-Te,1.8808132147395171,0.29707750952986023,0.9404066073697586,2.021857923497268,0.27322404371584696,1.010928961748634,-0.754,0.6519999999999999,1.9174612815062253,1.1194489688871712,0.9587306407531127,3.576923076923077,0.4230769230769231,1.7884615384615385,2.4285714285714284,0.1111111111111111,1.2142857142857142,1.1960000000000002,0.406,0.05400000000000002,0.33799999999999997,0.08399999999999999,0.022,1.375,0.125,0.6875,-0.388
Nb-Hf,2.7789072426937738,0.6010165184243965,1.3894536213468869,1.5846994535519128,0.1639344262295082,0.7923497267759564,-1.245,0.16699999999999993,2.9021892167959584,0.1347210335974381,1.4510946083979792,4.346153846153846,1.1923076923076923,2.173076923076923,2.4206349206349205,0.10317460317460317,1.2103174603174602,1.041,0.251,-0.29,0.006000000000000005,0.126,0.019999999999999997,1.125,0.125,0.5625,-0.458
Nb-Ta,3.172808132147395,0.9949174078780175,1.5864040660736975,1.6939890710382512,0.054644808743169446,0.8469945355191256,-1.4060000000000001,0.039999999999999925,3.3350633575352675,0.29815310714187115,1.6675316787676338,4.384615384615385,1.2307692307692308,2.1923076923076925,2.3174603174603177,0.0,1.1587301587301588,0.716,0.07400000000000001,-0.32199999999999995,0.038000000000000006,0.093,0.012999999999999998,1.25,0.0,0.625,-0.475
Nb-W,3.5412960609911055,1.363405336721728,1.7706480304955527,1.80327868852459,0.05464480874316932,0.901639344262295,-1.3559999999999999,0.03799999999999992,3.5542611048229027,0.5173508544295061,1.7771305524114513,4.423076923076923,1.2692307692307692,2.2115384615384617,2.261904761904762,0.05555555555555555,1.130952380952381,0.524,0.266,-0.291,0.007000000000000006,0.069,0.037,1.375,0.125,0.6875,-0.46
Nb-Re,3.7318932655654384,1.554002541296061,1.8659466327827192,1.9125683060109289,0.1639344262295081,0.9562841530054644,-1.131,0.129,3.4278221019794053,0.3909118515860089,1.7139110509897026,4.461538461538462,1.3076923076923077,2.230769230769231,2.246031746031746,0.07142857142857142,1.123015873015873,0.47200000000000003,0.318,-0.22999999999999998,0.05399999999999999,0.063,0.043,1.5,0.25,0.75,-0.387
Nb-Os,3.9589834815756033,1.781092757306226,1.9794917407878017,2.0765027322404372,0.3278688524590164,1.0382513661202186,-0.671,0.587,3.3438975236728044,0.3069872732794081,1.6719487618364022,4.5,1.3461538461538463,2.25,2.2301587301587302,0.0873015873015873,1.1150793650793651,0.486,0.30400000000000005,-0.15799999999999997,0.126,0.073,0.033,1.625,0.375,0.8125,-0.237
Nb-Ir,3.9558068614993647,1.7779161372299874,1.9779034307496823,2.0765027322404372,0.3278688524590164,1.0382513661202186,-0.24400000000000005,1.088,3.0197940535019185,0.01711619689147779,1.5098970267509593,4.538461538461538,1.3846153846153846,2.269230769230769,2.238095238095238,0.07936507936507936,1.119047619047619,0.53,0.26,-0.060999999999999985,0.22299999999999998,0.11,0.0040000000000000036,1.75,0.5,0.875,-0.094
Nb-Pt,3.820838627700127,1.6429479034307497,1.9104193138500636,2.0765027322404372,0.3278688524590164,1.0382513661202186,-0.32200000000000006,1.052,2.6455566905005106,0.39135355989288584,1.3227783452502553,4.576923076923077,1.4230769230769231,2.2884615384615383,2.261904761904762,0.05555555555555555,1.130952380952381,0.657,0.133,0.063,0.347,0.147,0.041,1.875,0.625,0.9375,-0.147
Nb-Au,3.5412960609911055,1.363405336721728,1.7706480304955527,2.1857923497267757,0.43715846994535507,1.0928961748633879,-0.5249999999999999,0.855,2.256842337741214,0.7800679126521823,1.128421168870607,4.615384615384615,1.4615384615384615,2.3076923076923075,2.3015873015873014,0.015873015873015872,1.1507936507936507,0.8520000000000001,0.062,0.155,0.43899999999999995,0.191,0.08500000000000002,2.0,0.75,1.0,-0.276
Nb-U,3.5158831003811946,1.337992376111817,1.7579415501905973,1.80327868852459,0.05464480874316932,0.901639344262295,-2.0380000000000003,0.6380000000000001,2.295944565607487,0.7409656847859095,1.1479722828037435,5.115384615384615,1.9615384615384615,2.5576923076923075,2.507936507936508,0.19047619047619047,1.253968253968254,1.643,0.853,0.08700000000000002,0.371,0.126,0.019999999999999997,1.375,0.125,0.6875,-0.602
Nb-Np,3.655654383735705,1.4777636594663277,1.8278271918678526,1.5846994535519128,0.1639344262295082,0.7923497267759564,-3.36,1.964,2.0248460922618228,1.012064158131574,1.0124230461309114,5.153846153846154,2.0,2.576923076923077,2.515873015873016,0.1984126984126984,1.257936507936508,1.681,0.891,0.10500000000000001,0.389,0.108,0.0020000000000000018,1.5,0.25,0.75,-0.53
Mo-Mo,2.5921219822109274,0.0,1.2960609911054637,2.360655737704918,0.0,1.180327868852459,-1.331,0.0010000000000000009,3.197029511636253,0.0,1.5985147558181265,3.230769230769231,0.0,1.6153846153846154,2.2063492063492065,0.0,1.1031746031746033,0.34,0.0,-0.234,0.0,0.052,0.0,1.5,0.0,0.75,-0.349
Mo-Ru,2.833545108005082,0.24142312579415506,1.416772554002541,2.3825136612021858,0.021857923497267777,1.1912568306010929,-0.412,1.022,3.0374623857769927,0.1595671258592607,1.5187311928884963,3.3076923076923075,0.07692307692307693,1.6538461538461537,2.1666666666666665,0.03968253968253968,1.0833333333333333,0.29200000000000004,0.048000000000000015,-0.1,0.134,0.073,0.021,1.75,0.25,0.875,-0.096
Mo-Rh,2.8716645489199495,0.2795425667090217,1.4358322744599747,2.426229508196721,0.06557377049180309,1.2131147540983604,-0.19000000000000006,1.3479999999999999,2.833172293846451,0.36385721778980207,1.4165861469232255,3.3461538461538463,0.11538461538461539,1.6730769230769231,2.1666666666666665,0.03968253968253968,1.0833333333333333,0.327,0.013000000000000012,-0.007000000000000006,0.227,0.092,0.04000000000000001,1.875,0.375,0.9375,-0.114
Mo-Pd,2.8208386277001267,0.22871664548919957,1.4104193138500634,2.3825136612021858,0.021857923497267777,1.1912568306010929,-0.43400000000000005,1.1360000000000001,2.6077906302625404,0.5892388813737128,1.3038953151312702,3.3846153846153846,0.15384615384615385,1.6923076923076923,2.1904761904761907,0.015873015873015872,1.0952380952380953,0.46399999999999997,0.12399999999999997,0.09999999999999999,0.334,0.132,0.08,2.0,0.5,1.0,-0.22
Mo-Sn,2.221982210927573,0.3701397712833544,1.1109911054637864,2.251366120218579,0.10928961748633889,1.1256830601092895,-0.95,0.6060000000000001,1.8773872953648234,1.3196422162714299,0.9386936476824117,3.5384615384615383,0.3076923076923077,1.7692307692307692,2.3968253968253967,0.19047619047619047,1.1984126984126984,0.928,0.588,-0.0030000000000000027,0.231,0.135,0.083,1.25,0.25,0.625,-0.353
Mo-Sb,2.144853875476493,0.4472681067344345,1.0724269377382465,2.300546448087432,0.06010928961748651,1.150273224043716,-0.845,0.6990000000000001,2.097522568533804,1.0995069431024487,1.048761284266902,3.576923076923077,0.34615384615384615,1.7884615384615385,2.4206349206349205,0.21428571428571427,1.2103174603174602,0.919,0.579,0.013999999999999999,0.248,0.084,0.032,1.375,0.125,0.6875,-0.368
Mo-Te,2.087928843710292,0.5041931385006352,1.043964421855146,2.3278688524590163,0.03278688524590167,1.1639344262295082,-0.8360000000000001,0.728,1.9975209121276536,1.1995085995085997,0.9987604560638268,3.6153846153846154,0.38461538461538464,1.8076923076923077,2.373015873015873,0.16666666666666666,1.1865079365079365,0.9710000000000001,0.631,0.079,0.313,0.056999999999999995,0.005000000000000001,1.5,0.0,0.75,-0.37
Mo-Hf,2.9860228716645487,0.3939008894536215,1.4930114358322744,1.890710382513661,0.46994535519125685,0.9453551912568305,-1.275,0.22299999999999998,2.9822488474173867,0.21478066421886646,1.4911244237086934,4.384615384615385,1.1538461538461537,2.1923076923076925,2.365079365079365,0.15873015873015872,1.1825396825396826,0.8160000000000001,0.476,-0.265,0.030999999999999986,0.09899999999999999,0.047,1.25,0.25,0.625,-0.375
Mo-Ta,3.37992376111817,0.7878017789072426,1.689961880559085,2.0,0.3606557377049181,1.0,-1.414,0.010000000000000009,3.415122988156696,0.2180934765204428,1.707561494078348,4.423076923076923,1.1923076923076923,2.2115384615384617,2.261904761904762,0.05555555555555555,1.130952380952381,0.491,0.151,-0.297,0.06299999999999999,0.066,0.014000000000000002,1.375,0.125,0.6875,-0.397
Mo-W,3.7484116899618805,1.156289707750953,1.8742058449809402,2.109289617486339,0.25136612021857935,1.0546448087431695,-1.3290000000000002,0.009000000000000008,3.634320735444331,0.4372912238080777,1.8171603677221655,4.461538461538462,1.2307692307692308,2.230769230769231,2.2063492063492065,0.0,1.1031746031746033,0.29900000000000004,0.04100000000000001,-0.266,0.03199999999999999,0.041999999999999996,0.009999999999999998,1.5,0.0,0.75,-0.391
Mo-Re,3.9390088945362134,1.346886912325286,1.9695044472681067,2.218579234972678,0.14207650273224057,1.109289617486339,-1.126,0.17000000000000004,3.5078817326008336,0.3108522209645805,1.7539408663004168,4.5,1.2692307692307692,2.25,2.1904761904761907,0.015873015873015872,1.0952380952380953,0.247,0.09300000000000001,-0.20500000000000002,0.029000000000000012,0.036,0.016,1.625,0.125,0.8125,-0.34
Mo-Os,4.166099110546378,1.5739771283354511,2.083049555273189,2.3825136612021858,0.021857923497267777,1.1912568306010929,-0.687,0.663,3.423957154294233,0.22692764265797974,1.7119785771471165,4.538461538461538,1.3076923076923077,2.269230769230769,2.1746031746031744,0.031746031746031744,1.0873015873015872,0.261,0.07900000000000001,-0.133,0.101,0.046,0.005999999999999998,1.75,0.25,0.875,-0.227
Mo-Ir,4.16292249047014,1.5708005082592122,2.08146124523507,2.3825136612021858,0.021857923497267777,1.1912568306010929,-0.33499999999999996,1.147,3.099853684123347,0.09717582751290615,1.5499268420616734,4.576923076923077,1.3461538461538463,2.2884615384615383,2.1825396825396823,0.023809523809523808,1.0912698412698412,0.30500000000000005,0.035,-0.036000000000000004,0.198,0.083,0.031000000000000003,1.875,0.375,0.9375,-0.135
Mo-Pt,4.027954256670902,1.4358322744599747,2.013977128335451,2.3825136612021858,0.021857923497267777,1.1912568306010929,-0.399,1.133,2.725616321121939,0.4714131905143142,1.3628081605609694,4.615384615384615,1.3846153846153846,2.3076923076923075,2.2063492063492065,0.0,1.1031746031746033,0.43200000000000005,0.092,0.08799999999999998,0.322,0.12,0.068,2.0,0.5,1.0,-0.233
Mo-Au,3.7484116899618805,1.156289707750953,1.8742058449809402,2.4918032786885247,0.13114754098360643,1.2459016393442623,-0.599,0.933,2.336901968362642,0.8601275432736107,1.168450984181321,4.653846153846154,1.4230769230769231,2.326923076923077,2.246031746031746,0.03968253968253968,1.123015873015873,0.627,0.28700000000000003,0.18,0.414,0.164,0.11200000000000002,2.125,0.625,1.0625,-0.371
Mo-U,3.7229987293519695,1.1308767471410421,1.8614993646759848,2.109289617486339,0.25136612021857935,1.0546448087431695,-1.99,0.6020000000000001,2.3760041962289153,0.8210253154073378,1.1880020981144577,5.153846153846154,1.9230769230769231,2.576923076923077,2.4523809523809526,0.24603174603174602,1.2261904761904763,1.418,1.078,0.112,0.34600000000000003,0.09899999999999999,0.047,1.5,0.0,0.75,-0.583
Mo-Np,3.86277001270648,1.2706480304955527,1.93138500635324,1.890710382513661,0.46994535519125685,0.9453551912568305,-3.2859999999999996,1.91,2.104905722883251,1.0921237887530022,1.0524528614416255,5.1923076923076925,1.9615384615384615,2.5961538461538463,2.4603174603174605,0.25396825396825395,1.2301587301587302,1.456,1.116,0.13,0.364,0.081,0.029,1.625,0.125,0.8125,-0.527
Ru-Ru,3.0749682337992374,0.0,1.5374841168996187,2.4043715846994536,0.0,1.2021857923497268,0.3,0.0,2.877895259917732,0.0,1.438947629958866,3.3846153846153846,0.0,1.6923076923076923,2.126984126984127,0.0,1.0634920634920635,0.244,0.0,0.034,0.0,0.094,0.0,2.0,0.0,1.0,-0.083
Ru-Rh,3.1130876747141043,0.03811944091486667,1.5565438373570522,2.448087431693989,0.04371584699453531,1.2240437158469946,0.817,0.399,2.6736051679871906,0.20429009193054135,1.3368025839935953,3.423076923076923,0.038461538461538464,1.7115384615384615,2.126984126984127,0.0,1.0634920634920635,0.279,0.035,0.127,0.093,0.113,0.019000000000000003,2.125,0.125,1.0625,-0.19
Ru-Pd,3.0622617534942824,0.012706480304955482,1.5311308767471412,2.4043715846994536,0.0,1.2021857923497268,0.692,0.10400000000000004,2.4482235044032796,0.42967175551445214,1.2241117522016398,3.4615384615384617,0.07692307692307693,1.7307692307692308,2.1507936507936507,0.023809523809523808,1.0753968253968254,0.416,0.172,0.23399999999999999,0.2,0.153,0.059,2.25,0.25,1.125,-0.254
Ru-Sn,2.463405336721728,0.6115628970775094,1.231702668360864,2.273224043715847,0.13114754098360668,1.1366120218579234,0.018000000000000016,0.364,1.7178201695055626,1.160075090412169,0.8589100847527813,3.6153846153846154,0.23076923076923078,1.8076923076923077,2.357142857142857,0.23015873015873015,1.1785714285714286,0.88,0.636,0.131,0.097,0.156,0.062,1.5,0.5,0.75,-0.079
Ru-Sb,2.3862770012706482,0.6886912325285895,1.1931385006353241,2.322404371584699,0.08196721311475429,1.1612021857923496,0.15500000000000003,0.313,1.9379554426745436,0.939939817243188,0.9689777213372718,3.6538461538461537,0.2692307692307692,1.8269230769230769,2.380952380952381,0.25396825396825395,1.1904761904761905,0.871,0.627,0.14800000000000002,0.114,0.10500000000000001,0.011000000000000003,1.625,0.375,0.8125,-0.088
Ru-Te,2.3293519695044473,0.7456162642947902,1.1646759847522237,2.3497267759562845,0.054644808743169446,1.1748633879781423,0.186,0.318,1.8379537862683928,1.0399414736493389,0.9189768931341964,3.6923076923076925,0.3076923076923077,1.8461538461538463,2.3333333333333335,0.20634920634920634,1.1666666666666667,0.923,0.679,0.21300000000000002,0.179,0.078,0.016,1.75,0.25,0.875,-0.101
Ru-Hf,3.2274459974587035,0.15247776365946647,1.6137229987293518,1.9125683060109289,0.49180327868852464,0.9562841530054644,-0.23099999999999998,0.773,2.822681721558126,0.055213538359605775,1.411340860779063,4.461538461538462,1.0769230769230769,2.230769230769231,2.3253968253968256,0.1984126984126984,1.1626984126984128,0.768,0.524,-0.131,0.16499999999999998,0.12,0.025999999999999995,1.5,0.5,0.75,-0.033
Ru-Ta,3.6213468869123253,0.5463786531130875,1.8106734434561627,2.021857923497268,0.3825136612021859,1.010928961748634,-0.38300000000000006,0.9910000000000001,3.2555558622974354,0.3776606023797035,1.6277779311487177,4.5,1.1153846153846154,2.25,2.2222222222222223,0.09523809523809523,1.1111111111111112,0.443,0.199,-0.16299999999999998,0.197,0.087,0.006999999999999999,1.625,0.375,0.8125,-0.07
Ru-W,3.9898348157560353,0.914866581956798,1.9949174078780176,2.1311475409836067,0.27322404371584713,1.0655737704918034,-0.36000000000000004,1.014,3.47475360958507,0.5968583496673384,1.737376804792535,4.538461538461538,1.1538461538461537,2.269230769230769,2.1666666666666665,0.03968253968253968,1.0833333333333333,0.251,0.007000000000000006,-0.132,0.16599999999999998,0.063,0.031,1.75,0.25,0.875,-0.104
Ru-Re,4.180432020330368,1.105463786531131,2.090216010165184,2.240437158469945,0.16393442622950832,1.1202185792349726,-0.24700000000000005,0.857,3.3483146067415728,0.4704193468238412,1.6741573033707864,4.576923076923077,1.1923076923076923,2.2884615384615383,2.1507936507936507,0.023809523809523808,1.0753968253968254,0.199,0.045,-0.071,0.105,0.057,0.037,1.875,0.125,0.9375,-0.129
Ru-Os,4.407522236340533,1.332554002541296,2.2037611181702665,2.4043715846994536,0.0,1.2021857923497268,0.06,0.382,3.2643900284349723,0.3864947685172404,1.6321950142174861,4.615384615384615,1.2307692307692308,2.3076923076923075,2.134920634920635,0.007936507936507936,1.0674603174603174,0.213,0.031,0.0010000000000000009,0.033,0.067,0.027,2.0,0.0,1.0,-0.141
Ru-Ir,4.404345616264295,1.3293773824650572,2.2021728081321474,2.4043715846994536,0.0,1.2021857923497268,0.592,0.168,2.9402865582640865,0.062391298346354526,1.4701432791320432,4.653846153846154,1.2692307692307692,2.326923076923077,2.142857142857143,0.015873015873015872,1.0714285714285714,0.257,0.013000000000000012,0.098,0.064,0.10400000000000001,0.010000000000000002,2.125,0.125,1.0625,-0.208
Ru-Pt,4.269377382465057,1.1944091486658195,2.1346886912325287,2.4043715846994536,0.0,1.2021857923497268,0.736,0.08199999999999996,2.5660491952626785,0.3118460646550535,1.2830245976313392,4.6923076923076925,1.3076923076923077,2.3461538461538463,2.1666666666666665,0.03968253968253968,1.0833333333333333,0.384,0.14,0.22199999999999998,0.188,0.14100000000000001,0.047,2.25,0.25,1.125,-0.294
Ru-Au,3.9898348157560353,0.914866581956798,1.9949174078780176,2.513661202185792,0.10928961748633864,1.256830601092896,0.554,0.178,2.177334842503382,0.70056041741435,1.088667421251691,4.730769230769231,1.3461538461538463,2.3653846153846154,2.2063492063492065,0.07936507936507936,1.1031746031746033,0.579,0.335,0.314,0.27999999999999997,0.185,0.09100000000000001,2.375,0.375,1.1875,-0.341
Ru-U,3.9644218551461248,0.8894536213468871,1.9822109275730624,2.1311475409836067,0.27322404371584713,1.0655737704918034,-0.7450000000000001,1.581,2.2164370703696545,0.6614581895480771,1.1082185351848273,5.230769230769231,1.8461538461538463,2.6153846153846154,2.4126984126984126,0.2857142857142857,1.2063492063492063,1.37,1.126,0.246,0.21200000000000002,0.12,0.025999999999999995,1.75,0.25,0.875,-0.15
Ru-Np,4.1041931385006345,1.0292249047013977,2.0520965692503172,1.9125683060109289,0.49180327868852464,0.9562841530054644,-2.034,2.896,1.9453385970239903,0.9325566628937415,0.9726692985119951,5.269230769230769,1.8846153846153846,2.6346153846153846,2.4206349206349205,0.29365079365079366,1.2103174603174602,1.408,1.1640000000000001,0.264,0.22999999999999998,0.10200000000000001,0.008,1.875,0.125,0.9375,-0.134
Rh-Rh,3.1512071156289707,0.0,1.5756035578144854,2.4918032786885242,0.0,1.2459016393442621,1.346,0.0,2.469315076056649,0.0,1.2346575380283245,3.4615384615384617,0.0,1.7307692307692308,2.126984126984127,0.0,1.0634920634920635,0.314,0.0,0.22,0.0,0.132,0.0,2.25,0.0,1.125,-0.186
Rh-Pd,3.1003811944091484,0.05082592121982216,1.5501905972045742,2.448087431693989,0.04371584699453531,1.2240437158469946,1.104,0.2700000000000001,2.2439334124727384,0.2253816635839108,1.1219667062363692,3.5,0.038461538461538464,1.75,2.1507936507936507,0.023809523809523808,1.0753968253968254,0.45099999999999996,0.13699999999999998,0.327,0.107,0.172,0.039999999999999994,2.375,0.125,1.1875,-0.175
Rh-Sn,2.501524777636595,0.6496823379923762,1.2507623888182975,2.3169398907103824,0.174863387978142,1.1584699453551912,0.35700000000000004,0.7210000000000001,1.5135300775750213,0.9557849984816278,0.7567650387875107,3.6538461538461537,0.19230769230769232,1.8269230769230769,2.357142857142857,0.23015873015873015,1.1785714285714286,0.915,0.601,0.224,0.0040000000000000036,0.175,0.043,1.625,0.625,0.8125,0.052
Rh-Sb,2.424396442185514,0.7268106734434562,1.212198221092757,2.3661202185792347,0.1256830601092896,1.1830601092896174,0.444,0.614,1.7336653507440023,0.7356497253126467,0.8668326753720011,3.6923076923076925,0.23076923076923078,1.8461538461538463,2.380952380952381,0.25396825396825395,1.1904761904761905,0.906,0.592,0.241,0.021000000000000005,0.124,0.008,1.75,0.5,0.875,0.027
Rh-Te,2.367471410419314,0.783735705209657,1.183735705209657,2.3934426229508197,0.09836065573770476,1.1967213114754098,0.45,0.594,1.6336636943378515,0.8356513817187975,0.8168318471689258,3.730769230769231,0.2692307692307692,1.8653846153846154,2.3333333333333335,0.20634920634920634,1.1666666666666667,0.9580000000000001,0.644,0.306,0.08600000000000001,0.097,0.035,1.875,0.375,0.9375,-0.008
Rh-Hf,3.265565438373571,0.11435832274459978,1.6327827191867854,1.9562841530054644,0.5355191256830599,0.9781420765027322,0.07499999999999996,1.103,2.6183916296275846,0.14907655357093558,1.3091958148137923,4.5,1.0384615384615385,2.25,2.3253968253968256,0.1984126984126984,1.1626984126984128,0.803,0.489,-0.03799999999999999,0.258,0.139,0.006999999999999992,1.625,0.625,0.8125,0.066
Rh-Ta,3.6594663278271913,0.5082592121982209,1.8297331639135956,2.065573770491803,0.4262295081967212,1.0327868852459015,-0.136,1.2999999999999998,3.0512657703668937,0.5819506943102448,1.5256328851834469,4.538461538461538,1.0769230769230769,2.269230769230769,2.2222222222222223,0.09523809523809523,1.1111111111111112,0.478,0.164,-0.06999999999999999,0.29,0.10600000000000001,0.026000000000000002,1.75,0.5,0.875,-0.022
Rh-W,4.027954256670903,0.8767471410419314,2.0139771283354513,2.174863387978142,0.3169398907103824,1.087431693989071,-0.15100000000000002,1.307,3.270463517654529,0.8011484415978798,1.6352317588272645,4.576923076923077,1.1153846153846154,2.2884615384615383,2.1666666666666665,0.03968253968253968,1.0833333333333333,0.28600000000000003,0.027999999999999997,-0.03899999999999999,0.259,0.082,0.05,1.875,0.375,0.9375,-0.113
Rh-Re,4.2185514612452355,1.0673443456162643,2.1092757306226178,2.2841530054644807,0.20765027322404364,1.1420765027322404,-0.02300000000000002,1.177,3.1440245148110315,0.6747094387543825,1.5720122574055158,4.615384615384615,1.1538461538461537,2.3076923076923075,2.1507936507936507,0.023809523809523808,1.0753968253968254,0.23399999999999999,0.08,0.022000000000000006,0.198,0.076,0.056,2.0,0.25,1.0,-0.191
Rh-Os,4.4456416772554,1.2944345616264292,2.2228208386277,2.448087431693989,0.04371584699453531,1.2240437158469946,0.40299999999999997,0.7809999999999999,3.060099936504431,0.5907848604477818,1.5300499682522155,4.653846153846154,1.1923076923076923,2.326923076923077,2.134920634920635,0.007936507936507936,1.0674603174603174,0.248,0.066,0.094,0.126,0.08600000000000001,0.046,2.125,0.125,1.0625,-0.249
Rh-Ir,4.442465057179161,1.2912579415501906,2.2212325285895806,2.448087431693989,0.04371584699453531,1.2240437158469946,1.139,0.19100000000000006,2.7359964663335448,0.26668139027689586,1.3679982331667724,4.6923076923076925,1.2307692307692308,2.3461538461538463,2.142857142857143,0.015873015873015872,1.0714285714285714,0.29200000000000004,0.021999999999999992,0.191,0.028999999999999998,0.123,0.009000000000000001,2.25,0.0,1.125,-0.248
Rh-Pt,4.307496823379924,1.1562897077509529,2.153748411689962,2.448087431693989,0.04371584699453531,1.2240437158469946,1.1179999999999999,0.25799999999999995,2.361759103332137,0.10755597272451214,1.1808795516660684,4.730769230769231,1.2692307692307692,2.3653846153846154,2.1666666666666665,0.03968253968253968,1.0833333333333333,0.41900000000000004,0.10500000000000001,0.315,0.09499999999999999,0.16,0.027999999999999997,2.375,0.125,1.1875,-0.241
Rh-Au,4.027954256670903,0.8767471410419314,2.0139771283354513,2.5573770491803276,0.06557377049180334,1.2786885245901638,0.8640000000000001,0.48800000000000004,1.9730447505728403,0.49627032548380867,0.9865223752864202,4.769230769230769,1.3076923076923077,2.3846153846153846,2.2063492063492065,0.07936507936507936,1.1031746031746033,0.614,0.30000000000000004,0.407,0.187,0.20400000000000001,0.07200000000000001,2.5,0.25,1.25,-0.218
Rh-U,4.002541296060991,0.8513341804320205,2.0012706480304954,2.174863387978142,0.3169398907103824,1.087431693989071,-0.634,1.846,2.0121469784391133,0.4571680976175358,1.0060734892195566,5.269230769230769,1.8076923076923077,2.6346153846153846,2.4126984126984126,0.2857142857142857,1.2063492063492063,1.405,1.091,0.339,0.11900000000000001,0.139,0.006999999999999992,1.875,0.375,0.9375,-0.111
Rh-Np,4.142312579415502,0.991105463786531,2.071156289707751,1.9562841530054644,0.5355191256830599,0.9781420765027322,-1.947,3.1950000000000003,1.741048505093449,0.7282665709632001,0.8705242525467245,5.3076923076923075,1.8461538461538463,2.6538461538461537,2.4206349206349205,0.29365079365079366,1.2103174603174602,1.443,1.129,0.357,0.137,0.121,0.011000000000000003,2.0,0.25,1.0,-0.104
Pd-Pd,3.0495552731893265,0.0,1.5247776365946633,2.4043715846994536,0.0,1.2021857923497268,0.8,0.0,2.0185517488888274,0.0,1.0092758744444137,3.5384615384615383,0.0,1.7692307692307692,2.1746031746031744,0.0,1.0873015873015872,0.588,0.0,0.434,0.0,0.212,0.0,2.5,0.0,1.25,-0.104
Pd-Sn,2.450698856416772,0.598856416772554,1.225349428208386,2.273224043715847,0.13114754098360668,1.1366120218579234,0.125,0.495,1.2881484139911106,0.7304033348977169,0.6440742069955553,3.6923076923076925,0.15384615384615385,1.8461538461538463,2.380952380952381,0.20634920634920634,1.1904761904761905,1.052,0.464,0.331,0.103,0.215,0.0030000000000000027,1.75,0.75,0.875,0.134
Pd-Sb,2.3735705209656923,0.6759847522236341,1.1867852604828462,2.322404371584699,0.08196721311475429,1.1612021857923496,0.215,0.389,1.5082836871600915,0.5102680617287358,0.7541418435800458,3.730769230769231,0.19230769230769232,1.8653846153846154,2.4047619047619047,0.23015873015873015,1.2023809523809523,1.043,0.455,0.348,0.086,0.164,0.047999999999999994,1.875,0.625,0.9375,0.062
Pd-Te,2.3166454891994914,0.7329097839898348,1.1583227445997457,2.3497267759562845,0.054644808743169446,1.1748633879781423,0.23199999999999998,0.372,1.4082820307539408,0.6102697181348866,0.7041410153769704,3.769230769230769,0.23076923076923078,1.8846153846153846,2.357142857142857,0.18253968253968253,1.1785714285714286,1.095,0.5070000000000001,0.41300000000000003,0.02099999999999999,0.137,0.075,2.0,0.5,1.0,-0.013
Pd-Hf,3.2147395171537485,0.16518424396442194,1.6073697585768743,1.9125683060109289,0.49180327868852464,0.9562841530054644,-0.179,0.865,2.393009966043674,0.3744582171548464,1.196504983021837,4.538461538461538,1.0,2.269230769230769,2.3492063492063493,0.1746031746031746,1.1746031746031746,0.94,0.35200000000000004,0.069,0.365,0.179,0.033,1.75,0.75,0.875,0.023
Pd-Ta,3.6086404066073694,0.559085133418043,1.8043202033036847,2.021857923497268,0.3825136612021859,1.010928961748634,-0.38599999999999995,1.07,2.825884106782983,0.8073323578941556,1.4129420533914916,4.576923076923077,1.0384615384615385,2.2884615384615383,2.246031746031746,0.07142857142857142,1.123015873015873,0.615,0.027000000000000024,0.037000000000000005,0.397,0.146,0.066,1.875,0.625,0.9375,-0.121
Pd-W,3.9771283354510802,0.9275730622617536,1.9885641677255401,2.1311475409836067,0.27322404371584713,1.0655737704918034,-0.393,1.085,3.0450818540706184,1.0265301051817906,1.5225409270353092,4.615384615384615,1.0769230769230769,2.3076923076923075,2.1904761904761907,0.015873015873015872,1.0952380952380953,0.423,0.16499999999999998,0.068,0.366,0.122,0.09,2.0,0.5,1.0,-0.245
Pd-Re,4.167725540025413,1.1181702668360864,2.0838627700127064,2.240437158469945,0.16393442622950832,1.1202185792349726,-0.244,0.96,2.918642851227121,0.9000911023382934,1.4593214256135605,4.653846153846154,1.1153846153846154,2.326923076923077,2.1746031746031744,0.0,1.0873015873015872,0.371,0.21699999999999997,0.129,0.305,0.11599999999999999,0.096,2.125,0.375,1.0625,-0.335
Pd-Os,4.394815756035578,1.3452604828462515,2.197407878017789,2.4043715846994536,0.0,1.2021857923497268,0.221,0.543,2.83471827292052,0.8161665240316925,1.41735913646026,4.6923076923076925,1.1538461538461537,2.3461538461538463,2.1587301587301586,0.015873015873015872,1.0793650793650793,0.385,0.20299999999999999,0.201,0.23299999999999998,0.126,0.086,2.25,0.25,1.125,-0.373
Pd-Ir,4.391639135959339,1.3420838627700127,2.1958195679796697,2.4043715846994536,0.0,1.2021857923497268,0.917,0.08900000000000002,2.5106148027496342,0.4920630538608067,1.2553074013748171,4.730769230769231,1.1923076923076923,2.3653846153846154,2.1666666666666665,0.007936507936507936,1.0833333333333333,0.429,0.15899999999999997,0.298,0.136,0.163,0.048999999999999995,2.375,0.125,1.1875,-0.278
Pd-Pt,4.256670902160102,1.2071156289707752,2.128335451080051,2.4043715846994536,0.0,1.2021857923497268,0.846,0.018000000000000016,2.1363774397482262,0.11782569085939865,1.0681887198741131,4.769230769230769,1.2307692307692308,2.3846153846153846,2.1904761904761907,0.015873015873015872,1.0952380952380953,0.556,0.03199999999999997,0.422,0.01200000000000001,0.2,0.011999999999999997,2.5,0.0,1.25,-0.209
Pd-Au,3.9771283354510802,0.9275730622617536,1.9885641677255401,2.513661202185792,0.10928961748633864,1.256830601092896,0.501,0.19899999999999998,1.7476630869889294,0.2708886618998979,0.8738315434944647,4.8076923076923075,1.2692307692307692,2.4038461538461537,2.2301587301587302,0.05555555555555555,1.1150793650793651,0.751,0.16300000000000003,0.514,0.07999999999999999,0.244,0.032000000000000015,2.625,0.125,1.3125,-0.097
Pd-U,3.9517153748411693,0.9021601016518426,1.9758576874205847,2.1311475409836067,0.27322404371584713,1.0655737704918034,-0.974,1.652,1.7867653148552025,0.231786434033625,0.8933826574276013,5.3076923076923075,1.7692307692307692,2.6538461538461537,2.4365079365079363,0.2619047619047619,1.2182539682539681,1.542,0.954,0.446,0.01200000000000001,0.179,0.033,2.0,0.5,1.0,-0.25
Pd-Np,4.09148665819568,1.0419313850063532,2.04574332909784,1.9125683060109289,0.49180327868852464,0.9562841530054644,-2.266,2.974,1.515666841509538,0.5028849073792894,0.757833420754769,5.346153846153846,1.8076923076923077,2.673076923076923,2.4444444444444446,0.2698412698412698,1.2222222222222223,1.58,0.992,0.46399999999999997,0.03,0.161,0.051,2.125,0.375,1.0625,-0.237
Sn-Sn,1.8518424396442186,0.0,0.9259212198221093,2.14207650273224,0.0,1.07103825136612,-0.358,0.0,0.5577450790933937,0.0,0.27887253954669683,3.8461538461538463,0.0,1.9230769230769231,2.5873015873015874,0.0,1.2936507936507937,1.516,0.0,0.228,0.0,0.218,0.0,1.0,0.0,0.5,-0.595
Sn-Sb,1.7747141041931382,0.07712833545108008,0.8873570520965691,2.191256830601093,0.04918032786885238,1.0956284153005464,-0.265,0.09699999999999999,0.7778803522623746,0.22013527316898104,0.3889401761311873,3.8846153846153846,0.038461538461538464,1.9423076923076923,2.611111111111111,0.023809523809523808,1.3055555555555556,1.5070000000000001,0.009000000000000008,0.245,0.017,0.167,0.051,1.125,0.125,0.5625,-0.798
Sn-Te,1.7177890724269378,0.13405336721728078,0.8588945362134689,2.218579234972678,0.07650273224043723,1.109289617486339,-0.23299999999999998,0.127,0.677878695856224,0.12013361676283023,0.338939347928112,3.923076923076923,0.07692307692307693,1.9615384615384615,2.5634920634920637,0.023809523809523808,1.2817460317460319,1.5590000000000002,0.04300000000000004,0.31,0.082,0.14,0.078,1.25,0.25,0.625,-0.891
Sn-Hf,2.615883100381194,0.764040660736976,1.307941550190597,1.7814207650273222,0.360655737704918,0.8907103825136611,-0.7110000000000001,0.35700000000000004,1.6626066311459569,1.1048615520525633,0.8313033155729784,4.6923076923076925,0.8461538461538461,2.3461538461538463,2.5555555555555554,0.031746031746031744,1.2777777777777777,1.404,0.11199999999999999,-0.03399999999999999,0.262,0.182,0.036000000000000004,1.0,0.0,0.5,-0.44
Sn-Ta,3.0097839898348155,1.1579415501905972,1.5048919949174078,1.890710382513661,0.2513661202185792,0.9453551912568305,-0.899,0.5509999999999999,2.095480771885266,1.5377356927918726,1.047740385942633,4.730769230769231,0.8846153846153846,2.3653846153846154,2.4523809523809526,0.1349206349206349,1.2261904761904763,1.079,0.437,-0.06599999999999999,0.294,0.149,0.069,1.125,0.125,0.5625,-0.502
Sn-W,3.378271918678526,1.5264294790343076,1.689135959339263,2.0,0.14207650273224043,1.0,-0.905,0.563,2.3146785191729013,1.7569334400795076,1.1573392595864507,4.769230769230769,0.9230769230769231,2.3846153846153846,2.3968253968253967,0.19047619047619047,1.1984126984126984,0.887,0.629,-0.03499999999999999,0.263,0.125,0.093,1.25,0.25,0.625,-0.5
Sn-Re,3.568869123252859,1.7170266836086405,1.7844345616264294,2.1092896174863385,0.03278688524590167,1.0546448087431692,-0.766,0.42799999999999994,2.188239516329404,1.6304944372360102,1.094119758164702,4.8076923076923075,0.9615384615384616,2.4038461538461537,2.380952380952381,0.20634920634920634,1.1904761904761905,0.835,0.681,0.02600000000000001,0.202,0.119,0.099,1.375,0.375,0.6875,-0.439
Sn-Os,3.7959593392630238,1.9441168996188056,1.8979796696315119,2.273224043715847,0.13114754098360668,1.1366120218579234,-0.34299999999999997,0.002999999999999975,2.104314938022803,1.5465698589294095,1.0521574690114015,4.846153846153846,1.0,2.423076923076923,2.365079365079365,0.2222222222222222,1.1825396825396826,0.849,0.667,0.098,0.13,0.129,0.089,1.5,0.5,0.75,-0.307
Sn-Ir,3.792782719186785,1.940940279542567,1.8963913595933926,2.273224043715847,0.13114754098360668,1.1366120218579234,0.2,0.552,1.7802114678519172,1.2224663887585236,0.8901057339259586,4.884615384615385,1.0384615384615385,2.4423076923076925,2.373015873015873,0.21428571428571427,1.1865079365079365,0.893,0.623,0.195,0.033,0.166,0.052,1.625,0.625,0.8125,-0.13
Sn-Pt,3.6578144853875476,1.8059720457433293,1.8289072426937738,2.273224043715847,0.13114754098360668,1.1366120218579234,0.14700000000000002,0.513,1.4059741048505092,0.8482290257571156,0.7029870524252546,4.923076923076923,1.0769230769230769,2.4615384615384617,2.3968253968253967,0.19047619047619047,1.1984126984126984,1.02,0.496,0.319,0.09099999999999998,0.203,0.015,1.75,0.75,0.875,-0.058
Sn-Au,3.378271918678526,1.5264294790343076,1.689135959339263,2.3825136612021853,0.24043715846994532,1.1912568306010927,-0.05099999999999999,0.315,1.0172597520912126,0.45951467299781906,0.5086298760456063,4.961538461538462,1.1153846153846154,2.480769230769231,2.4365079365079363,0.15079365079365079,1.2182539682539681,1.215,0.301,0.411,0.183,0.247,0.029000000000000012,1.875,0.875,0.9375,-0.043
Sn-U,3.352858958068615,1.5010165184243967,1.6764294790343075,2.0,0.14207650273224043,1.0,-1.4849999999999999,1.129,1.0563619799574855,0.49861690086409194,0.5281809899787427,5.461538461538462,1.6153846153846154,2.730769230769231,2.642857142857143,0.05555555555555555,1.3214285714285714,2.0060000000000002,0.49,0.343,0.115,0.182,0.036000000000000004,1.25,0.25,0.625,-0.787
Sn-Np,3.4926302414231256,1.6407878017789073,1.7463151207115628,1.7814207650273222,0.360655737704918,0.8907103825136611,-2.823,2.459,0.7852635066118212,0.2275184275184275,0.3926317533059106,5.5,1.6538461538461537,2.75,2.6507936507936507,0.06349206349206349,1.3253968253968254,2.044,0.528,0.361,0.133,0.164,0.054,1.375,0.375,0.6875,-0.718
Sb-Sb,1.6975857687420584,0.0,0.8487928843710292,2.240437158469945,0.0,1.1202185792349726,-0.168,0.0,0.9980156254313557,0.0,0.49900781271567785,3.923076923076923,0.0,1.9615384615384615,2.634920634920635,0.0,1.3174603174603174,1.498,0.0,0.262,0.0,0.116,0.0,1.25,0.0,0.625,-1.002
Sb-Te,1.6406607369758575,0.0569250317662007,0.8203303684879287,2.26775956284153,0.027322404371584844,1.133879781420765,-0.132,0.030000000000000006,0.898013969025205,0.10000165640615082,0.4490069845126025,3.9615384615384617,0.038461538461538464,1.9807692307692308,2.5873015873015874,0.047619047619047616,1.2936507936507937,1.55,0.052000000000000046,0.327,0.065,0.089,0.027000000000000003,1.375,0.125,0.6875,-1.061
Sb-Hf,2.5387547649301143,0.8411689961880561,1.2693773824650572,1.8306010928961747,0.40983606557377034,0.9153005464480873,-0.606,0.456,1.8827419043149378,0.8847262788835822,0.9413709521574689,4.730769230769231,0.8076923076923077,2.3653846153846154,2.5793650793650795,0.05555555555555555,1.2896825396825398,1.395,0.10299999999999998,-0.016999999999999987,0.279,0.131,0.014999999999999993,1.125,0.125,0.5625,-0.45
Sb-Ta,2.9326556543837357,1.235069885641677,1.4663278271918678,1.9398907103825136,0.3005464480874316,0.9699453551912568,-0.7939999999999999,0.648,2.3156160450542473,1.3176004196228916,1.1578080225271237,4.769230769230769,0.8461538461538461,2.3846153846153846,2.4761904761904763,0.15873015873015872,1.2380952380952381,1.07,0.428,-0.04899999999999999,0.311,0.098,0.018000000000000002,1.25,0.0,0.625,-0.513
Sb-W,3.301143583227446,1.6035578144853877,1.650571791613723,2.0491803278688523,0.1912568306010928,1.0245901639344261,-0.8029999999999999,0.657,2.534813792341882,1.5367981669105266,1.267406896170941,4.8076923076923075,0.8846153846153846,2.4038461538461537,2.4206349206349205,0.21428571428571427,1.2103174603174602,0.878,0.62,-0.017999999999999988,0.28,0.07400000000000001,0.042,1.375,0.125,0.6875,-0.528
Sb-Re,3.491740787801779,1.7941550190597206,1.7458703939008895,2.158469945355191,0.08196721311475405,1.0792349726775956,-0.6649999999999999,0.517,2.4083747894983847,1.4103591640670294,1.2041873947491923,4.846153846153846,0.9230769230769231,2.423076923076923,2.4047619047619047,0.23015873015873015,1.2023809523809523,0.826,0.672,0.04300000000000001,0.219,0.068,0.048,1.5,0.25,0.75,-0.491
Sb-Os,3.718831003811944,2.0212452350698857,1.859415501905972,2.322404371584699,0.08196721311475429,1.1612021857923496,-0.20900000000000002,0.05500000000000001,2.324450211191784,1.3264345857604285,1.162225105595892,4.884615384615385,0.9615384615384616,2.4423076923076925,2.388888888888889,0.24603174603174602,1.1944444444444444,0.84,0.658,0.115,0.14700000000000002,0.078,0.038000000000000006,1.625,0.375,0.8125,-0.365
Sb-Ir,3.7156543837357052,2.0180686149936466,1.8578271918678526,2.322404371584699,0.08196721311475429,1.1612021857923496,0.288,0.454,2.0003467410208984,1.0023311155895425,1.0001733705104492,4.923076923076923,1.0,2.4615384615384617,2.3968253968253967,0.23809523809523808,1.1984126984126984,0.884,0.614,0.21200000000000002,0.05,0.115,0.0010000000000000009,1.75,0.5,0.875,-0.184
Sb-Pt,3.5806861499364677,1.8831003811944091,1.7903430749682339,2.322404371584699,0.08196721311475429,1.1612021857923496,0.23600000000000002,0.41000000000000003,1.6261093780194902,0.6280937525881345,0.8130546890097451,4.961538461538462,1.0384615384615385,2.480769230769231,2.4206349206349205,0.21428571428571427,1.2103174603174602,1.0110000000000001,0.487,0.33599999999999997,0.07399999999999998,0.152,0.036,1.875,0.625,0.9375,-0.152
Sb-Au,3.301143583227446,1.6035578144853877,1.650571791613723,2.4316939890710376,0.19125683060109294,1.2158469945355188,0.04500000000000001,0.221,1.2373950252601937,0.23937939982883796,0.6186975126300969,5.0,1.0769230769230769,2.5,2.4603174603174605,0.1746031746031746,1.2301587301587302,1.206,0.292,0.428,0.16599999999999998,0.196,0.08000000000000002,2.0,0.75,1.0,-0.205
Sb-U,3.275730622617535,1.5781448538754768,1.6378653113087676,2.0491803278688523,0.1912568306010928,1.0245901639344261,-1.3559999999999999,1.218,1.2764972531264664,0.27848162769511087,0.6382486265632332,5.5,1.5769230769230769,2.75,2.6666666666666665,0.031746031746031744,1.3333333333333333,1.9969999999999999,0.499,0.36,0.098,0.131,0.014999999999999993,1.375,0.125,0.6875,-0.85
Sb-Np,3.4155019059720457,1.7179161372299872,1.7077509529860229,1.8306010928961747,0.40983606557377034,0.9153005464480873,-2.694,2.5540000000000003,1.0053987797808022,0.00738315434944646,0.5026993898904011,5.538461538461538,1.6153846153846154,2.769230769230769,2.6746031746031744,0.03968253968253968,1.3373015873015872,2.035,0.537,0.378,0.11599999999999999,0.113,0.0030000000000000027,1.5,0.25,0.75,-0.78
Te-Te,1.583735705209657,0.0,0.7918678526048285,2.2950819672131146,0.0,1.1475409836065573,-0.106,0.0,0.7980123126190541,0.0,0.39900615630952707,4.0,0.0,2.0,2.5396825396825395,0.0,1.2698412698412698,1.602,0.0,0.392,0.0,0.062,0.0,1.5,0.0,0.75,-1.07
Te-Hf,2.4818297331639134,0.8980940279542567,1.2409148665819567,1.8579234972677596,0.4371584699453552,0.9289617486338798,-0.5850000000000001,0.48300000000000004,1.782740247908787,0.9847279352897331,0.8913701239543935,4.769230769230769,0.7692307692307693,2.3846153846153846,2.5317460317460316,0.007936507936507936,1.2658730158730158,1.447,0.15500000000000003,0.048000000000000015,0.344,0.104,0.041999999999999996,1.25,0.25,0.625,-0.415
Te-Ta,2.8757306226175348,1.291994917407878,1.4378653113087674,1.9672131147540983,0.3278688524590164,0.9836065573770492,-0.778,0.6759999999999999,2.2156143886480963,1.4176020760290424,1.1078071943240482,4.8076923076923075,0.8076923076923077,2.4038461538461537,2.4285714285714284,0.1111111111111111,1.2142857142857142,1.122,0.48000000000000004,0.016000000000000014,0.376,0.07100000000000001,0.009000000000000001,1.375,0.125,0.6875,-0.502
Te-W,3.244218551461245,1.6604828462515884,1.6221092757306226,2.076502732240437,0.21857923497267767,1.0382513661202184,-0.793,0.6869999999999999,2.4348121359357315,1.6367998233166774,1.2174060679678658,4.846153846153846,0.8461538461538461,2.423076923076923,2.373015873015873,0.16666666666666666,1.1865079365079365,0.93,0.672,0.047000000000000014,0.345,0.047,0.015,1.5,0.0,0.75,-0.544
Te-Re,3.434815756035578,1.8510800508259213,1.717407878017789,2.1857923497267757,0.10928961748633889,1.0928961748633879,-0.658,0.5419999999999999,2.308373133092234,1.51036082047318,1.154186566546117,4.884615384615385,0.8846153846153846,2.4423076923076925,2.357142857142857,0.18253968253968253,1.1785714285714286,0.878,0.7240000000000001,0.10800000000000001,0.28400000000000003,0.041,0.020999999999999998,1.625,0.125,0.8125,-0.533
Te-Os,3.661905972045743,2.078170266836086,1.8309529860228715,2.3497267759562845,0.054644808743169446,1.1748633879781423,-0.173,0.047,2.224448554785633,1.4264362421665793,1.1122242773928166,4.923076923076923,0.9230769230769231,2.4615384615384617,2.3412698412698414,0.1984126984126984,1.1706349206349207,0.892,0.7100000000000001,0.18,0.21200000000000002,0.051000000000000004,0.011,1.75,0.25,0.875,-0.419
Te-Ir,3.6587293519695043,2.0749936467598475,1.8293646759847522,2.3497267759562845,0.054644808743169446,1.1748633879781423,0.292,0.434,1.9003450846147474,1.1023327719956935,0.9501725423073737,4.961538461538462,0.9615384615384616,2.480769230769231,2.3492063492063493,0.19047619047619047,1.1746031746031746,0.936,0.666,0.277,0.115,0.088,0.026000000000000002,1.875,0.375,0.9375,-0.25
Te-Pt,3.523761118170267,1.94002541296061,1.7618805590851334,2.3497267759562845,0.054644808743169446,1.1748633879781423,0.248,0.394,1.5261077216133394,0.7280954089942854,0.7630538608066697,5.0,1.0,2.5,2.373015873015873,0.16666666666666666,1.1865079365079365,1.0630000000000002,0.539,0.401,0.00899999999999998,0.125,0.063,2.0,0.5,1.0,-0.252
Te-Au,3.244218551461245,1.6604828462515884,1.6221092757306226,2.459016393442623,0.1639344262295081,1.2295081967213115,0.07200000000000001,0.20600000000000002,1.1373933688540427,0.33938105623498876,0.5686966844270214,5.038461538461538,1.0384615384615385,2.519230769230769,2.4126984126984126,0.12698412698412698,1.2063492063492063,1.258,0.34400000000000003,0.493,0.10099999999999998,0.169,0.10700000000000001,2.125,0.625,1.0625,-0.332
Te-U,3.218805590851334,1.6350698856416774,1.609402795425667,2.076502732240437,0.21857923497267767,1.0382513661202184,-1.306,1.234,1.1764955967203157,0.3784832841012617,0.5882477983601578,5.538461538461538,1.5384615384615385,2.769230769230769,2.619047619047619,0.07936507936507936,1.3095238095238095,2.049,0.44699999999999995,0.42500000000000004,0.033,0.104,0.041999999999999996,1.5,0.0,0.75,-0.822
Te-Np,3.358576874205845,1.774841168996188,1.6792884371029224,1.8579234972677596,0.4371584699453552,0.9289617486338798,-2.655,2.579,0.9053971233746514,0.10738481075559728,0.4526985616873257,5.576923076923077,1.5769230769230769,2.7884615384615383,2.626984126984127,0.0873015873015873,1.3134920634920635,2.087,0.485,0.443,0.05099999999999999,0.086,0.024,1.625,0.125,0.8125,-0.751
Hf-Hf,3.3799237611181705,0.0,1.6899618805590852,1.4207650273224044,0.0,0.7103825136612022,-1.1110000000000002,0.0010000000000000009,2.7674681831985204,0.0,1.3837340915992602,5.538461538461538,0.0,2.769230769230769,2.5238095238095237,0.0,1.2619047619047619,1.292,0.0,-0.296,0.0,0.146,0.0,1.0,0.0,0.5,-0.516
Hf-Ta,3.7738246505717914,0.39390088945362106,1.8869123252858957,1.530054644808743,0.10928961748633877,0.7650273224043715,-1.2890000000000001,0.20299999999999996,3.2003423239378295,0.43287414073930924,1.6001711619689147,5.576923076923077,0.038461538461538464,2.7884615384615383,2.4206349206349205,0.10317460317460317,1.2103174603174602,0.9670000000000001,0.325,-0.32799999999999996,0.032,0.11299999999999999,0.032999999999999995,1.125,0.125,0.5625,-0.52
Hf-W,4.142312579415502,0.7623888182973316,2.071156289707751,1.639344262295082,0.21857923497267753,0.819672131147541,-1.268,0.19799999999999995,3.419540071225464,0.6520718880269442,1.709770035612732,5.615384615384615,0.07692307692307693,2.8076923076923075,2.365079365079365,0.15873015873015872,1.1825396825396826,0.775,0.517,-0.297,0.0010000000000000009,0.089,0.056999999999999995,1.25,0.25,0.625,-0.476
Hf-Re,4.332909783989835,0.9529860228716646,2.1664548919949174,1.7486338797814207,0.3278688524590163,0.8743169398907104,-1.058,0.026000000000000023,3.2931010683819673,0.525632885183447,1.6465505341909836,5.653846153846154,0.11538461538461539,2.826923076923077,2.3492063492063493,0.1746031746031746,1.1746031746031746,0.723,0.5690000000000001,-0.236,0.06,0.08299999999999999,0.063,1.375,0.375,0.6875,-0.377
Hf-Os,4.56,1.1800762388818296,2.28,1.9125683060109289,0.49180327868852464,0.9562841530054644,-0.603,0.40700000000000003,3.2091764900753663,0.4417083068768462,1.6045882450376832,5.6923076923076925,0.15384615384615385,2.8461538461538463,2.3333333333333335,0.19047619047619047,1.1666666666666667,0.737,0.555,-0.16399999999999998,0.132,0.093,0.05299999999999999,1.5,0.5,0.75,-0.195
Hf-Ir,4.556823379923761,1.176899618805591,2.2784116899618807,1.9125683060109289,0.49180327868852464,0.9562841530054644,-0.09100000000000003,0.931,2.8850730199044805,0.1176048367059603,1.4425365099522403,5.730769230769231,0.19230769230769232,2.8653846153846154,2.3412698412698414,0.18253968253968253,1.1706349206349207,0.781,0.511,-0.06699999999999999,0.22899999999999998,0.13,0.015999999999999993,1.625,0.625,0.8125,-0.014
Hf-Pt,4.421855146124523,1.0419313850063532,2.2109275730622615,1.9125683060109289,0.49180327868852464,0.9562841530054644,-0.16400000000000003,0.884,2.5108356569030725,0.25663252629544775,1.2554178284515363,5.769230769230769,0.23076923076923078,2.8846153846153846,2.365079365079365,0.15873015873015872,1.1825396825396826,0.908,0.384,0.056999999999999995,0.353,0.16699999999999998,0.021000000000000005,1.75,0.75,0.875,-0.008
Hf-Au,4.142312579415502,0.7623888182973316,2.071156289707751,2.021857923497268,0.6010928961748633,1.010928961748634,-0.362,0.682,2.122121304143776,0.6453468790547443,1.061060652071888,5.8076923076923075,0.2692307692307692,2.9038461538461537,2.4047619047619047,0.11904761904761904,1.2023809523809523,1.103,0.189,0.149,0.44499999999999995,0.21100000000000002,0.06500000000000002,1.875,0.875,0.9375,-0.121
Hf-U,4.116899618805592,0.7369758576874207,2.058449809402796,1.639344262295082,0.21857923497267753,0.819672131147541,-1.935,0.7770000000000001,2.161223532010049,0.6062446511884714,1.0806117660050245,6.3076923076923075,0.7692307692307693,3.1538461538461537,2.611111111111111,0.0873015873015873,1.3055555555555556,1.8940000000000001,0.602,0.08100000000000002,0.377,0.146,0.0,1.25,0.25,0.625,-0.618
Hf-Np,4.256670902160102,0.8767471410419312,2.128335451080051,1.4207650273224044,0.0,0.7103825136612022,-3.293,2.127,1.8901250586643845,0.8773431245341358,0.9450625293321923,6.346153846153846,0.8076923076923077,3.173076923076923,2.619047619047619,0.09523809523809523,1.3095238095238095,1.932,0.64,0.099,0.395,0.128,0.017999999999999995,1.375,0.375,0.6875,-0.536
Ta-Ta,4.167725540025413,0.0,2.0838627700127064,1.639344262295082,0.0,0.819672131147541,-1.468,0.0,3.6332164646771385,0.0,1.8166082323385693,5.615384615384615,0.0,2.8076923076923075,2.3174603174603177,0.0,1.1587301587301588,0.642,0.0,-0.36,0.0,0.08,0.0,1.25,0.0,0.625,-0.507
Ta-W,4.536213468869123,0.36848792884371057,2.2681067344345616,1.7486338797814207,0.10928961748633877,0.8743169398907104,-1.41,0.008000000000000007,3.8524142119647737,0.21919774728763491,1.9262071059823869,5.653846153846154,0.038461538461538464,2.826923076923077,2.261904761904762,0.05555555555555555,1.130952380952381,0.45,0.192,-0.32899999999999996,0.031,0.056,0.024,1.375,0.125,0.6875,-0.465
Ta-Re,4.726810673443456,0.5590851334180434,2.363405336721728,1.8579234972677594,0.21857923497267753,0.9289617486338797,-1.17,0.17200000000000004,3.7259752091212763,0.0927587444441377,1.8629876045606382,5.6923076923076925,0.07692307692307693,2.8461538461538463,2.246031746031746,0.07142857142857142,1.123015873015873,0.398,0.244,-0.268,0.092,0.05,0.03,1.5,0.25,0.75,-0.376
Ta-Os,4.953900889453622,0.7861753494282084,2.476950444726811,2.021857923497268,0.3825136612021859,1.010928961748634,-0.7030000000000001,0.623,3.642050630814676,0.008834166137536924,1.821025315407338,5.730769230769231,0.11538461538461539,2.8653846153846154,2.2301587301587302,0.0873015873015873,1.1150793650793651,0.41200000000000003,0.23,-0.196,0.16399999999999998,0.06,0.02,1.625,0.375,0.8125,-0.216
Ta-Ir,4.950724269377382,0.7829987293519698,2.475362134688691,2.021857923497268,0.3825136612021859,1.010928961748634,-0.27899999999999997,1.119,3.3179471606437896,0.31526930403334896,1.6589735803218948,5.769230769230769,0.15384615384615385,2.8846153846153846,2.238095238095238,0.07936507936507936,1.119047619047619,0.456,0.186,-0.09899999999999999,0.261,0.097,0.017,1.75,0.5,0.875,-0.063
Ta-Pt,4.815756035578144,0.6480304955527321,2.407878017789072,2.021857923497268,0.3825136612021859,1.010928961748634,-0.355,1.077,2.9437097976423816,0.6895066670347569,1.4718548988211908,5.8076923076923075,0.19230769230769232,2.9038461538461537,2.261904761904762,0.05555555555555555,1.130952380952381,0.583,0.059,0.024999999999999994,0.385,0.134,0.054,1.875,0.625,0.9375,-0.128
Ta-Au,4.536213468869123,0.36848792884371057,2.2681067344345616,2.1311475409836063,0.4918032786885245,1.0655737704918031,-0.5469999999999999,0.877,2.554995444883085,1.0782210197940536,1.2774977224415425,5.846153846153846,0.23076923076923078,2.923076923076923,2.3015873015873014,0.015873015873015872,1.1507936507936507,0.778,0.136,0.11699999999999999,0.477,0.17800000000000002,0.098,2.0,0.75,1.0,-0.291
Ta-U,4.510800508259212,0.34307496823379957,2.255400254129606,1.7486338797814207,0.10928961748633877,0.8743169398907104,-2.0869999999999997,0.599,2.594097672749358,1.0391187919277807,1.297048836374679,6.346153846153846,0.7307692307692307,3.173076923076923,2.507936507936508,0.19047619047619047,1.253968253968254,1.569,0.927,0.049000000000000016,0.40900000000000003,0.11299999999999999,0.032999999999999995,1.375,0.125,0.6875,-0.685
Ta-Np,4.650571791613722,0.4828462515883101,2.325285895806861,1.530054644808743,0.10928961748633877,0.7650273224043715,-3.407,1.9210000000000003,2.322999199403694,1.310217265273445,1.161499599701847,6.384615384615385,0.7692307692307693,3.1923076923076925,2.515873015873016,0.1984126984126984,1.257936507936508,1.607,0.9650000000000001,0.067,0.427,0.095,0.015,1.5,0.25,0.75,-0.608
W-W,4.9047013977128335,0.0,2.4523506988564168,1.8579234972677594,0.0,0.9289617486338797,-1.312,0.0,4.071611959252409,0.0,2.0358059796262045,5.6923076923076925,0.0,2.8461538461538463,2.2063492063492065,0.0,1.1031746031746033,0.258,0.0,-0.298,0.0,0.032,0.0,1.5,0.0,0.75,-0.438
W-Re,5.0952986022871665,0.1905972045743329,2.5476493011435832,1.967213114754098,0.10928961748633877,0.983606557377049,-1.092,0.15999999999999998,3.9451729564089115,0.1264390028434972,1.9725864782044558,5.730769230769231,0.038461538461538464,2.8653846153846154,2.1904761904761907,0.015873015873015872,1.0952380952380953,0.20600000000000002,0.052000000000000005,-0.237,0.061,0.026000000000000002,0.006,1.625,0.125,0.8125,-0.374
W-Os,5.322388818297331,0.4176874205844979,2.6611944091486657,2.1311475409836067,0.27322404371584713,1.0655737704918034,-0.643,0.655,3.8612483781023106,0.21036358115009798,1.9306241890511553,5.769230769230769,0.07692307692307693,2.8846153846153846,2.1746031746031744,0.031746031746031744,1.0873015873015872,0.22,0.038000000000000006,-0.16499999999999998,0.133,0.036000000000000004,0.004,1.75,0.25,0.875,-0.247
W-Ir,5.319212198221093,0.4145108005082592,2.6596060991105466,2.1311475409836067,0.27322404371584713,1.0655737704918034,-0.29,1.1159999999999999,3.5371449079314248,0.5344670513209839,1.7685724539657124,5.8076923076923075,0.11538461538461539,2.9038461538461537,2.1825396825396823,0.023809523809523808,1.0912698412698412,0.264,0.006000000000000005,-0.06799999999999999,0.22999999999999998,0.07300000000000001,0.041,1.875,0.375,0.9375,-0.139
W-Pt,5.184243964421855,0.2795425667090215,2.5921219822109274,2.1311475409836067,0.27322404371584713,1.0655737704918034,-0.357,1.087,3.162907544930017,0.9087044143223919,1.5814537724650084,5.846153846153846,0.15384615384615385,2.923076923076923,2.2063492063492065,0.0,1.1031746031746033,0.391,0.133,0.055999999999999994,0.354,0.11,0.078,2.0,0.5,1.0,-0.255
W-Au,4.9047013977128335,0.0,2.4523506988564168,2.240437158469945,0.3825136612021858,1.1202185792349726,-0.5589999999999999,0.889,2.7741931921707197,1.2974187670816884,1.3870965960853598,5.884615384615385,0.19230769230769232,2.9423076923076925,2.246031746031746,0.03968253968253968,1.123015873015873,0.5860000000000001,0.328,0.148,0.44599999999999995,0.15400000000000003,0.12200000000000001,2.125,0.625,1.0625,-0.433
W-U,4.8792884371029235,0.025412960609910964,2.4396442185514617,1.8579234972677594,0.0,0.9289617486338797,-2.019,0.619,2.813295420036993,1.2583165392154156,1.4066477100184964,6.384615384615385,0.6923076923076923,3.1923076923076925,2.4523809523809526,0.24603174603174602,1.2261904761904763,1.377,1.119,0.08000000000000002,0.378,0.089,0.056999999999999995,1.5,0.0,0.75,-0.714
W-Np,5.019059720457434,0.11435832274459956,2.509529860228717,1.639344262295082,0.21857923497267753,0.819672131147541,-3.3,1.912,2.5421969466913286,1.52941501256108,1.2710984733456643,6.423076923076923,0.7307692307692307,3.2115384615384617,2.4603174603174605,0.25396825396825395,1.2301587301587302,1.415,1.157,0.098,0.396,0.07100000000000001,0.039,1.625,0.125,0.8125,-0.647
Re-Re,5.285895806861499,0.0,2.6429479034307497,2.076502732240437,0.0,1.0382513661202184,-0.948,0.0,3.818733953565414,0.0,1.909366976782707,5.769230769230769,0.0,2.8846153846153846,2.1746031746031744,0.0,1.0873015873015872,0.154,0.0,-0.176,0.0,0.02,0.0,1.75,0.0,0.875,-0.358
Re-Os,5.512986022871664,0.227090216010165,2.756493011435832,2.240437158469945,0.16393442622950832,1.1202185792349726,-0.496,0.51,3.734809375258813,0.08392457830660077,1.8674046876294066,5.8076923076923075,0.038461538461538464,2.9038461538461537,2.1587301587301586,0.015873015873015872,1.0793650793650793,0.16799999999999998,0.013999999999999999,-0.104,0.072,0.03,0.01,1.875,0.125,0.9375,-0.265
Re-Ir,5.509809402795426,0.2239135959339263,2.754904701397713,2.240437158469945,0.16393442622950832,1.1202185792349726,-0.17899999999999994,0.971,3.4107059050879274,0.40802804847748664,1.7053529525439637,5.846153846153846,0.07692307692307693,2.923076923076923,2.1666666666666665,0.007936507936507936,1.0833333333333333,0.21200000000000002,0.05800000000000001,-0.006999999999999992,0.16899999999999998,0.067,0.047,2.0,0.25,1.0,-0.219
Re-Pt,5.374841168996188,0.0889453621346886,2.687420584498094,2.240437158469945,0.16393442622950832,1.1202185792349726,-0.22099999999999997,0.959,3.0364685420865194,0.7822654114788947,1.5182342710432597,5.884615384615385,0.11538461538461539,2.9423076923076925,2.1904761904761907,0.015873015873015872,1.0952380952380953,0.339,0.185,0.11699999999999999,0.293,0.104,0.084,2.125,0.375,1.0625,-0.365
Re-Au,5.0952986022871665,0.1905972045743329,2.5476493011435832,2.349726775956284,0.27322404371584696,1.174863387978142,-0.43999999999999995,0.754,2.6477541893272227,1.1709797642381912,1.3238770946636114,5.923076923076923,0.15384615384615385,2.9615384615384617,2.2301587301587302,0.05555555555555555,1.1150793650793651,0.534,0.38,0.209,0.385,0.14800000000000002,0.128,2.25,0.5,1.125,-0.53
Re-U,5.069885641677256,0.21601016518424387,2.534942820838628,1.967213114754098,0.10928961748633877,0.983606557377049,-1.7120000000000002,0.778,2.686856417193496,1.1318775363719182,1.343428208596748,6.423076923076923,0.6538461538461539,3.2115384615384617,2.4365079365079363,0.2619047619047619,1.2182539682539681,1.325,1.171,0.14100000000000001,0.317,0.08299999999999999,0.063,1.625,0.125,0.8125,-0.669
Re-Np,5.209656925031766,0.07623888182973335,2.604828462515883,1.7486338797814207,0.3278688524590163,0.8743169398907104,-2.9539999999999997,2.05,2.4157579438478316,1.4029760097175827,1.2078789719239158,6.461538461538462,0.6923076923076923,3.230769230769231,2.4444444444444446,0.2698412698412698,1.2222222222222223,1.363,1.209,0.159,0.33499999999999996,0.065,0.045,1.75,0.0,0.875,-0.62
Os-Os,5.740076238881829,0.0,2.8700381194409146,2.4043715846994536,0.0,1.2021857923497268,-0.18,0.0,3.6508847969522127,0.0,1.8254423984761063,5.846153846153846,0.0,2.923076923076923,2.142857142857143,0.0,1.0714285714285714,0.182,0.0,-0.032,0.0,0.04,0.0,2.0,0.0,1.0,-0.239
Os-Ir,5.736899618805591,0.0031766200762387013,2.8684498094027955,2.4043715846994536,0.0,1.2021857923497268,0.218,0.544,3.326781326781327,0.32410347017088587,1.6633906633906634,5.884615384615385,0.038461538461538464,2.9423076923076925,2.1507936507936507,0.007936507936507936,1.0753968253968254,0.226,0.04400000000000001,0.065,0.097,0.077,0.037000000000000005,2.125,0.125,1.0625,-0.284
Os-Pt,5.601931385006353,0.1381448538754764,2.8009656925031763,2.4043715846994536,0.0,1.2021857923497268,0.24500000000000002,0.533,2.952543963779919,0.6983408331722939,1.4762719818899595,5.923076923076923,0.07692307692307693,2.9615384615384617,2.1746031746031744,0.031746031746031744,1.0873015873015872,0.353,0.171,0.189,0.22099999999999997,0.114,0.074,2.25,0.25,1.125,-0.429
Os-Au,5.322388818297331,0.4176874205844979,2.6611944091486657,2.513661202185792,0.10928961748633864,1.256830601092896,-0.013000000000000012,0.327,2.563829611020622,1.0870551859315905,1.281914805510311,5.961538461538462,0.11538461538461539,2.980769230769231,2.2142857142857144,0.07142857142857142,1.1071428571428572,0.548,0.366,0.28099999999999997,0.313,0.158,0.11800000000000001,2.375,0.375,1.1875,-0.534
Os-U,5.296975857687421,0.44310038119440887,2.6484879288437106,2.1311475409836067,0.27322404371584713,1.0655737704918034,-1.093,1.275,2.602931838886895,1.0479529580653175,1.3014659194434475,6.461538461538462,0.6153846153846154,3.230769230769231,2.4206349206349205,0.2777777777777778,1.2103174603174602,1.339,1.157,0.21300000000000002,0.245,0.093,0.05299999999999999,1.75,0.25,0.875,-0.466
Os-Np,5.4367471410419315,0.30332909783989837,2.7183735705209657,1.9125683060109289,0.49180327868852464,0.9562841530054644,-2.332,2.55,2.3318333655412307,1.3190514314109818,1.1659166827706153,6.5,0.6538461538461539,3.25,2.4285714285714284,0.2857142857142857,1.2142857142857142,1.377,1.195,0.23099999999999998,0.263,0.075,0.035,1.875,0.125,0.9375,-0.433
Ir-Ir,5.733722998729352,0.0,2.866861499364676,2.4043715846994536,0.0,1.2021857923497268,0.912,0.0,3.0026778566104406,0.0,1.5013389283052203,5.923076923076923,0.0,2.9615384615384617,2.1587301587301586,0.0,1.0793650793650793,0.27,0.0,0.162,0.0,0.114,0.0,2.25,0.0,1.125,-0.317
Ir-Pt,5.598754764930115,0.1349682337992377,2.7993773824650576,2.4043715846994536,0.0,1.2021857923497268,0.9359999999999999,0.07800000000000001,2.6284404936090326,0.37423736300140803,1.3142202468045163,5.961538461538462,0.038461538461538464,2.980769230769231,2.1825396825396823,0.023809523809523808,1.0912698412698412,0.397,0.127,0.286,0.12399999999999999,0.151,0.037,2.375,0.125,1.1875,-0.357
Ir-Au,5.319212198221093,0.4145108005082592,2.6596060991105466,2.513661202185792,0.10928961748633864,1.256830601092896,0.681,0.311,2.2397261408497364,0.7629517157607045,1.1198630704248682,6.0,0.07692307692307693,3.0,2.2222222222222223,0.06349206349206349,1.1111111111111112,0.5920000000000001,0.322,0.378,0.21599999999999997,0.195,0.08100000000000002,2.5,0.25,1.25,-0.384
Ir-U,5.293799237611181,0.43992376111817016,2.6468996188055907,2.1311475409836067,0.27322404371584713,1.0655737704918034,-0.7569999999999999,1.675,2.278828368716009,0.7238494878944317,1.1394141843580046,6.5,0.5769230769230769,3.25,2.4285714285714284,0.2698412698412698,1.2142857142857142,1.383,1.113,0.31,0.14800000000000002,0.13,0.015999999999999993,1.875,0.375,0.9375,-0.272
Ir-Np,5.433570520965692,0.30015247776365966,2.716785260482846,1.9125683060109289,0.49180327868852464,0.9562841530054644,-2.037,2.989,2.007729895370345,0.994947961240096,1.0038649476851724,6.538461538461538,0.6153846153846154,3.269230769230769,2.4365079365079363,0.2777777777777778,1.2182539682539681,1.421,1.151,0.328,0.16599999999999998,0.112,0.0020000000000000018,2.0,0.25,1.0,-0.251
Pt-Pt,5.463786531130877,0.0,2.7318932655654384,2.4043715846994536,0.0,1.2021857923497268,0.874,0.0,2.2542031306076247,0.0,1.1271015653038123,6.0,0.0,3.0,2.2063492063492065,0.0,1.1031746031746033,0.524,0.0,0.41,0.0,0.188,0.0,2.5,0.0,1.25,-0.329
Pt-Au,5.184243964421855,0.2795425667090215,2.5921219822109274,2.513661202185792,0.10928961748633864,1.256830601092896,0.541,0.227,1.8654887778483282,0.38871435275929656,0.9327443889241641,6.038461538461538,0.038461538461538464,3.019230769230769,2.246031746031746,0.03968253968253968,1.123015873015873,0.7190000000000001,0.195,0.502,0.092,0.232,0.04400000000000001,2.625,0.125,1.3125,-0.281
Pt-U,5.158831003811944,0.3049555273189325,2.579415501905972,2.1311475409836067,0.27322404371584713,1.0655737704918034,-0.9149999999999999,1.6589999999999998,1.9045910057146012,0.3496121248930237,0.9522955028573006,6.538461538461538,0.5384615384615384,3.269230769230769,2.4523809523809526,0.24603174603174602,1.2261904761904763,1.51,0.986,0.434,0.02400000000000002,0.16699999999999998,0.021000000000000005,2.0,0.5,1.0,-0.342
Pt-Np,5.298602287166455,0.16518424396442194,2.6493011435832274,1.9125683060109289,0.49180327868852464,0.9562841530054644,-2.189,2.963,1.6334925323689369,0.620710598238688,0.8167462661844684,6.576923076923077,0.5769230769230769,3.2884615384615383,2.4603174603174605,0.25396825396825395,1.2301587301587302,1.548,1.024,0.45199999999999996,0.04200000000000001,0.149,0.039,2.125,0.375,1.0625,-0.319
Au-Au,4.9047013977128335,0.0,2.4523506988564168,2.622950819672131,0.0,1.3114754098360655,0.282,0.0,1.4767744250890318,0.0,0.7383872125445159,6.076923076923077,0.0,3.0384615384615383,2.2857142857142856,0.0,1.1428571428571428,0.914,0.0,0.594,0.0,0.276,0.0,2.75,0.0,1.375,-0.113
Au-U,4.8792884371029235,0.025412960609910964,2.4396442185514617,2.240437158469945,0.3825136612021858,1.1202185792349726,-1.164,1.486,1.5158766529553045,0.0391022278662729,0.7579383264776522,6.576923076923077,0.5,3.2884615384615383,2.492063492063492,0.20634920634920634,1.246031746031746,1.705,0.7909999999999999,0.526,0.06799999999999998,0.21100000000000002,0.06500000000000002,2.125,0.625,1.0625,-0.515
Au-Np,5.019059720457434,0.11435832274459956,2.509529860228717,2.021857923497268,0.6010928961748633,1.010928961748634,-2.427,2.765,1.2447781796096402,0.23199624547939152,0.6223890898048201,6.615384615384615,0.5384615384615384,3.3076923076923075,2.5,0.21428571428571427,1.25,1.743,0.829,0.544,0.04999999999999999,0.193,0.08300000000000002,2.25,0.5,1.125,-0.499
U-U,4.853875476493012,0.0,2.426937738246506,1.8579234972677594,0.0,0.9289617486338797,-2.76,0.0020000000000000018,1.5549788808215774,0.0,0.7774894404107887,7.076923076923077,0.0,3.5384615384615383,2.6984126984126986,0.0,1.3492063492063493,2.496,0.0,0.458,0.0,0.146,0.0,1.5,0.0,0.75,-0.643
U-Np,4.993646759847522,0.13977128335451053,2.496823379923761,1.639344262295082,0.21857923497267753,0.819672131147541,-3.904,1.2540000000000002,1.2838804074759131,0.2710984733456644,0.6419402037379566,7.115384615384615,0.038461538461538464,3.5576923076923075,2.7063492063492065,0.007936507936507936,1.3531746031746033,2.534,0.038000000000000034,0.476,0.017999999999999988,0.128,0.017999999999999995,1.625,0.125,0.8125,-0.564
Np-Np,5.133418043202033,0.0,2.5667090216010164,1.4207650273224044,0.0,0.7103825136612022,-4.943,0.0009999999999998899,1.0127819341302486,0.0,0.5063909670651243,7.153846153846154,0.0,3.576923076923077,2.7142857142857144,0.0,1.3571428571428572,2.572,0.0,0.494,0.0,0.11,0.0,1.75,0.0,0.875,-0.569
