Elements,Density_1,Density_2,Melting_1,Melting_2,Number_1,Number_2,Eneg_1,Eneg_2,Valence_1,Valence_2,Radius_1,Radius_2,Magnetic_1,Magnetic_2,Vacancy_11,Vacancy_12,Vacancy_13,Vacancy_21,Vacancy_22,Vacancy_23,Density_Fe,Melting_Fe,Eneg_Fe,Number_Fe,Radius_Fe,Valence_Fe,Distance_sub_sub,Energy_binding
Be-Be,1.85,1.85,1560.15,1560.15,4,4,1.57,1.57,2,2,112.0,112.0,-0.123,-0.123,0.107,0.144,-0.008,0.107,0.144,-0.008,7.87,1811.15,1.83,26,126.0,8,2.4383678444855983,0.062
Be-B,1.85,2.34,1560.15,2350.15,4,5,1.57,2.04,2,3,112.0,98.0,-0.127,-0.131,0.107,0.144,-0.008,0.172,0.323,-0.065,7.87,1811.15,1.83,26,126.0,8,2.6670042799796434,0.057
Be-Al,1.85,2.7,1560.15,933.473,4,13,1.57,1.61,2,3,112.0,143.0,-0.122,-0.069,0.107,0.144,-0.008,0.349,0.02,0.062,7.87,1811.15,1.83,26,126.0,8,2.5418436512427625,0.108
Be-Si,1.85,2.3296,1560.15,1687.15,4,14,1.57,1.9,2,4,112.0,138.0,-0.121,-0.082,0.107,0.144,-0.008,0.295,0.125,0.004,7.87,1811.15,1.83,26,126.0,8,2.532471073598281,0.012
Be-P,1.85,2.69,1560.15,689.15,4,15,1.57,2.19,2,5,112.0,128.0,-0.126,-0.053,0.107,0.144,-0.008,0.369,0.256,-0.021,7.87,1811.15,1.83,26,126.0,8,2.6004732672122226,-0.032
Be-S,1.85,2.07,1560.15,388.36,4,16,1.57,2.58,2,6,112.0,127.0,-0.136,0.017,0.107,0.144,-0.008,0.573,0.377,0.004,7.87,1811.15,1.83,26,126.0,8,2.8177419401138883,0.078
Be-Sc,1.85,2.99,1560.15,1814.15,4,21,1.57,1.36,2,3,112.0,162.0,-0.137,-0.511,0.107,0.144,-0.008,0.709,-0.121,0.08,7.87,1811.15,1.83,26,126.0,8,2.628783586866168,0.127
Be-Ti,1.85,4.506,1560.15,1943.15,4,22,1.57,1.54,2,4,112.0,147.0,-0.131,-0.922,0.107,0.144,-0.008,0.261,-0.16,0.016,7.87,1811.15,1.83,26,126.0,8,2.587915473330284,-0.028
Be-V,1.85,6.0,1560.15,2183.15,4,23,1.57,1.63,2,5,112.0,134.0,-0.125,-1.397,0.107,0.144,-0.008,0.056,-0.086,-0.008,7.87,1811.15,1.83,26,126.0,8,2.543216411854037,-0.1
Be-Cr,1.85,7.15,1560.15,2180.15,4,24,1.57,1.66,2,6,112.0,128.0,-0.118,-1.919,0.107,0.144,-0.008,0.05,0.005,-0.002,7.87,1811.15,1.83,26,126.0,8,2.5267388167708806,-0.089
Be-Mn,1.85,7.3,1560.15,1519.15,4,25,1.57,1.55,2,7,112.0,127.0,-0.112,-2.491,0.107,0.144,-0.008,0.132,0.094,0.019,7.87,1811.15,1.83,26,126.0,8,2.5204104275972767,0.004
Be-Co,1.85,8.86,1560.15,1768.15,4,27,1.57,1.88,2,9,112.0,125.0,-0.131,1.67,0.107,0.144,-0.008,-0.01,0.113,0.016,7.87,1811.15,1.83,26,126.0,8,2.4119661188679924,-0.009
Be-Ni,1.85,8.9,1560.15,1728.15,4,28,1.57,1.91,2,10,112.0,124.0,-0.125,0.826,0.107,0.144,-0.008,0.105,0.22,0.046,7.87,1811.15,1.83,26,126.0,8,2.41543061746773,0.049
Be-Cu,1.85,8.96,1560.15,1357.77,4,29,1.57,1.9,2,11,112.0,128.0,-0.125,0.117,0.107,0.144,-0.008,0.254,0.219,0.054,7.87,1811.15,1.83,26,126.0,8,2.4112749244537506,0.187
Be-Zn,1.85,7.134,1560.15,692.6769999999999,4,30,1.57,1.65,2,12,112.0,134.0,-0.123,-0.073,0.107,0.144,-0.008,0.327,0.112,0.043,7.87,1811.15,1.83,26,126.0,8,2.4892395812083965,0.135
Be-Ga,1.85,5.91,1560.15,302.91459999999995,4,31,1.57,1.81,2,3,112.0,140.0,-0.122,-0.161,0.107,0.144,-0.008,0.403,0.093,0.04,7.87,1811.15,1.83,26,126.0,8,2.5472981324408033,0.102
Be-Ge,1.85,5.3234,1560.15,1211.4,4,32,1.57,2.01,2,4,112.0,144.0,-0.121,-0.11,0.107,0.144,-0.008,0.467,0.158,0.031,7.87,1811.15,1.83,26,126.0,8,2.5734792042183745,0.06
Be-As,1.85,5.75,1560.15,1090.15,4,33,1.57,2.18,2,5,112.0,148.0,-0.124,-0.066,0.107,0.144,-0.008,0.536,0.228,0.011,7.87,1811.15,1.83,26,126.0,8,2.6161197311834847,-0.001
Be-Se,1.85,4.819,1560.15,494.15,4,34,1.57,2.55,2,6,112.0,140.0,-0.128,-0.014,0.107,0.144,-0.008,0.675,0.308,0.014,7.87,1811.15,1.83,26,126.0,8,2.690706021852283,0.018
Be-Zr,1.85,6.52,1560.15,2127.15,4,40,1.57,1.33,2,4,112.0,160.0,-0.133,-0.422,0.107,0.144,-0.008,0.745,-0.091,0.065,7.87,1811.15,1.83,26,126.0,8,2.661386441556526,0.052
Be-Nb,1.85,8.57,1560.15,2750.15,4,41,1.57,1.6,2,5,112.0,146.0,-0.127,-0.715,0.107,0.144,-0.008,0.395,-0.142,0.053,7.87,1811.15,1.83,26,126.0,8,2.6206244937693066,-0.03
Be-Mo,1.85,10.2,1560.15,2895.15,4,42,1.57,2.16,2,6,112.0,139.0,-0.12,-0.796,0.107,0.144,-0.008,0.17,-0.117,0.026,7.87,1811.15,1.83,26,126.0,8,2.5721594692609666,-0.085
Be-Ru,1.85,12.1,1560.15,2606.15,4,44,1.57,2.2,2,8,112.0,134.0,-0.115,0.169,0.107,0.144,-0.008,0.122,0.017,0.047,7.87,1811.15,1.83,26,126.0,8,2.4487398101662086,0.007
Be-Rh,1.85,12.4,1560.15,2236.15,4,45,1.57,2.28,2,9,112.0,134.0,-0.122,0.609,0.107,0.144,-0.008,0.157,0.11,0.066,7.87,1811.15,1.83,26,126.0,8,2.4311070491642592,0.089
Be-Pd,1.85,12.0,1560.15,1827.9499999999998,4,46,1.57,2.2,2,10,112.0,137.0,-0.123,0.351,0.107,0.144,-0.008,0.294,0.217,0.106,7.87,1811.15,1.83,26,126.0,8,2.445762341131519,0.152
Be-Sn,1.85,7.287,1560.15,505.08,4,50,1.57,1.96,2,4,112.0,163.0,-0.12,-0.178,0.107,0.144,-0.008,0.758,0.114,0.109,7.87,1811.15,1.83,26,126.0,8,2.6289372547756695,0.157
Be-Sb,1.85,6.68,1560.15,903.778,4,51,1.57,2.05,2,5,112.0,166.0,-0.121,-0.087,0.107,0.144,-0.008,0.749,0.131,0.058,7.87,1811.15,1.83,26,126.0,8,2.6499287908872,0.049
Be-Te,1.85,6.232,1560.15,722.66,4,52,1.57,2.1,2,6,112.0,160.0,-0.124,-0.067,0.107,0.144,-0.008,0.801,0.196,0.031,7.87,1811.15,1.83,26,126.0,8,2.6837538201467277,-0.014
Be-Hf,1.85,13.3,1560.15,2506.15,4,72,1.57,1.3,2,4,112.0,159.0,-0.132,-0.543,0.107,0.144,-0.008,0.646,-0.148,0.073,7.87,1811.15,1.83,26,126.0,8,2.6534502132485103,0.046
Be-Ta,1.85,16.4,1560.15,3290.15,4,73,1.57,1.5,2,5,112.0,146.0,-0.125,-0.743,0.107,0.144,-0.008,0.321,-0.18,0.04,7.87,1811.15,1.83,26,126.0,8,2.61852441487971,-0.066
Be-W,1.85,19.3,1560.15,3687.15,4,74,1.57,1.7,2,6,112.0,139.0,-0.117,-0.748,0.107,0.144,-0.008,0.129,-0.149,0.016,7.87,1811.15,1.83,26,126.0,8,2.57385684239743,-0.125
Be-Re,1.85,20.8,1560.15,3458.15,4,75,1.57,1.9,2,7,112.0,137.0,-0.11,-0.598,0.107,0.144,-0.008,0.077,-0.088,0.01,7.87,1811.15,1.83,26,126.0,8,2.527832689789162,-0.122
Be-Os,1.85,22.5872,1560.15,3306.15,4,76,1.57,2.2,2,8,112.0,135.0,-0.107,-0.194,0.107,0.144,-0.008,0.091,-0.016,0.02,7.87,1811.15,1.83,26,126.0,8,2.464976642548542,-0.051
Be-Ir,1.85,22.5622,1560.15,2719.15,4,77,1.57,2.2,2,9,112.0,136.0,-0.113,0.428,0.107,0.144,-0.008,0.135,0.081,0.057,7.87,1811.15,1.83,26,126.0,8,2.426595063406704,0.057
Be-Pt,1.85,21.5,1560.15,2041.35,4,78,1.57,2.2,2,10,112.0,139.0,-0.118,0.371,0.107,0.144,-0.008,0.262,0.205,0.094,7.87,1811.15,1.83,26,126.0,8,2.4379119697125384,0.118
Be-Au,1.85,19.3,1560.15,1337.33,4,79,1.57,2.4,2,11,112.0,144.0,-0.119,0.14,0.107,0.144,-0.008,0.457,0.297,0.138,7.87,1811.15,1.83,26,126.0,8,2.4769106646953447,0.208
Be-U,1.85,19.1,1560.15,1408.15,4,92,1.57,1.7,2,6,112.0,170.0,-0.122,-1.357,0.107,0.144,-0.008,1.248,0.229,0.073,7.87,1811.15,1.83,26,126.0,8,2.7932323937670014,-0.152
Be-Np,1.85,20.2,1560.15,917.15,4,93,1.57,1.3,2,7,112.0,171.0,-0.124,-2.792,0.107,0.144,-0.008,1.286,0.247,0.055,7.87,1811.15,1.83,26,126.0,8,2.745714029350026,-0.13
B-B,2.34,2.34,2350.15,2350.15,5,5,2.04,2.04,3,3,98.0,98.0,-0.146,-0.146,0.172,0.323,-0.065,0.172,0.323,-0.065,7.87,1811.15,1.83,26,126.0,8,3.14062965769502,0.028
B-Al,2.34,2.7,2350.15,933.473,5,13,2.04,1.61,3,3,98.0,143.0,-0.129,-0.073,0.172,0.323,-0.065,0.349,0.02,0.062,7.87,1811.15,1.83,26,126.0,8,2.719135997574335,0.143
B-Si,2.34,2.3296,2350.15,1687.15,5,14,2.04,1.9,3,4,98.0,138.0,-0.138,-0.095,0.172,0.323,-0.065,0.295,0.125,0.004,7.87,1811.15,1.83,26,126.0,8,2.866637476943527,-0.026
B-P,2.34,2.69,2350.15,689.15,5,15,2.04,2.19,3,5,98.0,128.0,-0.145,-0.066,0.172,0.323,-0.065,0.369,0.256,-0.021,7.87,1811.15,1.83,26,126.0,8,3.024859428662868,-0.044
B-S,2.34,2.07,2350.15,388.36,5,16,2.04,2.58,3,6,98.0,127.0,-0.144,0.015,0.172,0.323,-0.065,0.573,0.377,0.004,7.87,1811.15,1.83,26,126.0,8,3.146313496505097,0.2
B-Sc,2.34,2.99,2350.15,1814.15,5,21,2.04,1.36,3,3,98.0,162.0,-0.129,-0.472,0.172,0.323,-0.065,0.709,-0.121,0.08,7.87,1811.15,1.83,26,126.0,8,2.691765625888732,0.407
B-Ti,2.34,4.506,2350.15,1943.15,5,22,2.04,1.54,3,4,98.0,147.0,-0.122,-0.881,0.172,0.323,-0.065,0.261,-0.16,0.016,7.87,1811.15,1.83,26,126.0,8,2.6508090574541328,0.123
B-V,2.34,6.0,2350.15,2183.15,5,23,2.04,1.63,3,5,98.0,134.0,-0.115,-1.37,0.172,0.323,-0.065,0.056,-0.086,-0.008,7.87,1811.15,1.83,26,126.0,8,2.578790986955976,-0.043
B-Cr,2.34,7.15,2350.15,2180.15,5,24,2.04,1.66,3,6,98.0,128.0,-0.113,-1.989,0.172,0.323,-0.065,0.05,0.005,-0.002,7.87,1811.15,1.83,26,126.0,8,2.624862974277194,-0.078
B-Mn,2.34,7.3,2350.15,1519.15,5,25,2.04,1.55,3,7,98.0,127.0,-0.106,-2.735,0.172,0.323,-0.065,0.132,0.094,0.019,7.87,1811.15,1.83,26,126.0,8,2.550948452750782,0.047
B-Co,2.34,8.86,2350.15,1768.15,5,27,2.04,1.88,3,9,98.0,125.0,-0.132,1.633,0.172,0.323,-0.065,-0.01,0.113,0.016,7.87,1811.15,1.83,26,126.0,8,2.346809130264018,-0.045
B-Ni,2.34,8.9,2350.15,1728.15,5,28,2.04,1.91,3,10,98.0,124.0,-0.126,0.779,0.172,0.323,-0.065,0.105,0.22,0.046,7.87,1811.15,1.83,26,126.0,8,2.428507623205646,-0.004
B-Cu,2.34,8.96,2350.15,1357.77,5,29,2.04,1.9,3,11,98.0,128.0,-0.129,0.116,0.172,0.323,-0.065,0.254,0.219,0.054,7.87,1811.15,1.83,26,126.0,8,2.546388817198437,0.195
B-Zn,2.34,7.134,2350.15,692.6769999999999,5,30,2.04,1.65,3,12,98.0,134.0,-0.133,-0.072,0.172,0.323,-0.065,0.327,0.112,0.043,7.87,1811.15,1.83,26,126.0,8,2.735342662048019,0.164
B-Ga,2.34,5.91,2350.15,302.91459999999995,5,31,2.04,1.81,3,3,98.0,140.0,-0.135,-0.168,0.172,0.323,-0.065,0.403,0.093,0.04,7.87,1811.15,1.83,26,126.0,8,2.808843470582711,0.126
B-Ge,2.34,5.3234,2350.15,1211.4,5,32,2.04,2.01,3,4,98.0,144.0,-0.139,-0.123,0.172,0.323,-0.065,0.467,0.158,0.031,7.87,1811.15,1.83,26,126.0,8,2.8815336463041206,0.066
B-As,2.34,5.75,2350.15,1090.15,5,33,2.04,2.18,3,5,98.0,148.0,-0.143,-0.078,0.172,0.323,-0.065,0.536,0.228,0.011,7.87,1811.15,1.83,26,126.0,8,2.958217003368864,0.04
B-Se,2.34,4.819,2350.15,494.15,5,34,2.04,2.55,3,6,98.0,140.0,-0.143,-0.02,0.172,0.323,-0.065,0.675,0.308,0.014,7.87,1811.15,1.83,26,126.0,8,3.0223402047385544,0.159
B-Zr,2.34,6.52,2350.15,2127.15,5,40,2.04,1.33,3,4,98.0,160.0,-0.123,-0.403,0.172,0.323,-0.065,0.745,-0.091,0.065,7.87,1811.15,1.83,26,126.0,8,2.7058237552733417,0.351
B-Nb,2.34,8.57,2350.15,2750.15,5,41,2.04,1.6,3,5,98.0,146.0,-0.116,-0.688,0.172,0.323,-0.065,0.395,-0.142,0.053,7.87,1811.15,1.83,26,126.0,8,2.665575205350058,0.146
B-Mo,2.34,10.2,2350.15,2895.15,5,42,2.04,2.16,3,6,98.0,139.0,-0.109,-0.766,0.172,0.323,-0.065,0.17,-0.117,0.026,7.87,1811.15,1.83,26,126.0,8,2.5861083144730688,-0.009
B-Ru,2.34,12.1,2350.15,2606.15,5,44,2.04,2.2,3,8,98.0,134.0,-0.112,0.212,0.172,0.323,-0.065,0.122,0.017,0.047,7.87,1811.15,1.83,26,126.0,8,2.3641610026424487,0.037
B-Rh,2.34,12.4,2350.15,2236.15,5,45,2.04,2.28,3,9,98.0,134.0,-0.124,0.584,0.172,0.323,-0.065,0.157,0.11,0.066,7.87,1811.15,1.83,26,126.0,8,2.41031741361674,0.068
B-Pd,2.34,12.0,2350.15,1827.9499999999998,5,46,2.04,2.2,3,10,98.0,137.0,-0.128,0.337,0.172,0.323,-0.065,0.294,0.217,0.106,7.87,1811.15,1.83,26,126.0,8,2.5657971569596203,0.119
B-Sn,2.34,7.287,2350.15,505.08,5,50,2.04,1.96,3,4,98.0,163.0,-0.135,-0.188,0.172,0.323,-0.065,0.758,0.114,0.109,7.87,1811.15,1.83,26,126.0,8,2.8582217262960192,0.225
B-Sb,2.34,6.68,2350.15,903.778,5,51,2.04,2.05,3,5,98.0,166.0,-0.139,-0.097,0.172,0.323,-0.065,0.749,0.131,0.058,7.87,1811.15,1.83,26,126.0,8,2.9127105170527545,0.126
B-Te,2.34,6.232,2350.15,722.66,5,52,2.04,2.1,3,6,98.0,160.0,-0.141,-0.074,0.172,0.323,-0.065,0.801,0.196,0.031,7.87,1811.15,1.83,26,126.0,8,2.9735365412447834,0.109
B-Hf,2.34,13.3,2350.15,2506.15,5,72,2.04,1.3,3,4,98.0,159.0,-0.121,-0.508,0.172,0.323,-0.065,0.646,-0.148,0.073,7.87,1811.15,1.83,26,126.0,8,2.700433348344715,0.31
B-Ta,2.34,16.4,2350.15,3290.15,5,73,2.04,1.5,3,5,98.0,146.0,-0.114,-0.703,0.172,0.323,-0.065,0.321,-0.18,0.04,7.87,1811.15,1.83,26,126.0,8,2.65683938188045,0.088
B-W,2.34,19.3,2350.15,3687.15,5,74,2.04,1.7,3,6,98.0,139.0,-0.105,-0.716,0.172,0.323,-0.065,0.129,-0.149,0.016,7.87,1811.15,1.83,26,126.0,8,2.577465423210285,-0.068
B-Re,2.34,20.8,2350.15,3458.15,5,75,2.04,1.9,3,7,98.0,137.0,-0.098,-0.558,0.172,0.323,-0.065,0.077,-0.088,0.01,7.87,1811.15,1.83,26,126.0,8,2.4553657728878093,-0.117
B-Os,2.34,22.5872,2350.15,3306.15,5,76,2.04,2.2,3,8,98.0,135.0,-0.102,-0.154,0.172,0.323,-0.065,0.091,-0.016,0.02,7.87,1811.15,1.83,26,126.0,8,2.3556728731353815,-0.072
B-Ir,2.34,22.5622,2350.15,2719.15,5,77,2.04,2.2,3,9,98.0,136.0,-0.115,0.401,0.172,0.323,-0.065,0.135,0.081,0.057,7.87,1811.15,1.83,26,126.0,8,2.3511907842320374,0.002
B-Pt,2.34,21.5,2350.15,2041.35,5,78,2.04,2.2,3,10,98.0,139.0,-0.125,0.356,0.172,0.323,-0.065,0.262,0.205,0.094,7.87,1811.15,1.83,26,126.0,8,2.540900558597476,0.01
B-Au,2.34,19.3,2350.15,1337.33,5,79,2.04,2.4,3,11,98.0,144.0,-0.13,0.137,0.172,0.323,-0.065,0.457,0.297,0.138,7.87,1811.15,1.83,26,126.0,8,2.72544092211937,0.145
B-U,2.34,19.1,2350.15,1408.15,5,92,2.04,1.7,3,6,98.0,170.0,-0.128,-1.536,0.172,0.323,-0.065,1.248,0.229,0.073,7.87,1811.15,1.83,26,126.0,8,2.6854653604113063,0.244
B-Np,2.34,20.2,2350.15,917.15,5,93,2.04,1.3,3,7,98.0,171.0,-0.127,-2.879,0.172,0.323,-0.065,1.286,0.247,0.055,7.87,1811.15,1.83,26,126.0,8,2.6603698799407214,0.38
Al-Al,2.7,2.7,933.473,933.473,13,13,1.61,1.61,3,3,143.0,143.0,-0.069,-0.069,0.349,0.02,0.062,0.349,0.02,0.062,7.87,1811.15,1.83,26,126.0,8,2.613681614828793,-0.054
Al-Si,2.7,2.3296,933.473,1687.15,13,14,1.61,1.9,3,4,143.0,138.0,-0.07,-0.081,0.349,0.02,0.062,0.295,0.125,0.004,7.87,1811.15,1.83,26,126.0,8,2.6277291652618286,-0.14
Al-P,2.7,2.69,933.473,689.15,13,15,1.61,2.19,3,5,143.0,128.0,-0.074,-0.051,0.349,0.02,0.062,0.369,0.256,-0.021,7.87,1811.15,1.83,26,126.0,8,2.6911514780472143,-0.147
Al-S,2.7,2.07,933.473,388.36,13,16,1.61,2.58,3,6,143.0,127.0,-0.078,0.021,0.349,0.02,0.062,0.573,0.377,0.004,7.87,1811.15,1.83,26,126.0,8,2.815528372529964,0.026
Al-Sc,2.7,2.99,933.473,1814.15,13,21,1.61,1.36,3,3,143.0,162.0,-0.073,-0.508,0.349,0.02,0.062,0.709,-0.121,0.08,7.87,1811.15,1.83,26,126.0,8,2.6721643467330796,-0.128
Al-Ti,2.7,4.506,933.473,1943.15,13,22,1.61,1.54,3,4,143.0,147.0,-0.07,-0.913,0.349,0.02,0.062,0.261,-0.16,0.016,7.87,1811.15,1.83,26,126.0,8,2.635551069615657,-0.196
Al-V,2.7,6.0,933.473,2183.15,13,23,1.61,1.63,3,5,143.0,134.0,-0.067,-1.399,0.349,0.02,0.062,0.056,-0.086,-0.008,7.87,1811.15,1.83,26,126.0,8,2.6105641011103344,-0.187
Al-Cr,2.7,7.15,933.473,2180.15,13,24,1.61,1.66,3,6,143.0,128.0,-0.063,-1.936,0.349,0.02,0.062,0.05,0.005,-0.002,7.87,1811.15,1.83,26,126.0,8,2.59391288003016,-0.098
Al-Mn,2.7,7.3,933.473,1519.15,13,25,1.61,1.55,3,7,143.0,127.0,-0.061,-2.297,0.349,0.02,0.062,0.132,0.094,0.019,7.87,1811.15,1.83,26,126.0,8,2.576659146721106,0.056
Al-Co,2.7,8.86,933.473,1768.15,13,27,1.61,1.88,3,9,143.0,125.0,-0.071,1.591,0.349,0.02,0.062,-0.01,0.113,0.016,7.87,1811.15,1.83,26,126.0,8,2.4879874869618175,0.039
Al-Ni,2.7,8.9,933.473,1728.15,13,28,1.61,1.91,3,10,143.0,124.0,-0.069,0.772,0.349,0.02,0.062,0.105,0.22,0.046,7.87,1811.15,1.83,26,126.0,8,2.4791837294997956,0.168
Al-Cu,2.7,8.96,933.473,1357.77,13,29,1.61,1.9,3,11,143.0,128.0,-0.07,0.122,0.349,0.02,0.062,0.254,0.219,0.054,7.87,1811.15,1.83,26,126.0,8,2.48904452709102,0.236
Al-Zn,2.7,7.134,933.473,692.6769999999999,13,30,1.61,1.65,3,12,143.0,134.0,-0.07,-0.072,0.349,0.02,0.062,0.327,0.112,0.043,7.87,1811.15,1.83,26,126.0,8,2.552570207888516,0.065
Al-Ga,2.7,5.91,933.473,302.91459999999995,13,31,1.61,1.81,3,3,143.0,140.0,-0.07,-0.16,0.349,0.02,0.062,0.403,0.093,0.04,7.87,1811.15,1.83,26,126.0,8,2.6149098966596034,-0.069
Al-Ge,2.7,5.3234,933.473,1211.4,13,32,1.61,2.01,3,4,143.0,144.0,-0.07,-0.108,0.349,0.02,0.062,0.467,0.158,0.031,7.87,1811.15,1.83,26,126.0,8,2.641124678362052,-0.152
Al-As,2.7,5.75,933.473,1090.15,13,33,1.61,2.18,3,5,143.0,148.0,-0.072,-0.061,0.349,0.02,0.062,0.536,0.228,0.011,7.87,1811.15,1.83,26,126.0,8,2.6677019435453544,-0.218
Al-Se,2.7,4.819,933.473,494.15,13,34,1.61,2.55,3,6,143.0,140.0,-0.073,-0.006,0.349,0.02,0.062,0.675,0.308,0.014,7.87,1811.15,1.83,26,126.0,8,2.718788761930154,-0.184
Al-Zr,2.7,6.52,933.473,2127.15,13,40,1.61,1.33,3,4,143.0,160.0,-0.07,-0.422,0.349,0.02,0.062,0.745,-0.091,0.065,7.87,1811.15,1.83,26,126.0,8,2.699537584829457,-0.268
Al-Nb,2.7,8.57,933.473,2750.15,13,41,1.61,1.6,3,5,143.0,146.0,-0.067,-0.711,0.349,0.02,0.062,0.395,-0.142,0.053,7.87,1811.15,1.83,26,126.0,8,2.66523374531475,-0.257
Al-Mo,2.7,10.2,933.473,2895.15,13,42,1.61,2.16,3,6,143.0,139.0,-0.064,-0.796,0.349,0.02,0.062,0.17,-0.117,0.026,7.87,1811.15,1.83,26,126.0,8,2.6332350095901695,-0.21
Al-Ru,2.7,12.1,933.473,2606.15,13,44,1.61,2.2,3,8,143.0,134.0,-0.063,0.097,0.349,0.02,0.062,0.122,0.017,0.047,7.87,1811.15,1.83,26,126.0,8,2.5370162106439174,0.028
Al-Rh,2.7,12.4,933.473,2236.15,13,45,1.61,2.28,3,9,143.0,134.0,-0.066,0.539,0.349,0.02,0.062,0.157,0.11,0.066,7.87,1811.15,1.83,26,126.0,8,2.504478106570135,0.132
Al-Pd,2.7,12.0,933.473,1827.9499999999998,13,46,1.61,2.2,3,10,143.0,137.0,-0.068,0.322,0.349,0.02,0.062,0.294,0.217,0.106,7.87,1811.15,1.83,26,126.0,8,2.5048165653460677,0.213
Al-Sn,2.7,7.287,933.473,505.08,13,50,1.61,1.96,3,4,143.0,163.0,-0.069,-0.18,0.349,0.02,0.062,0.758,0.114,0.109,7.87,1811.15,1.83,26,126.0,8,2.6922725895090625,-0.215
Al-Sb,2.7,6.68,933.473,903.778,13,51,1.61,2.05,3,5,143.0,166.0,-0.07,-0.085,0.349,0.02,0.062,0.749,0.131,0.058,7.87,1811.15,1.83,26,126.0,8,2.709806730819578,-0.349
Al-Te,2.7,6.232,933.473,722.66,13,52,1.61,2.1,3,6,143.0,160.0,-0.071,-0.061,0.349,0.02,0.062,0.801,0.196,0.031,7.87,1811.15,1.83,26,126.0,8,2.734660678417734,-0.43
Al-Hf,2.7,13.3,933.473,2506.15,13,72,1.61,1.3,3,4,143.0,159.0,-0.07,-0.539,0.349,0.02,0.062,0.646,-0.148,0.073,7.87,1811.15,1.83,26,126.0,8,2.699395464890218,-0.275
Al-Ta,2.7,16.4,933.473,3290.15,13,73,1.61,1.5,3,5,143.0,146.0,-0.066,-0.737,0.349,0.02,0.062,0.321,-0.18,0.04,7.87,1811.15,1.83,26,126.0,8,2.6740936758383453,-0.314
Al-W,2.7,19.3,933.473,3687.15,13,74,1.61,1.7,3,6,143.0,139.0,-0.063,-0.749,0.349,0.02,0.062,0.129,-0.149,0.016,7.87,1811.15,1.83,26,126.0,8,2.6456843845494817,-0.292
Al-Re,2.7,20.8,933.473,3458.15,13,75,1.61,1.9,3,7,143.0,137.0,-0.061,-0.611,0.349,0.02,0.062,0.077,-0.088,0.01,7.87,1811.15,1.83,26,126.0,8,2.6144392724573238,-0.211
Al-Os,2.7,22.5872,933.473,3306.15,13,76,1.61,2.2,3,8,143.0,135.0,-0.06,-0.22,0.349,0.02,0.062,0.091,-0.016,0.02,7.87,1811.15,1.83,26,126.0,8,2.56584419930682,-0.075
Al-Ir,2.7,22.5622,933.473,2719.15,13,77,1.61,2.2,3,9,143.0,136.0,-0.063,0.366,0.349,0.02,0.062,0.135,0.081,0.057,7.87,1811.15,1.83,26,126.0,8,2.525247953795751,0.062
Al-Pt,2.7,21.5,933.473,2041.35,13,78,1.61,2.2,3,10,143.0,139.0,-0.066,0.333,0.349,0.02,0.062,0.262,0.205,0.094,7.87,1811.15,1.83,26,126.0,8,2.519319784171443,0.138
Al-Au,2.7,19.3,933.473,1337.33,13,79,1.61,2.4,3,11,143.0,144.0,-0.067,0.137,0.349,0.02,0.062,0.457,0.297,0.138,7.87,1811.15,1.83,26,126.0,8,2.5480843628942793,0.176
Al-U,2.7,19.1,933.473,1408.15,13,92,1.61,1.7,3,6,143.0,170.0,-0.067,-1.296,0.349,0.02,0.062,1.248,0.229,0.073,7.87,1811.15,1.83,26,126.0,8,2.834647210730766,-0.495
Al-Np,2.7,20.2,933.473,917.15,13,93,1.61,1.3,3,7,143.0,171.0,-0.068,-2.66,0.349,0.02,0.062,1.286,0.247,0.055,7.87,1811.15,1.83,26,126.0,8,2.828083357268412,-0.476
Si-Si,2.3296,2.3296,1687.15,1687.15,14,14,1.9,1.9,4,4,138.0,138.0,-0.084,-0.084,0.295,0.125,0.004,0.295,0.125,0.004,7.87,1811.15,1.83,26,126.0,8,2.6722357398268395,-0.316
Si-P,2.3296,2.69,1687.15,689.15,14,15,1.9,2.19,4,5,138.0,128.0,-0.093,-0.056,0.295,0.125,0.004,0.369,0.256,-0.021,7.87,1811.15,1.83,26,126.0,8,2.818006340836301,-0.356
Si-S,2.3296,2.07,1687.15,388.36,14,16,1.9,2.58,4,6,138.0,127.0,-0.096,0.016,0.295,0.125,0.004,0.573,0.377,0.004,7.87,1811.15,1.83,26,126.0,8,2.965136452855813,-0.093
Si-Sc,2.3296,2.99,1687.15,1814.15,14,21,1.9,1.36,4,3,138.0,162.0,-0.079,-0.482,0.295,0.125,0.004,0.709,-0.121,0.08,7.87,1811.15,1.83,26,126.0,8,2.675891717325756,-0.045
Si-Ti,2.3296,4.506,1687.15,1943.15,14,22,1.9,1.54,4,4,138.0,147.0,-0.074,-0.892,0.295,0.125,0.004,0.261,-0.16,0.016,7.87,1811.15,1.83,26,126.0,8,2.6280377060328495,-0.134
Si-V,2.3296,6.0,1687.15,2183.15,14,23,1.9,1.63,4,5,138.0,134.0,-0.07,-1.39,0.295,0.125,0.004,0.056,-0.086,-0.008,7.87,1811.15,1.83,26,126.0,8,2.596712911849762,-0.141
Si-Cr,2.3296,7.15,1687.15,2180.15,14,24,1.9,1.66,4,6,138.0,128.0,-0.067,-1.94,0.295,0.125,0.004,0.05,0.005,-0.002,7.87,1811.15,1.83,26,126.0,8,2.574744593391752,-0.071
Si-Mn,2.3296,7.3,1687.15,1519.15,14,25,1.9,1.55,4,7,138.0,127.0,-0.066,-2.289,0.295,0.125,0.004,0.132,0.094,0.019,7.87,1811.15,1.83,26,126.0,8,2.540555484552363,0.069
Si-Co,2.3296,8.86,1687.15,1768.15,14,27,1.9,1.88,4,9,138.0,125.0,-0.082,1.548,0.295,0.125,0.004,-0.01,0.113,0.016,7.87,1811.15,1.83,26,126.0,8,2.45616492719942,0.027
Si-Ni,2.3296,8.9,1687.15,1728.15,14,28,1.9,1.91,4,10,138.0,124.0,-0.081,0.735,0.295,0.125,0.004,0.105,0.22,0.046,7.87,1811.15,1.83,26,126.0,8,2.452700189753833,0.143
Si-Cu,2.3296,8.96,1687.15,1357.77,14,29,1.9,1.9,4,11,138.0,128.0,-0.083,0.119,0.295,0.125,0.004,0.254,0.219,0.054,7.87,1811.15,1.83,26,126.0,8,2.4873255747993386,0.178
Si-Zn,2.3296,7.134,1687.15,692.6769999999999,14,30,1.9,1.65,4,12,138.0,134.0,-0.083,-0.072,0.295,0.125,0.004,0.327,0.112,0.043,7.87,1811.15,1.83,26,126.0,8,2.587440611415648,-0.046
Si-Ga,2.3296,5.91,1687.15,302.91459999999995,14,31,1.9,1.81,4,3,138.0,140.0,-0.083,-0.163,0.295,0.125,0.004,0.403,0.093,0.04,7.87,1811.15,1.83,26,126.0,8,2.665303803389595,-0.209
Si-Ge,2.3296,5.3234,1687.15,1211.4,14,32,1.9,2.01,4,4,138.0,144.0,-0.085,-0.113,0.295,0.125,0.004,0.467,0.158,0.031,7.87,1811.15,1.83,26,126.0,8,2.7125754088995646,-0.334
Si-As,2.3296,5.75,1687.15,1090.15,14,33,1.9,2.18,4,5,138.0,148.0,-0.088,-0.065,0.295,0.125,0.004,0.536,0.228,0.011,7.87,1811.15,1.83,26,126.0,8,2.780351787037968,-0.416
Si-Se,2.3296,4.819,1687.15,494.15,14,34,1.9,2.55,4,6,138.0,140.0,-0.09,-0.011,0.295,0.125,0.004,0.675,0.308,0.014,7.87,1811.15,1.83,26,126.0,8,2.8662479119243076,-0.339
Si-Zr,2.3296,6.52,1687.15,2127.15,14,40,1.9,1.33,4,4,138.0,160.0,-0.074,-0.41,0.295,0.125,0.004,0.745,-0.091,0.065,7.87,1811.15,1.83,26,126.0,8,2.699992504563193,-0.167
Si-Nb,2.3296,8.57,1687.15,2750.15,14,41,1.9,1.6,4,5,138.0,146.0,-0.07,-0.697,0.295,0.125,0.004,0.395,-0.142,0.053,7.87,1811.15,1.83,26,126.0,8,2.653941552267348,-0.176
Si-Mo,2.3296,10.2,1687.15,2895.15,14,42,1.9,2.16,4,6,138.0,139.0,-0.067,-0.79,0.295,0.125,0.004,0.17,-0.117,0.026,7.87,1811.15,1.83,26,126.0,8,2.6113112697483527,-0.157
Si-Ru,2.3296,12.1,1687.15,2606.15,14,44,1.9,2.2,4,8,138.0,134.0,-0.071,0.133,0.295,0.125,0.004,0.122,0.017,0.047,7.87,1811.15,1.83,26,126.0,8,2.4943702672421004,0.053
Si-Rh,2.3296,12.4,1687.15,2236.15,14,45,1.9,2.28,4,9,138.0,134.0,-0.077,0.511,0.295,0.125,0.004,0.157,0.11,0.066,7.87,1811.15,1.83,26,126.0,8,2.4763421270837718,0.13
Si-Pd,2.3296,12.0,1687.15,1827.9499999999998,14,46,1.9,2.2,4,10,138.0,137.0,-0.081,0.304,0.295,0.125,0.004,0.294,0.217,0.106,7.87,1811.15,1.83,26,126.0,8,2.498947801764962,0.172
Si-Sn,2.3296,7.287,1687.15,505.08,14,50,1.9,1.96,4,4,138.0,163.0,-0.083,-0.186,0.295,0.125,0.004,0.758,0.114,0.109,7.87,1811.15,1.83,26,126.0,8,2.7542375836345268,-0.353
Si-Sb,2.3296,6.68,1687.15,903.778,14,51,1.9,2.05,4,5,138.0,166.0,-0.084,-0.09,0.295,0.125,0.004,0.749,0.131,0.058,7.87,1811.15,1.83,26,126.0,8,2.7876217561897905,-0.511
Si-Te,2.3296,6.232,1687.15,722.66,14,52,1.9,2.1,4,6,138.0,160.0,-0.084,-0.062,0.295,0.125,0.004,0.801,0.196,0.031,7.87,1811.15,1.83,26,126.0,8,2.835414541764922,-0.593
Si-Hf,2.3296,13.3,1687.15,2506.15,14,72,1.9,1.3,4,4,138.0,159.0,-0.074,-0.518,0.295,0.125,0.004,0.646,-0.148,0.073,7.87,1811.15,1.83,26,126.0,8,2.697192967890729,-0.184
Si-Ta,2.3296,16.4,1687.15,3290.15,14,73,1.9,1.5,4,5,138.0,146.0,-0.069,-0.72,0.295,0.125,0.004,0.321,-0.18,0.04,7.87,1811.15,1.83,26,126.0,8,2.661452607578328,-0.242
Si-W,2.3296,19.3,1687.15,3687.15,14,74,1.9,1.7,4,6,138.0,139.0,-0.066,-0.742,0.295,0.125,0.004,0.129,-0.149,0.016,7.87,1811.15,1.83,26,126.0,8,2.6236641439490804,-0.249
Si-Re,2.3296,20.8,1687.15,3458.15,14,75,1.9,1.9,4,7,138.0,137.0,-0.065,-0.604,0.295,0.125,0.004,0.077,-0.088,0.01,7.87,1811.15,1.83,26,126.0,8,2.579483008074231,-0.204
Si-Os,2.3296,22.5872,1687.15,3306.15,14,76,1.9,2.2,4,8,138.0,135.0,-0.067,-0.204,0.295,0.125,0.004,0.091,-0.016,0.02,7.87,1811.15,1.83,26,126.0,8,2.5246084828416215,-0.093
Si-Ir,2.3296,22.5622,1687.15,2719.15,14,77,1.9,2.2,4,9,138.0,136.0,-0.074,0.346,0.295,0.125,0.004,0.135,0.081,0.057,7.87,1811.15,1.83,26,126.0,8,2.4947828983004285,0.031
Si-Pt,2.3296,21.5,1687.15,2041.35,14,78,1.9,2.2,4,10,138.0,139.0,-0.079,0.315,0.295,0.125,0.004,0.262,0.205,0.094,7.87,1811.15,1.83,26,126.0,8,2.5117829911721845,0.057
Si-Au,2.3296,19.3,1687.15,1337.33,14,79,1.9,2.4,4,11,138.0,144.0,-0.082,0.132,0.295,0.125,0.004,0.457,0.297,0.138,7.87,1811.15,1.83,26,126.0,8,2.5814583901074593,0.051
Si-U,2.3296,19.1,1687.15,1408.15,14,92,1.9,1.7,4,6,138.0,170.0,-0.071,-1.283,0.295,0.125,0.004,1.248,0.229,0.073,7.87,1811.15,1.83,26,126.0,8,2.8516290429132014,-0.493
Si-Np,2.3296,20.2,1687.15,917.15,14,93,1.9,1.3,4,7,138.0,171.0,-0.072,-2.68,0.295,0.125,0.004,1.286,0.247,0.055,7.87,1811.15,1.83,26,126.0,8,2.8353071160437295,-0.471
P-P,2.69,2.69,689.15,689.15,15,15,2.19,2.19,5,5,128.0,128.0,-0.054,-0.054,0.369,0.256,-0.021,0.369,0.256,-0.021,7.87,1811.15,1.83,26,126.0,8,2.981192188490754,-0.317
P-S,2.69,2.07,689.15,388.36,15,16,2.19,2.58,5,6,128.0,127.0,-0.059,0.013,0.369,0.256,-0.021,0.573,0.377,0.004,7.87,1811.15,1.83,26,126.0,8,3.0706514576345936,0.042
P-Sc,2.69,2.99,689.15,1814.15,15,21,2.19,1.36,5,3,128.0,162.0,-0.04,-0.469,0.369,0.256,-0.021,0.709,-0.121,0.08,7.87,1811.15,1.83,26,126.0,8,2.6593357922965595,0.151
P-Ti,2.69,4.506,689.15,1943.15,15,22,2.19,1.54,5,4,128.0,147.0,-0.036,-0.896,0.369,0.256,-0.021,0.261,-0.16,0.016,7.87,1811.15,1.83,26,126.0,8,2.6096051073585453,-0.012
P-V,2.69,6.0,689.15,2183.15,15,23,2.19,1.63,5,5,128.0,134.0,-0.033,-1.411,0.369,0.256,-0.021,0.056,-0.086,-0.008,7.87,1811.15,1.83,26,126.0,8,2.576692521517581,-0.066
P-Cr,2.69,7.15,689.15,2180.15,15,24,2.19,1.66,5,6,128.0,128.0,-0.032,-1.988,0.369,0.256,-0.021,0.05,0.005,-0.002,7.87,1811.15,1.83,26,126.0,8,2.5536335637051413,-0.023
P-Mn,2.69,7.3,689.15,1519.15,15,25,2.19,1.55,5,7,128.0,127.0,-0.034,-2.362,0.369,0.256,-0.021,0.132,0.094,0.019,7.87,1811.15,1.83,26,126.0,8,2.5065072419986754,0.117
P-Co,2.69,8.86,689.15,1768.15,15,27,2.19,1.88,5,9,128.0,125.0,-0.051,1.516,0.369,0.256,-0.021,-0.01,0.113,0.016,7.87,1811.15,1.83,26,126.0,8,2.438582940217641,0.015
P-Ni,2.69,8.9,689.15,1728.15,15,28,2.19,1.91,5,10,128.0,124.0,-0.052,0.713,0.369,0.256,-0.021,0.105,0.22,0.046,7.87,1811.15,1.83,26,126.0,8,2.458764259496119,0.133
P-Cu,2.69,8.96,689.15,1357.77,15,29,2.19,1.9,5,11,128.0,128.0,-0.055,0.126,0.369,0.256,-0.021,0.254,0.219,0.054,7.87,1811.15,1.83,26,126.0,8,2.5509816807043446,0.161
P-Zn,2.69,7.134,689.15,692.6769999999999,15,30,2.19,1.65,5,12,128.0,134.0,-0.055,-0.074,0.369,0.256,-0.021,0.327,0.112,0.043,7.87,1811.15,1.83,26,126.0,8,2.682515086514631,-0.058
P-Ga,2.69,5.91,689.15,302.91459999999995,15,31,2.19,1.81,5,3,128.0,140.0,-0.055,-0.172,0.369,0.256,-0.021,0.403,0.093,0.04,7.87,1811.15,1.83,26,126.0,8,2.760335159880165,-0.211
P-Ge,2.69,5.3234,689.15,1211.4,15,32,2.19,2.01,5,4,128.0,144.0,-0.055,-0.121,0.369,0.256,-0.021,0.467,0.158,0.031,7.87,1811.15,1.83,26,126.0,8,2.83204117597705,-0.32
P-As,2.69,5.75,689.15,1090.15,15,33,2.19,2.18,5,5,128.0,148.0,-0.052,-0.067,0.369,0.256,-0.021,0.536,0.228,0.011,7.87,1811.15,1.83,26,126.0,8,2.9196530827341554,-0.336
P-Se,2.69,4.819,689.15,494.15,15,34,2.19,2.55,5,6,128.0,140.0,-0.055,-0.015,0.369,0.256,-0.021,0.675,0.308,0.014,7.87,1811.15,1.83,26,126.0,8,2.985352087264719,-0.179
P-Zr,2.69,6.52,689.15,2127.15,15,40,2.19,1.33,5,4,128.0,160.0,-0.035,-0.407,0.369,0.256,-0.021,0.745,-0.091,0.065,7.87,1811.15,1.83,26,126.0,8,2.6789948354260127,0.051
P-Nb,2.69,8.57,689.15,2750.15,15,41,2.19,1.6,5,5,128.0,146.0,-0.032,-0.702,0.369,0.256,-0.021,0.395,-0.142,0.053,7.87,1811.15,1.83,26,126.0,8,2.6330391405816567,-0.038
P-Mo,2.69,10.2,689.15,2895.15,15,42,2.19,2.16,5,6,128.0,139.0,-0.032,-0.804,0.369,0.256,-0.021,0.17,-0.117,0.026,7.87,1811.15,1.83,26,126.0,8,2.582618947290573,-0.08
P-Ru,2.69,12.1,689.15,2606.15,15,44,2.19,2.2,5,8,128.0,134.0,-0.044,0.131,0.369,0.256,-0.021,0.122,0.017,0.047,7.87,1811.15,1.83,26,126.0,8,2.4673533822311002,0.072
P-Rh,2.69,12.4,689.15,2236.15,15,45,2.19,2.28,5,9,128.0,134.0,-0.051,0.485,0.369,0.256,-0.021,0.157,0.11,0.066,7.87,1811.15,1.83,26,126.0,8,2.472935173759498,0.122
P-Pd,2.69,12.0,689.15,1827.9499999999998,15,46,2.19,2.2,5,10,128.0,137.0,-0.054,0.295,0.369,0.256,-0.021,0.294,0.217,0.106,7.87,1811.15,1.83,26,126.0,8,2.537735780507993,0.156
P-Sn,2.69,7.287,689.15,505.08,15,50,2.19,1.96,5,4,128.0,163.0,-0.054,-0.194,0.369,0.256,-0.021,0.758,0.114,0.109,7.87,1811.15,1.83,26,126.0,8,2.844849770142307,-0.287
P-Sb,2.69,6.68,689.15,903.778,15,51,2.19,2.05,5,5,128.0,166.0,-0.05,-0.093,0.369,0.256,-0.021,0.749,0.131,0.058,7.87,1811.15,1.83,26,126.0,8,2.893174205605886,-0.416
P-Te,2.69,6.232,689.15,722.66,15,52,2.19,2.1,5,6,128.0,160.0,-0.05,-0.065,0.369,0.256,-0.021,0.801,0.196,0.031,7.87,1811.15,1.83,26,126.0,8,2.949412904385723,-0.425
P-Hf,2.69,13.3,689.15,2506.15,15,72,2.19,1.3,5,4,128.0,159.0,-0.035,-0.51,0.369,0.256,-0.021,0.646,-0.148,0.073,7.87,1811.15,1.83,26,126.0,8,2.676877521532441,0.003
P-Ta,2.69,16.4,689.15,3290.15,15,73,2.19,1.5,5,5,128.0,146.0,-0.031,-0.72,0.369,0.256,-0.021,0.321,-0.18,0.04,7.87,1811.15,1.83,26,126.0,8,2.639134726593702,-0.126
P-W,2.69,19.3,689.15,3687.15,15,74,2.19,1.7,5,6,128.0,139.0,-0.03,-0.752,0.369,0.256,-0.021,0.129,-0.149,0.016,7.87,1811.15,1.83,26,126.0,8,2.5985337453076407,-0.195
P-Re,2.69,20.8,689.15,3458.15,15,75,2.19,1.9,5,7,128.0,137.0,-0.034,-0.63,0.369,0.256,-0.021,0.077,-0.088,0.01,7.87,1811.15,1.83,26,126.0,8,2.560971784957171,-0.201
P-Os,2.69,22.5872,689.15,3306.15,15,76,2.19,2.2,5,8,128.0,135.0,-0.041,-0.204,0.369,0.256,-0.021,0.091,-0.016,0.02,7.87,1811.15,1.83,26,126.0,8,2.5094476658575244,-0.129
P-Ir,2.69,22.5622,689.15,2719.15,15,77,2.19,2.2,5,9,128.0,136.0,-0.048,0.32,0.369,0.256,-0.021,0.135,0.081,0.057,7.87,1811.15,1.83,26,126.0,8,2.498597808117833,-0.026
P-Pt,2.69,21.5,689.15,2041.35,15,78,2.19,2.2,5,10,128.0,139.0,-0.054,0.305,0.369,0.256,-0.021,0.262,0.205,0.094,7.87,1811.15,1.83,26,126.0,8,2.5637683407931986,-0.018
P-Au,2.69,19.3,689.15,1337.33,15,79,2.19,2.4,5,11,128.0,144.0,-0.057,0.135,0.369,0.256,-0.021,0.457,0.297,0.138,7.87,1811.15,1.83,26,126.0,8,2.688333205537345,0.007
P-U,2.69,19.1,689.15,1408.15,15,92,2.19,1.7,5,6,128.0,170.0,-0.028,-1.339,0.369,0.256,-0.021,1.248,0.229,0.073,7.87,1811.15,1.83,26,126.0,8,2.8030868850358015,-0.26
P-Np,2.69,20.2,689.15,917.15,15,93,2.19,1.3,5,7,128.0,171.0,-0.033,-2.776,0.369,0.256,-0.021,1.286,0.247,0.055,7.87,1811.15,1.83,26,126.0,8,2.736831270413489,-0.183
S-S,2.07,2.07,388.36,388.36,16,16,2.58,2.58,6,6,127.0,127.0,0.003,0.004,0.573,0.377,0.004,0.573,0.377,0.004,7.87,1811.15,1.83,26,126.0,8,3.1041879479018832,0.412
S-Sc,2.07,2.99,388.36,1814.15,16,21,2.58,1.36,6,3,127.0,162.0,0.03,-0.461,0.573,0.377,0.004,0.709,-0.121,0.08,7.87,1811.15,1.83,26,126.0,8,2.625490623976011,0.441
S-Ti,2.07,4.506,388.36,1943.15,16,22,2.58,1.54,6,4,127.0,147.0,0.033,-0.913,0.573,0.377,0.004,0.261,-0.16,0.016,7.87,1811.15,1.83,26,126.0,8,2.5865813007218867,0.155
S-V,2.07,6.0,388.36,2183.15,16,23,2.58,1.63,6,5,127.0,134.0,0.032,-1.468,0.573,0.377,0.004,0.056,-0.086,-0.008,7.87,1811.15,1.83,26,126.0,8,2.579477122013492,0.034
S-Cr,2.07,7.15,388.36,2180.15,16,24,2.58,1.66,6,6,127.0,128.0,0.028,-2.113,0.573,0.377,0.004,0.05,0.005,-0.002,7.87,1811.15,1.83,26,126.0,8,2.58272488126716,0.053
S-Mn,2.07,7.3,388.36,1519.15,16,25,2.58,1.55,6,7,127.0,127.0,0.02,-2.573,0.573,0.377,0.004,0.132,0.094,0.019,7.87,1811.15,1.83,26,126.0,8,2.58997845166971,0.184
S-Co,2.07,8.86,388.36,1768.15,16,27,2.58,1.88,6,9,127.0,125.0,0.021,1.585,0.573,0.377,0.004,-0.01,0.113,0.016,7.87,1811.15,1.83,26,126.0,8,2.5340392983739215,0.018
S-Ni,2.07,8.9,388.36,1728.15,16,28,2.58,1.91,6,10,127.0,124.0,0.017,0.778,0.573,0.377,0.004,0.105,0.22,0.046,7.87,1811.15,1.83,26,126.0,8,2.6434096976542465,0.167
S-Cu,2.07,8.96,388.36,1357.77,16,29,2.58,1.9,6,11,127.0,128.0,0.017,0.146,0.573,0.377,0.004,0.254,0.219,0.054,7.87,1811.15,1.83,26,126.0,8,2.73811386820776,0.269
S-Zn,2.07,7.134,388.36,692.6769999999999,16,30,2.58,1.65,6,12,127.0,134.0,0.019,-0.074,0.573,0.377,0.004,0.327,0.112,0.043,7.87,1811.15,1.83,26,126.0,8,2.8076974052518024,0.133
S-Ga,2.07,5.91,388.36,302.91459999999995,16,31,2.58,1.81,6,3,127.0,140.0,0.019,-0.178,0.573,0.377,0.004,0.403,0.093,0.04,7.87,1811.15,1.83,26,126.0,8,2.870104938645217,0.045
S-Ge,2.07,5.3234,388.36,1211.4,16,32,2.58,2.01,6,4,127.0,144.0,0.015,-0.125,0.573,0.377,0.004,0.467,0.158,0.031,7.87,1811.15,1.83,26,126.0,8,2.946672984779604,0.01
S-As,2.07,5.75,388.36,1090.15,16,33,2.58,2.18,6,5,127.0,148.0,0.009,-0.075,0.573,0.377,0.004,0.536,0.228,0.011,7.87,1811.15,1.83,26,126.0,8,2.9995704551161055,0.06
S-Se,2.07,4.819,388.36,494.15,16,34,2.58,2.55,6,6,127.0,140.0,0.002,-0.025,0.573,0.377,0.004,0.675,0.308,0.014,7.87,1811.15,1.83,26,126.0,8,3.028154879958274,0.25
S-Zr,2.07,6.52,388.36,2127.15,16,40,2.58,1.33,6,4,127.0,160.0,0.026,-0.414,0.573,0.377,0.004,0.745,-0.091,0.065,7.87,1811.15,1.83,26,126.0,8,2.6446654138386507,0.358
S-Nb,2.07,8.57,388.36,2750.15,16,41,2.58,1.6,6,5,127.0,146.0,0.027,-0.727,0.573,0.377,0.004,0.395,-0.142,0.053,7.87,1811.15,1.83,26,126.0,8,2.6285025228297423,0.143
S-Mo,2.07,10.2,388.36,2895.15,16,42,2.58,2.16,6,6,127.0,139.0,0.023,-0.853,0.573,0.377,0.004,0.17,-0.117,0.026,7.87,1811.15,1.83,26,126.0,8,2.6052893815044462,0.006
S-Ru,2.07,12.1,388.36,2606.15,16,44,2.58,2.2,6,8,127.0,134.0,0.011,0.113,0.573,0.377,0.004,0.122,0.017,0.047,7.87,1811.15,1.83,26,126.0,8,2.496449787451822,0.076
S-Rh,2.07,12.4,388.36,2236.15,16,45,2.58,2.28,6,9,127.0,134.0,0.008,0.491,0.573,0.377,0.004,0.157,0.11,0.066,7.87,1811.15,1.83,26,126.0,8,2.565328962129637,0.12
S-Pd,2.07,12.0,388.36,1827.9499999999998,16,46,2.58,2.2,6,10,127.0,137.0,0.015,0.326,0.573,0.377,0.004,0.294,0.217,0.106,7.87,1811.15,1.83,26,126.0,8,2.692793920303471,0.219
S-Sn,2.07,7.287,388.36,505.08,16,50,2.58,1.96,6,4,127.0,163.0,0.014,-0.198,0.573,0.377,0.004,0.758,0.114,0.109,7.87,1811.15,1.83,26,126.0,8,2.9212796430371735,0.078
S-Sb,2.07,6.68,388.36,903.778,16,51,2.58,2.05,6,5,127.0,166.0,0.009,-0.096,0.573,0.377,0.004,0.749,0.131,0.058,7.87,1811.15,1.83,26,126.0,8,2.965932249288682,0.016
S-Te,2.07,6.232,388.36,722.66,16,52,2.58,2.1,6,6,127.0,160.0,0.005,-0.071,0.573,0.377,0.004,0.801,0.196,0.031,7.87,1811.15,1.83,26,126.0,8,3.00200286370408,0.059
S-Hf,2.07,13.3,388.36,2506.15,16,72,2.58,1.3,6,4,127.0,159.0,0.029,-0.511,0.573,0.377,0.004,0.646,-0.148,0.073,7.87,1811.15,1.83,26,126.0,8,2.6514604892396223,0.267
S-Ta,2.07,16.4,388.36,3290.15,16,73,2.58,1.5,6,5,127.0,146.0,0.03,-0.741,0.573,0.377,0.004,0.321,-0.18,0.04,7.87,1811.15,1.83,26,126.0,8,2.638108265607107,0.027
S-W,2.07,19.3,388.36,3687.15,16,74,2.58,1.7,6,6,127.0,139.0,0.025,-0.795,0.573,0.377,0.004,0.129,-0.149,0.016,7.87,1811.15,1.83,26,126.0,8,2.6351069935948677,-0.128
S-Re,2.07,20.8,388.36,3458.15,16,75,2.58,1.9,6,7,127.0,137.0,0.017,-0.685,0.573,0.377,0.004,0.077,-0.088,0.01,7.87,1811.15,1.83,26,126.0,8,2.6544275978625986,-0.192
S-Os,2.07,22.5872,388.36,3306.15,16,76,2.58,2.2,6,8,127.0,135.0,0.011,-0.246,0.573,0.377,0.004,0.091,-0.016,0.02,7.87,1811.15,1.83,26,126.0,8,2.63503400493234,-0.155
S-Ir,2.07,22.5622,388.36,2719.15,16,77,2.58,2.2,6,9,127.0,136.0,0.005,0.311,0.573,0.377,0.004,0.135,0.081,0.057,7.87,1811.15,1.83,26,126.0,8,2.6531322725761317,-0.059
S-Pt,2.07,21.5,388.36,2041.35,16,78,2.58,2.2,6,10,127.0,139.0,0.011,0.336,0.573,0.377,0.004,0.262,0.205,0.094,7.87,1811.15,1.83,26,126.0,8,2.785719040712508,0.026
S-Au,2.07,19.3,388.36,1337.33,16,79,2.58,2.4,6,11,127.0,144.0,0.015,0.148,0.573,0.377,0.004,0.457,0.297,0.138,7.87,1811.15,1.83,26,126.0,8,2.8416962513184303,0.185
S-U,2.07,19.1,388.36,1408.15,16,92,2.58,1.7,6,6,127.0,170.0,0.008,-1.478,0.573,0.377,0.004,1.248,0.229,0.073,7.87,1811.15,1.83,26,126.0,8,2.6330241837371604,0.249
S-Np,2.07,20.2,388.36,917.15,16,93,2.58,1.3,6,7,127.0,171.0,0.016,-2.797,0.573,0.377,0.004,1.286,0.247,0.055,7.87,1811.15,1.83,26,126.0,8,2.6211592087518567,0.348
Sc-Sc,2.99,2.99,1814.15,1814.15,21,21,1.36,1.36,3,3,162.0,162.0,-0.542,-0.542,0.709,-0.121,0.08,0.709,-0.121,0.08,7.87,1811.15,1.83,26,126.0,8,2.638433819414468,-0.218
Sc-Ti,2.99,4.506,1814.15,1943.15,21,22,1.36,1.54,3,4,162.0,147.0,-0.544,-0.975,0.709,-0.121,0.08,0.261,-0.16,0.016,7.87,1811.15,1.83,26,126.0,8,2.645931730259898,-0.276
Sc-V,2.99,6.0,1814.15,2183.15,21,23,1.36,1.63,3,5,162.0,134.0,-0.538,-1.45,0.709,-0.121,0.08,0.056,-0.086,-0.008,7.87,1811.15,1.83,26,126.0,8,2.6388268903204204,-0.235
Sc-Cr,2.99,7.15,1814.15,2180.15,21,24,1.36,1.66,3,6,162.0,128.0,-0.516,-1.893,0.709,-0.121,0.08,0.05,0.005,-0.002,7.87,1811.15,1.83,26,126.0,8,2.6317048233324045,-0.149
Sc-Mn,2.99,7.3,1814.15,1519.15,21,25,1.36,1.55,3,7,162.0,127.0,-0.483,-1.904,0.709,-0.121,0.08,0.132,0.094,0.019,7.87,1811.15,1.83,26,126.0,8,2.620485930956995,-0.04
Sc-Co,2.99,8.86,1814.15,1768.15,21,27,1.36,1.88,3,9,162.0,125.0,-0.532,1.594,0.709,-0.121,0.08,-0.01,0.113,0.016,7.87,1811.15,1.83,26,126.0,8,2.5305567692092006,0.072
Sc-Ni,2.99,8.9,1814.15,1728.15,21,28,1.36,1.91,3,10,162.0,124.0,-0.501,0.813,0.709,-0.121,0.08,0.105,0.22,0.046,7.87,1811.15,1.83,26,126.0,8,2.530359252170416,0.151
Sc-Cu,2.99,8.96,1814.15,1357.77,21,29,1.36,1.9,3,11,162.0,128.0,-0.492,0.112,0.709,-0.121,0.08,0.254,0.219,0.054,7.87,1811.15,1.83,26,126.0,8,2.5574215414552404,0.13
Sc-Zn,2.99,7.134,1814.15,692.6769999999999,21,30,1.36,1.65,3,12,162.0,134.0,-0.526,-0.085,0.709,-0.121,0.08,0.327,0.112,0.043,7.87,1811.15,1.83,26,126.0,8,2.609840146563328,0.019
Sc-Ga,2.99,5.91,1814.15,302.91459999999995,21,31,1.36,1.81,3,3,162.0,140.0,-0.509,-0.169,0.709,-0.121,0.08,0.403,0.093,0.04,7.87,1811.15,1.83,26,126.0,8,2.6482374282234535,-0.033
Sc-Ge,2.99,5.3234,1814.15,1211.4,21,32,1.36,2.01,3,4,162.0,144.0,-0.488,-0.104,0.709,-0.121,0.08,0.467,0.158,0.031,7.87,1811.15,1.83,26,126.0,8,2.66065314607491,-0.008
Sc-As,2.99,5.75,1814.15,1090.15,21,33,1.36,2.18,3,5,162.0,148.0,-0.482,-0.052,0.709,-0.121,0.08,0.536,0.228,0.011,7.87,1811.15,1.83,26,126.0,8,2.6533767191655055,0.064
Sc-Se,2.99,4.819,1814.15,494.15,21,34,1.36,2.55,3,6,162.0,140.0,-0.487,0.001,0.709,-0.121,0.08,0.675,0.308,0.014,7.87,1811.15,1.83,26,126.0,8,2.6352145639358433,0.199
Sc-Zr,2.99,6.52,1814.15,2127.15,21,40,1.36,1.33,3,4,162.0,160.0,-0.546,-0.452,0.709,-0.121,0.08,0.745,-0.091,0.065,7.87,1811.15,1.83,26,126.0,8,2.6791252534496572,-0.339
Sc-Nb,2.99,8.57,1814.15,2750.15,21,41,1.36,1.6,3,5,162.0,146.0,-0.526,-0.737,0.709,-0.121,0.08,0.395,-0.142,0.053,7.87,1811.15,1.83,26,126.0,8,2.6725522794357044,-0.329
Sc-Mo,2.99,10.2,1814.15,2895.15,21,42,1.36,2.16,3,6,162.0,139.0,-0.512,-0.798,0.709,-0.121,0.08,0.17,-0.117,0.026,7.87,1811.15,1.83,26,126.0,8,2.654813313843712,-0.27
Sc-Ru,2.99,12.1,1814.15,2606.15,21,44,1.36,2.2,3,8,162.0,134.0,-0.489,0.154,0.709,-0.121,0.08,0.122,0.017,0.047,7.87,1811.15,1.83,26,126.0,8,2.560313755929825,0.039
Sc-Rh,2.99,12.4,1814.15,2236.15,21,45,1.36,2.28,3,9,162.0,134.0,-0.489,0.577,0.709,-0.121,0.08,0.157,0.11,0.066,7.87,1811.15,1.83,26,126.0,8,2.5313554290459725,0.148
Sc-Pd,2.99,12.0,1814.15,1827.9499999999998,21,46,1.36,2.2,3,10,162.0,137.0,-0.491,0.348,0.709,-0.121,0.08,0.294,0.217,0.106,7.87,1811.15,1.83,26,126.0,8,2.549075835056428,0.18
Sc-Sn,2.99,7.287,1814.15,505.08,21,50,1.36,1.96,3,4,162.0,163.0,-0.497,-0.178,0.709,-0.121,0.08,0.758,0.114,0.109,7.87,1811.15,1.83,26,126.0,8,2.7044367849007096,-0.171
Sc-Sb,2.99,6.68,1814.15,903.778,21,51,1.36,2.05,3,5,162.0,166.0,-0.499,-0.078,0.709,-0.121,0.08,0.749,0.131,0.058,7.87,1811.15,1.83,26,126.0,8,2.7102694161377876,-0.186
Sc-Te,2.99,6.232,1814.15,722.66,21,52,1.36,2.1,3,6,162.0,160.0,-0.506,-0.055,0.709,-0.121,0.08,0.801,0.196,0.031,7.87,1811.15,1.83,26,126.0,8,2.707423028386722,-0.136
Sc-Hf,2.99,13.3,1814.15,2506.15,21,72,1.36,1.3,3,4,162.0,159.0,-0.536,-0.565,0.709,-0.121,0.08,0.646,-0.148,0.073,7.87,1811.15,1.83,26,126.0,8,2.6901607253497954,-0.367
Sc-Ta,2.99,16.4,1814.15,3290.15,21,73,1.36,1.5,3,5,162.0,146.0,-0.527,-0.771,0.709,-0.121,0.08,0.321,-0.18,0.04,7.87,1811.15,1.83,26,126.0,8,2.6934827022644203,-0.405
Sc-W,2.99,19.3,1814.15,3687.15,21,74,1.36,1.7,3,6,162.0,139.0,-0.52,-0.772,0.709,-0.121,0.08,0.129,-0.149,0.016,7.87,1811.15,1.83,26,126.0,8,2.6839485202468043,-0.37
Sc-Re,2.99,20.8,1814.15,3458.15,21,75,1.36,1.9,3,7,162.0,137.0,-0.511,-0.604,0.709,-0.121,0.08,0.077,-0.088,0.01,7.87,1811.15,1.83,26,126.0,8,2.6641232821429,-0.264
Sc-Os,2.99,22.5872,1814.15,3306.15,21,76,1.36,2.2,3,8,162.0,135.0,-0.495,-0.173,0.709,-0.121,0.08,0.091,-0.016,0.02,7.87,1811.15,1.83,26,126.0,8,2.616979984593105,-0.086
Sc-Ir,2.99,22.5622,1814.15,2719.15,21,77,1.36,2.2,3,9,162.0,136.0,-0.491,0.386,0.709,-0.121,0.08,0.135,0.081,0.057,7.87,1811.15,1.83,26,126.0,8,2.5738917555504126,0.075
Sc-Pt,2.99,21.5,1814.15,2041.35,21,78,1.36,2.2,3,10,162.0,139.0,-0.498,0.357,0.709,-0.121,0.08,0.262,0.205,0.094,7.87,1811.15,1.83,26,126.0,8,2.5756962401602217,0.145
Sc-Au,2.99,19.3,1814.15,1337.33,21,79,1.36,2.4,3,11,162.0,144.0,-0.492,0.159,0.709,-0.121,0.08,0.457,0.297,0.138,7.87,1811.15,1.83,26,126.0,8,2.610140843633227,0.127
Sc-U,2.99,19.1,1814.15,1408.15,21,92,1.36,1.7,3,6,162.0,170.0,-0.57,-1.374,0.709,-0.121,0.08,1.248,0.229,0.073,7.87,1811.15,1.83,26,126.0,8,2.709026176470105,-0.371
Sc-Np,2.99,20.2,1814.15,917.15,21,93,1.36,1.3,3,7,162.0,171.0,-0.581,-2.757,0.709,-0.121,0.08,1.286,0.247,0.055,7.87,1811.15,1.83,26,126.0,8,2.693700626960064,-0.311
Ti-Ti,4.506,4.506,1943.15,1943.15,22,22,1.54,1.54,4,4,147.0,147.0,-0.973,-0.973,0.261,-0.16,0.016,0.261,-0.16,0.016,7.87,1811.15,1.83,26,126.0,8,2.6278989651170477,-0.28
Ti-V,4.506,6.0,1943.15,2183.15,22,23,1.54,1.63,4,5,147.0,134.0,-0.943,-1.405,0.261,-0.16,0.016,0.056,-0.086,-0.008,7.87,1811.15,1.83,26,126.0,8,2.61176149585878,-0.241
Ti-Cr,4.506,7.15,1943.15,2180.15,22,24,1.54,1.66,4,6,147.0,128.0,-0.894,-1.79,0.261,-0.16,0.016,0.05,0.005,-0.002,7.87,1811.15,1.83,26,126.0,8,2.6056613907879265,-0.193
Ti-Mn,4.506,7.3,1943.15,1519.15,22,25,1.54,1.55,4,7,147.0,127.0,-0.833,-1.55,0.261,-0.16,0.016,0.132,0.094,0.019,7.87,1811.15,1.83,26,126.0,8,2.5725080148611887,-0.133
Ti-Co,4.506,8.86,1943.15,1768.15,22,27,1.54,1.88,4,9,147.0,125.0,-0.95,1.609,0.261,-0.16,0.016,-0.01,0.113,0.016,7.87,1811.15,1.83,26,126.0,8,2.4935020203989304,0.017
Ti-Ni,4.506,8.9,1943.15,1728.15,22,28,1.54,1.91,4,10,147.0,124.0,-0.902,0.833,0.261,-0.16,0.016,0.105,0.22,0.046,7.87,1811.15,1.83,26,126.0,8,2.512943608945464,0.018
Ti-Cu,4.506,8.96,1943.15,1357.77,22,29,1.54,1.9,4,11,147.0,128.0,-0.939,0.096,0.261,-0.16,0.016,0.254,0.219,0.054,7.87,1811.15,1.83,26,126.0,8,2.53814136189305,-0.013
Ti-Zn,4.506,7.134,1943.15,692.6769999999999,22,30,1.54,1.65,4,12,147.0,134.0,-0.94,-0.082,0.261,-0.16,0.016,0.327,0.112,0.043,7.87,1811.15,1.83,26,126.0,8,2.584487924221621,-0.094
Ti-Ga,4.506,5.91,1943.15,302.91459999999995,22,31,1.54,1.81,4,3,147.0,140.0,-0.904,-0.162,0.261,-0.16,0.016,0.403,0.093,0.04,7.87,1811.15,1.83,26,126.0,8,2.6171675455222787,-0.141
Ti-Ge,4.506,5.3234,1943.15,1211.4,22,32,1.54,2.01,4,4,147.0,144.0,-0.889,-0.101,0.261,-0.16,0.016,0.467,0.158,0.031,7.87,1811.15,1.83,26,126.0,8,2.624213158749036,-0.124
Ti-As,4.506,5.75,1943.15,1090.15,22,33,1.54,2.18,4,5,147.0,148.0,-0.897,-0.052,0.261,-0.16,0.016,0.536,0.228,0.011,7.87,1811.15,1.83,26,126.0,8,2.6157145323957645,-0.07
Ti-Se,4.506,4.819,1943.15,494.15,22,34,1.54,2.55,4,6,147.0,140.0,-0.917,-0.004,0.261,-0.16,0.016,0.675,0.308,0.014,7.87,1811.15,1.83,26,126.0,8,2.6013276765534643,0.019
Ti-Zr,4.506,6.52,1943.15,2127.15,22,40,1.54,1.33,4,4,147.0,160.0,-0.946,-0.44,0.261,-0.16,0.016,0.745,-0.091,0.065,7.87,1811.15,1.83,26,126.0,8,2.6750462967695703,-0.349
Ti-Nb,4.506,8.57,1943.15,2750.15,22,41,1.54,1.6,4,5,147.0,146.0,-0.92,-0.718,0.261,-0.16,0.016,0.395,-0.142,0.053,7.87,1811.15,1.83,26,126.0,8,2.654383929658391,-0.327
Ti-Mo,4.506,10.2,1943.15,2895.15,22,42,1.54,2.16,4,6,147.0,139.0,-0.896,-0.771,0.261,-0.16,0.016,0.17,-0.117,0.026,7.87,1811.15,1.83,26,126.0,8,2.6252581214998405,-0.27
Ti-Ru,4.506,12.1,1943.15,2606.15,22,44,1.54,2.2,4,8,147.0,134.0,-0.849,0.206,0.261,-0.16,0.016,0.122,0.017,0.047,7.87,1811.15,1.83,26,126.0,8,2.5092754281565357,0.009
Ti-Rh,4.506,12.4,1943.15,2236.15,22,45,1.54,2.28,4,9,147.0,134.0,-0.884,0.583,0.261,-0.16,0.016,0.157,0.11,0.066,7.87,1811.15,1.83,26,126.0,8,2.504185080029612,0.07
Ti-Pd,4.506,12.0,1943.15,1827.9499999999998,22,46,1.54,2.2,4,10,147.0,137.0,-0.893,0.355,0.261,-0.16,0.016,0.294,0.217,0.106,7.87,1811.15,1.83,26,126.0,8,2.543363707339445,0.032
Ti-Sn,4.506,7.287,1943.15,505.08,22,50,1.54,1.96,4,4,147.0,163.0,-0.895,-0.178,0.261,-0.16,0.016,0.758,0.114,0.109,7.87,1811.15,1.83,26,126.0,8,2.6782595670179314,-0.247
Ti-Sb,4.506,6.68,1943.15,903.778,22,51,1.54,2.05,4,5,147.0,166.0,-0.897,-0.077,0.261,-0.16,0.016,0.749,0.131,0.058,7.87,1811.15,1.83,26,126.0,8,2.6810409341543804,-0.241
Ti-Te,4.506,6.232,1943.15,722.66,22,52,1.54,2.1,4,6,147.0,160.0,-0.902,-0.055,0.261,-0.16,0.016,0.801,0.196,0.031,7.87,1811.15,1.83,26,126.0,8,2.675325257561584,-0.202
Ti-Hf,4.506,13.3,1943.15,2506.15,22,72,1.54,1.3,4,4,147.0,159.0,-0.946,-0.562,0.261,-0.16,0.016,0.646,-0.148,0.073,7.87,1811.15,1.83,26,126.0,8,2.6781309369141213,-0.365
Ti-Ta,4.506,16.4,1943.15,3290.15,22,73,1.54,1.5,4,5,147.0,146.0,-0.93,-0.769,0.261,-0.16,0.016,0.321,-0.18,0.04,7.87,1811.15,1.83,26,126.0,8,2.668611852658557,-0.369
Ti-W,4.506,19.3,1943.15,3687.15,22,74,1.54,1.7,4,6,147.0,139.0,-0.903,-0.751,0.261,-0.16,0.016,0.129,-0.149,0.016,7.87,1811.15,1.83,26,126.0,8,2.650141028547466,-0.327
Ti-Re,4.506,20.8,1943.15,3458.15,22,75,1.54,1.9,4,7,147.0,137.0,-0.856,-0.554,0.261,-0.16,0.016,0.077,-0.088,0.01,7.87,1811.15,1.83,26,126.0,8,2.6141038100563643,-0.243
Ti-Os,4.506,22.5872,1943.15,3306.15,22,76,1.54,2.2,4,8,147.0,135.0,-0.825,-0.122,0.261,-0.16,0.016,0.091,-0.016,0.02,7.87,1811.15,1.83,26,126.0,8,2.5566992262720145,-0.088
Ti-Ir,4.506,22.5622,1943.15,2719.15,22,77,1.54,2.2,4,9,147.0,136.0,-0.859,0.405,0.261,-0.16,0.016,0.135,0.081,0.057,7.87,1811.15,1.83,26,126.0,8,2.5272970877502043,0.049
Ti-Pt,4.506,21.5,1943.15,2041.35,22,78,1.54,2.2,4,10,147.0,139.0,-0.883,0.366,0.261,-0.16,0.016,0.262,0.205,0.094,7.87,1811.15,1.83,26,126.0,8,2.5516155713390565,0.043
Ti-Au,4.506,19.3,1943.15,1337.33,22,79,1.54,2.4,4,11,147.0,144.0,-0.877,0.169,0.261,-0.16,0.016,0.457,0.297,0.138,7.87,1811.15,1.83,26,126.0,8,2.6017754719876844,-0.039
Ti-U,4.506,19.1,1943.15,1408.15,22,92,1.54,1.7,4,6,147.0,170.0,-0.948,-1.356,0.261,-0.16,0.016,1.248,0.229,0.073,7.87,1811.15,1.83,26,126.0,8,2.6918769216089165,-0.42
Ti-Np,4.506,20.2,1943.15,917.15,22,93,1.54,1.3,4,7,147.0,171.0,-0.947,-2.71,0.261,-0.16,0.016,1.286,0.247,0.055,7.87,1811.15,1.83,26,126.0,8,2.685233737862214,-0.372
V-V,6.0,6.0,2183.15,2183.15,23,23,1.63,1.63,5,5,134.0,134.0,-1.345,-1.344,0.056,-0.086,-0.008,0.056,-0.086,-0.008,7.87,1811.15,1.83,26,126.0,8,2.598605143179838,-0.245
V-Cr,6.0,7.15,2183.15,2180.15,23,24,1.63,1.66,5,6,134.0,128.0,-1.286,-1.706,0.056,-0.086,-0.008,0.05,0.005,-0.002,7.87,1811.15,1.83,26,126.0,8,2.593323362014079,-0.253
V-Mn,6.0,7.3,2183.15,1519.15,23,25,1.63,1.55,5,7,134.0,127.0,-1.233,0.163,0.056,-0.086,-0.008,0.132,0.094,0.019,7.87,1811.15,1.83,26,126.0,8,2.4530659707066067,-0.227
V-Co,6.0,8.86,2183.15,1768.15,23,27,1.63,1.88,5,9,134.0,125.0,-1.385,1.634,0.056,-0.086,-0.008,-0.01,0.113,0.016,7.87,1811.15,1.83,26,126.0,8,2.4770641447970068,-0.042
V-Ni,6.0,8.9,2183.15,1728.15,23,28,1.63,1.91,5,10,134.0,124.0,-1.354,0.844,0.056,-0.086,-0.008,0.105,0.22,0.046,7.87,1811.15,1.83,26,126.0,8,2.5149487643733477,-0.087
V-Cu,6.0,8.96,2183.15,1357.77,23,29,1.63,1.9,5,11,134.0,128.0,-1.439,0.088,0.056,-0.086,-0.008,0.254,0.219,0.054,7.87,1811.15,1.83,26,126.0,8,2.526524166745537,-0.068
V-Zn,6.0,7.134,2183.15,692.6769999999999,23,30,1.63,1.65,5,12,134.0,134.0,-1.412,-0.077,0.056,-0.086,-0.008,0.327,0.112,0.043,7.87,1811.15,1.83,26,126.0,8,2.569474424612099,-0.142
V-Ga,6.0,5.91,2183.15,302.91459999999995,23,31,1.63,1.81,5,3,134.0,140.0,-1.383,-0.158,0.056,-0.086,-0.008,0.403,0.093,0.04,7.87,1811.15,1.83,26,126.0,8,2.5999823498681494,-0.184
V-Ge,6.0,5.3234,2183.15,1211.4,23,32,1.63,2.01,5,4,134.0,144.0,-1.387,-0.1,0.056,-0.086,-0.008,0.467,0.158,0.031,7.87,1811.15,1.83,26,126.0,8,2.6052309654971952,-0.158
V-As,6.0,5.75,2183.15,1090.15,23,33,1.63,2.18,5,5,134.0,148.0,-1.4,-0.051,0.056,-0.086,-0.008,0.536,0.228,0.011,7.87,1811.15,1.83,26,126.0,8,2.5965417919224003,-0.114
V-Se,6.0,4.819,2183.15,494.15,23,34,1.63,2.55,5,6,134.0,140.0,-1.433,-0.005,0.056,-0.086,-0.008,0.675,0.308,0.014,7.87,1811.15,1.83,26,126.0,8,2.5860483063560595,-0.057
V-Zr,6.0,6.52,2183.15,2127.15,23,40,1.63,1.33,5,4,134.0,160.0,-1.367,-0.42,0.056,-0.086,-0.008,0.745,-0.091,0.065,7.87,1811.15,1.83,26,126.0,8,2.6682266721482297,-0.317
V-Nb,6.0,8.57,2183.15,2750.15,23,41,1.63,1.6,5,5,134.0,146.0,-1.325,-0.696,0.056,-0.086,-0.008,0.395,-0.142,0.053,7.87,1811.15,1.83,26,126.0,8,2.6438383058340613,-0.312
V-Mo,6.0,10.2,2183.15,2895.15,23,42,1.63,2.16,5,6,134.0,139.0,-1.269,-0.726,0.056,-0.086,-0.008,0.17,-0.117,0.026,7.87,1811.15,1.83,26,126.0,8,2.6035138534607563,-0.284
V-Ru,6.0,12.1,2183.15,2606.15,23,44,1.63,2.2,5,8,134.0,134.0,-1.218,0.275,0.056,-0.086,-0.008,0.122,0.017,0.047,7.87,1811.15,1.83,26,126.0,8,2.4703371354748063,-0.038
V-Rh,6.0,12.4,2183.15,2236.15,23,45,1.63,2.28,5,9,134.0,134.0,-1.308,0.595,0.056,-0.086,-0.008,0.157,0.11,0.066,7.87,1811.15,1.83,26,126.0,8,2.4958414558991886,-0.016
V-Pd,6.0,12.0,2183.15,1827.9499999999998,23,46,1.63,2.2,5,10,134.0,137.0,-1.346,0.359,0.056,-0.086,-0.008,0.294,0.217,0.106,7.87,1811.15,1.83,26,126.0,8,2.5520610730494337,-0.086
V-Sn,6.0,7.287,2183.15,505.08,23,50,1.63,1.96,5,4,134.0,163.0,-1.375,-0.179,0.056,-0.086,-0.008,0.758,0.114,0.109,7.87,1811.15,1.83,26,126.0,8,2.6640263936081507,-0.238
V-Sb,6.0,6.68,2183.15,903.778,23,51,1.63,2.05,5,5,134.0,166.0,-1.363,-0.076,0.056,-0.086,-0.008,0.749,0.131,0.058,7.87,1811.15,1.83,26,126.0,8,2.661621360293073,-0.233
V-Te,6.0,6.232,2183.15,722.66,23,52,1.63,2.1,5,6,134.0,160.0,-1.365,-0.055,0.056,-0.086,-0.008,0.801,0.196,0.031,7.87,1811.15,1.83,26,126.0,8,2.652924432921289,-0.218
V-Hf,6.0,13.3,2183.15,2506.15,23,72,1.63,1.3,5,4,134.0,159.0,-1.377,-0.551,0.056,-0.086,-0.008,0.646,-0.148,0.073,7.87,1811.15,1.83,26,126.0,8,2.6632794194610603,-0.314
V-Ta,6.0,16.4,2183.15,3290.15,23,73,1.63,1.5,5,5,134.0,146.0,-1.331,-0.747,0.056,-0.086,-0.008,0.321,-0.18,0.04,7.87,1811.15,1.83,26,126.0,8,2.647622110376401,-0.324
V-W,6.0,19.3,2183.15,3687.15,23,74,1.63,1.7,5,6,134.0,139.0,-1.27,-0.709,0.056,-0.086,-0.008,0.129,-0.149,0.016,7.87,1811.15,1.83,26,126.0,8,2.6210775898303433,-0.319
V-Re,6.0,20.8,2183.15,3458.15,23,75,1.63,1.9,5,7,134.0,137.0,-1.175,-0.495,0.056,-0.086,-0.008,0.077,-0.088,0.01,7.87,1811.15,1.83,26,126.0,8,2.562897687055894,-0.26
V-Os,6.0,22.5872,2183.15,3306.15,23,76,1.63,2.2,5,8,134.0,135.0,-1.158,-0.062,0.056,-0.086,-0.008,0.091,-0.016,0.02,7.87,1811.15,1.83,26,126.0,8,2.506896725465538,-0.129
V-Ir,6.0,22.5622,2183.15,2719.15,23,77,1.63,2.2,5,9,134.0,136.0,-1.251,0.423,0.056,-0.086,-0.008,0.135,0.081,0.057,7.87,1811.15,1.83,26,126.0,8,2.501572909784737,-0.016
V-Pt,6.0,21.5,2183.15,2041.35,23,78,1.63,2.2,5,10,134.0,139.0,-1.309,0.375,0.056,-0.086,-0.008,0.262,0.205,0.094,7.87,1811.15,1.83,26,126.0,8,2.547612624125955,-0.068
V-Au,6.0,19.3,2183.15,1337.33,23,79,1.63,2.4,5,11,134.0,144.0,-1.32,0.173,0.056,-0.086,-0.008,0.457,0.297,0.138,7.87,1811.15,1.83,26,126.0,8,2.605599608689901,-0.163
V-U,6.0,19.1,2183.15,1408.15,23,92,1.63,1.7,5,6,134.0,170.0,-1.331,-1.338,0.056,-0.086,-0.008,1.248,0.229,0.073,7.87,1811.15,1.83,26,126.0,8,2.6854438790404203,-0.455
V-Np,6.0,20.2,2183.15,917.15,23,93,1.63,1.3,5,7,134.0,171.0,-1.324,-2.668,0.056,-0.086,-0.008,1.286,0.247,0.055,7.87,1811.15,1.83,26,126.0,8,2.683354649672799,-0.418
Cr-Cr,7.15,7.15,2180.15,2180.15,24,24,1.66,1.66,6,6,128.0,128.0,-1.554,-1.554,0.05,0.005,-0.002,0.05,0.005,-0.002,7.87,1811.15,1.83,26,126.0,8,2.5556876172389162,-0.292
Cr-Mn,7.15,7.3,2180.15,1519.15,24,25,1.66,1.55,6,7,128.0,127.0,-1.51,-0.417,0.05,0.005,-0.002,0.132,0.094,0.019,7.87,1811.15,1.83,26,126.0,8,2.4339199574776766,-0.239
Cr-Co,7.15,8.86,2180.15,1768.15,24,27,1.66,1.88,6,9,128.0,125.0,-1.825,1.653,0.05,0.005,-0.002,-0.01,0.113,0.016,7.87,1811.15,1.83,26,126.0,8,2.4887958649525106,-0.084
Cr-Ni,7.15,8.9,2180.15,1728.15,24,28,1.66,1.91,6,10,128.0,124.0,-1.856,0.833,0.05,0.005,-0.002,0.105,0.22,0.046,7.87,1811.15,1.83,26,126.0,8,2.5270517033477597,-0.139
Cr-Cu,7.15,8.96,2180.15,1357.77,24,29,1.66,1.9,6,11,128.0,128.0,-2.008,0.091,0.05,0.005,-0.002,0.254,0.219,0.054,7.87,1811.15,1.83,26,126.0,8,2.5278735466634834,-0.032
Cr-Zn,7.15,7.134,2180.15,692.6769999999999,24,30,1.66,1.65,6,12,128.0,134.0,-1.934,-0.072,0.05,0.005,-0.002,0.327,0.112,0.043,7.87,1811.15,1.83,26,126.0,8,2.5639606932150585,-0.118
Cr-Ga,7.15,5.91,2180.15,302.91459999999995,24,31,1.66,1.81,6,3,128.0,140.0,-1.942,-0.154,0.05,0.005,-0.002,0.403,0.093,0.04,7.87,1811.15,1.83,26,126.0,8,2.5934825017486594,-0.139
Cr-Ge,7.15,5.3234,2180.15,1211.4,24,32,1.66,2.01,6,4,128.0,144.0,-1.95,-0.097,0.05,0.005,-0.002,0.467,0.158,0.031,7.87,1811.15,1.83,26,126.0,8,2.591848499188053,-0.099
Cr-As,7.15,5.75,2180.15,1090.15,24,33,1.66,2.18,6,5,128.0,148.0,-1.954,-0.05,0.05,0.005,-0.002,0.536,0.228,0.011,7.87,1811.15,1.83,26,126.0,8,2.5767274475033837,-0.072
Cr-Se,7.15,4.819,2180.15,494.15,24,34,1.66,2.55,6,6,128.0,140.0,-2.018,-0.007,0.05,0.005,-0.002,0.675,0.308,0.014,7.87,1811.15,1.83,26,126.0,8,2.580552051929205,-0.033
Cr-Zr,7.15,6.52,2180.15,2127.15,24,40,1.66,1.33,6,4,128.0,160.0,-1.741,-0.399,0.05,0.005,-0.002,0.745,-0.091,0.065,7.87,1811.15,1.83,26,126.0,8,2.6625274648124866,-0.274
Cr-Nb,7.15,8.57,2180.15,2750.15,24,41,1.66,1.6,6,5,128.0,146.0,-1.66,-0.664,0.05,0.005,-0.002,0.395,-0.142,0.053,7.87,1811.15,1.83,26,126.0,8,2.6315117812800137,-0.293
Cr-Mo,7.15,10.2,2180.15,2895.15,24,42,1.66,2.16,6,6,128.0,139.0,-1.503,-0.664,0.05,0.005,-0.002,0.17,-0.117,0.026,7.87,1811.15,1.83,26,126.0,8,2.563286105141234,-0.289
Cr-Ru,7.15,12.1,2180.15,2606.15,24,44,1.66,2.2,6,8,128.0,134.0,-1.577,0.313,0.05,0.005,-0.002,0.122,0.017,0.047,7.87,1811.15,1.83,26,126.0,8,2.456009935619074,-0.073
Cr-Rh,7.15,12.4,2180.15,2236.15,24,45,1.66,2.28,6,9,128.0,134.0,-1.755,0.599,0.05,0.005,-0.002,0.157,0.11,0.066,7.87,1811.15,1.83,26,126.0,8,2.5064385828578986,-0.078
Cr-Pd,7.15,12.0,2180.15,1827.9499999999998,24,46,1.66,2.2,6,10,128.0,137.0,-1.84,0.36,0.05,0.005,-0.002,0.294,0.217,0.106,7.87,1811.15,1.83,26,126.0,8,2.566875590128398,-0.142
Cr-Sn,7.15,7.287,2180.15,505.08,24,50,1.66,1.96,6,4,128.0,163.0,-1.904,-0.173,0.05,0.005,-0.002,0.758,0.114,0.109,7.87,1811.15,1.83,26,126.0,8,2.654558717517465,-0.149
Cr-Sb,7.15,6.68,2180.15,903.778,24,51,1.66,2.05,6,5,128.0,166.0,-1.865,-0.074,0.05,0.005,-0.002,0.749,0.131,0.058,7.87,1811.15,1.83,26,126.0,8,2.647709080444204,-0.169
Cr-Te,7.15,6.232,2180.15,722.66,24,52,1.66,2.1,6,6,128.0,160.0,-1.857,-0.053,0.05,0.005,-0.002,0.801,0.196,0.031,7.87,1811.15,1.83,26,126.0,8,2.6357676296596133,-0.175
Cr-Hf,7.15,13.3,2180.15,2506.15,24,72,1.66,1.3,6,4,128.0,159.0,-1.753,-0.532,0.05,0.005,-0.002,0.646,-0.148,0.073,7.87,1811.15,1.83,26,126.0,8,2.651753999114109,-0.251
Cr-Ta,7.15,16.4,2180.15,3290.15,24,73,1.66,1.5,6,5,128.0,146.0,-1.648,-0.707,0.05,0.005,-0.002,0.321,-0.18,0.04,7.87,1811.15,1.83,26,126.0,8,2.6296135535308323,-0.295
Cr-W,7.15,19.3,2180.15,3687.15,24,74,1.66,1.7,6,6,128.0,139.0,-1.487,-0.651,0.05,0.005,-0.002,0.129,-0.149,0.016,7.87,1811.15,1.83,26,126.0,8,2.5812663981311754,-0.317
Cr-Re,7.15,20.8,2180.15,3458.15,24,75,1.66,1.9,6,7,128.0,137.0,-1.398,-0.464,0.05,0.005,-0.002,0.077,-0.088,0.01,7.87,1811.15,1.83,26,126.0,8,2.51858028712122,-0.27
Cr-Os,7.15,22.5872,2180.15,3306.15,24,76,1.66,2.2,6,8,128.0,135.0,-1.455,-0.022,0.05,0.005,-0.002,0.091,-0.016,0.02,7.87,1811.15,1.83,26,126.0,8,2.480016689478035,-0.168
Cr-Ir,7.15,22.5622,2180.15,2719.15,24,77,1.66,2.2,6,9,128.0,136.0,-1.656,0.422,0.05,0.005,-0.002,0.135,0.081,0.057,7.87,1811.15,1.83,26,126.0,8,2.4999544845533905,-0.078
Cr-Pt,7.15,21.5,2180.15,2041.35,24,78,1.66,2.2,6,10,128.0,139.0,-1.776,0.374,0.05,0.005,-0.002,0.262,0.205,0.094,7.87,1811.15,1.83,26,126.0,8,2.5584397242370995,-0.144
Cr-Au,7.15,19.3,2180.15,1337.33,24,79,1.66,2.4,6,11,128.0,144.0,-1.896,0.151,0.05,0.005,-0.002,0.457,0.297,0.138,7.87,1811.15,1.83,26,126.0,8,2.610285444154553,-0.219
Cr-U,7.15,19.1,2180.15,1408.15,24,92,1.66,1.7,6,6,128.0,170.0,-1.61,-1.304,0.05,0.005,-0.002,1.248,0.229,0.073,7.87,1811.15,1.83,26,126.0,8,2.6720673234533905,-0.476
Cr-Np,7.15,20.2,2180.15,917.15,24,93,1.66,1.3,6,7,128.0,171.0,-1.594,-2.611,0.05,0.005,-0.002,1.286,0.247,0.055,7.87,1811.15,1.83,26,126.0,8,2.682805373502792,-0.45
Mn-Mn,7.3,7.3,1519.15,1519.15,25,25,1.55,1.55,7,7,127.0,127.0,-1.621,1.303,0.132,0.094,0.019,0.132,0.094,0.019,7.87,1811.15,1.83,26,126.0,8,2.3666838821603786,-0.146
Mn-Co,7.3,8.86,1519.15,1768.15,25,27,1.55,1.88,7,9,127.0,125.0,-1.965,1.655,0.132,0.094,0.019,-0.01,0.113,0.016,7.87,1811.15,1.83,26,126.0,8,2.5043392404911136,-0.101
Mn-Ni,7.3,8.9,1519.15,1728.15,25,28,1.55,1.91,7,10,127.0,124.0,-2.605,0.728,0.132,0.094,0.019,0.105,0.22,0.046,7.87,1811.15,1.83,26,126.0,8,2.522475720175104,-0.073
Mn-Cu,7.3,8.96,1519.15,1357.77,25,29,1.55,1.9,7,11,127.0,128.0,-2.371,0.109,0.132,0.094,0.019,0.254,0.219,0.054,7.87,1811.15,1.83,26,126.0,8,2.5248797738905475,0.067
Mn-Zn,7.3,7.134,1519.15,692.6769999999999,25,30,1.55,1.65,7,12,127.0,134.0,-2.424,-0.073,0.132,0.094,0.019,0.327,0.112,0.043,7.87,1811.15,1.83,26,126.0,8,2.563796949642918,-0.02
Mn-Ga,7.3,5.91,1519.15,302.91459999999995,25,31,1.55,1.81,7,3,127.0,140.0,-2.414,-0.15,0.132,0.094,0.019,0.403,0.093,0.04,7.87,1811.15,1.83,26,126.0,8,2.582465990189557,0.012
Mn-Ge,7.3,5.3234,1519.15,1211.4,25,32,1.55,2.01,7,4,127.0,144.0,-2.346,-0.095,0.132,0.094,0.019,0.467,0.158,0.031,7.87,1811.15,1.83,26,126.0,8,2.5704618002575432,0.048
Mn-As,7.3,5.75,1519.15,1090.15,25,33,1.55,2.18,7,5,127.0,148.0,-2.317,-0.049,0.132,0.094,0.019,0.536,0.228,0.011,7.87,1811.15,1.83,26,126.0,8,2.5493533901864645,0.061
Mn-Se,7.3,4.819,1519.15,494.15,25,34,1.55,2.55,7,6,127.0,140.0,-2.387,-0.009,0.132,0.094,0.019,0.675,0.308,0.014,7.87,1811.15,1.83,26,126.0,8,2.5629451335787214,0.081
Mn-Zr,7.3,6.52,1519.15,2127.15,25,40,1.55,1.33,7,4,127.0,160.0,-1.516,-0.376,0.132,0.094,0.019,0.745,-0.091,0.065,7.87,1811.15,1.83,26,126.0,8,2.6319390485506577,-0.197
Mn-Nb,7.3,8.57,1519.15,2750.15,25,41,1.55,1.6,7,5,127.0,146.0,-0.713,-0.637,0.132,0.094,0.019,0.395,-0.142,0.053,7.87,1811.15,1.83,26,126.0,8,2.5562548525948072,-0.224
Mn-Mo,7.3,10.2,1519.15,2895.15,25,42,1.55,2.16,7,6,127.0,139.0,1.097,-0.752,0.132,0.094,0.019,0.17,-0.117,0.026,7.87,1811.15,1.83,26,126.0,8,2.4525894315198182,-0.182
Mn-Ru,7.3,12.1,1519.15,2606.15,25,44,1.55,2.2,7,8,127.0,134.0,-1.507,0.271,0.132,0.094,0.019,0.122,0.017,0.047,7.87,1811.15,1.83,26,126.0,8,2.4454823755647648,-0.062
Mn-Rh,7.3,12.4,1519.15,2236.15,25,45,1.55,2.28,7,9,127.0,134.0,-2.092,0.571,0.132,0.094,0.019,0.157,0.11,0.066,7.87,1811.15,1.83,26,126.0,8,2.5154685249775355,-0.088
Mn-Pd,7.3,12.0,1519.15,1827.9499999999998,25,46,1.55,2.2,7,10,127.0,137.0,-2.64,0.298,0.132,0.094,0.019,0.294,0.217,0.106,7.87,1811.15,1.83,26,126.0,8,2.570522396882963,-0.077
Mn-Sn,7.3,7.287,1519.15,505.08,25,50,1.55,1.96,7,4,127.0,163.0,-2.264,-0.165,0.132,0.094,0.019,0.758,0.114,0.109,7.87,1811.15,1.83,26,126.0,8,2.640497291334215,0.017
Mn-Sb,7.3,6.68,1519.15,903.778,25,51,1.55,2.05,7,5,127.0,166.0,-2.141,-0.072,0.132,0.094,0.019,0.749,0.131,0.058,7.87,1811.15,1.83,26,126.0,8,2.623630067474363,-0.031
Mn-Te,7.3,6.232,1519.15,722.66,25,52,1.55,2.1,7,6,127.0,160.0,-2.089,-0.053,0.132,0.094,0.019,0.801,0.196,0.031,7.87,1811.15,1.83,26,126.0,8,2.611740113207284,-0.06
Mn-Hf,7.3,13.3,1519.15,2506.15,25,72,1.55,1.3,7,4,127.0,159.0,-1.532,-0.501,0.132,0.094,0.019,0.646,-0.148,0.073,7.87,1811.15,1.83,26,126.0,8,2.6246224490354266,-0.162
Mn-Ta,7.3,16.4,1519.15,3290.15,25,73,1.55,1.5,7,5,127.0,146.0,-1.134,-0.661,0.132,0.094,0.019,0.321,-0.18,0.04,7.87,1811.15,1.83,26,126.0,8,2.5646525713936414,-0.215
Mn-W,7.3,19.3,1519.15,3687.15,25,74,1.55,1.7,7,6,127.0,139.0,-0.979,-0.638,0.132,0.094,0.019,0.129,-0.149,0.016,7.87,1811.15,1.83,26,126.0,8,2.5126384390867544,-0.235
Mn-Re,7.3,20.8,1519.15,3458.15,25,75,1.55,1.9,7,7,127.0,137.0,1.086,-0.581,0.132,0.094,0.019,0.077,-0.088,0.01,7.87,1811.15,1.83,26,126.0,8,2.4366272738163457,-0.141
Mn-Os,7.3,22.5872,1519.15,3306.15,25,76,1.55,2.2,7,8,127.0,135.0,0.82,-0.209,0.132,0.094,0.019,0.091,-0.016,0.02,7.87,1811.15,1.83,26,126.0,8,2.4240201285107568,-0.101
Mn-Ir,7.3,22.5622,1519.15,2719.15,25,77,1.55,2.2,7,9,127.0,136.0,-1.851,0.392,0.132,0.094,0.019,0.135,0.081,0.057,7.87,1811.15,1.83,26,126.0,8,2.50131787046141,-0.093
Mn-Pt,7.3,21.5,1519.15,2041.35,25,78,1.55,2.2,7,10,127.0,139.0,-0.062,0.388,0.132,0.094,0.019,0.262,0.205,0.094,7.87,1811.15,1.83,26,126.0,8,2.5567071668916586,-0.266
Mn-Au,7.3,19.3,1519.15,1337.33,25,79,1.55,2.4,7,11,127.0,144.0,-2.618,0.127,0.132,0.094,0.019,0.457,0.297,0.138,7.87,1811.15,1.83,26,126.0,8,2.6115588025492364,-0.059
Mn-U,7.3,19.1,1519.15,1408.15,25,92,1.55,1.7,7,6,127.0,170.0,1.334,-1.136,0.132,0.094,0.019,1.248,0.229,0.073,7.87,1811.15,1.83,26,126.0,8,2.4399458920267825,-0.236
Mn-Np,7.3,20.2,1519.15,917.15,25,93,1.55,1.3,7,7,127.0,171.0,1.383,-2.485,0.132,0.094,0.019,1.286,0.247,0.055,7.87,1811.15,1.83,26,126.0,8,2.4340875531616453,-0.224
Co-Co,8.86,8.86,1768.15,1768.15,27,27,1.88,1.88,9,9,125.0,125.0,1.744,1.741,-0.01,0.113,0.016,-0.01,0.113,0.016,7.87,1811.15,1.83,26,126.0,8,2.4566122772341363,-0.027
Co-Ni,8.86,8.9,1768.15,1728.15,27,28,1.88,1.91,9,10,125.0,124.0,1.749,0.908,-0.01,0.113,0.016,0.105,0.22,0.046,7.87,1811.15,1.83,26,126.0,8,2.4790774591581313,-0.045
Co-Cu,8.86,8.96,1768.15,1357.77,27,29,1.88,1.9,9,11,125.0,128.0,1.686,0.122,-0.01,0.113,0.016,0.254,0.219,0.054,7.87,1811.15,1.83,26,126.0,8,2.4742896806947337,0.02
Co-Zn,8.86,7.134,1768.15,692.6769999999999,27,30,1.88,1.65,9,12,125.0,134.0,1.669,-0.077,-0.01,0.113,0.016,0.327,0.112,0.043,7.87,1811.15,1.83,26,126.0,8,2.4788553055666083,0.01
Co-Ga,8.86,5.91,1768.15,302.91459999999995,27,31,1.88,1.81,9,3,125.0,140.0,1.622,-0.168,-0.01,0.113,0.016,0.403,0.093,0.04,7.87,1811.15,1.83,26,126.0,8,2.4877550644880237,0.001
Co-Ge,8.86,5.3234,1768.15,1211.4,27,32,1.88,2.01,9,4,125.0,144.0,1.568,-0.114,-0.01,0.113,0.016,0.467,0.158,0.031,7.87,1811.15,1.83,26,126.0,8,2.487824801035546,0.015
Co-As,8.86,5.75,1768.15,1090.15,27,33,1.88,2.18,9,5,125.0,148.0,1.531,-0.069,-0.01,0.113,0.016,0.536,0.228,0.011,7.87,1811.15,1.83,26,126.0,8,2.4842650346146162,0.017
Co-Se,8.86,4.819,1768.15,494.15,27,34,1.88,2.55,9,6,125.0,140.0,1.551,-0.021,-0.01,0.113,0.016,0.675,0.308,0.014,7.87,1811.15,1.83,26,126.0,8,2.5004200339242937,0.013
Co-Zr,8.86,6.52,1768.15,2127.15,27,40,1.88,1.33,9,4,125.0,160.0,1.592,-0.427,-0.01,0.113,0.016,0.745,-0.091,0.065,7.87,1811.15,1.83,26,126.0,8,2.54899558140193,0.021
Co-Nb,8.86,8.57,1768.15,2750.15,27,41,1.88,1.6,9,5,125.0,146.0,1.596,-0.725,-0.01,0.113,0.016,0.395,-0.142,0.053,7.87,1811.15,1.83,26,126.0,8,2.5276846402634483,-0.023
Co-Mo,8.86,10.2,1768.15,2895.15,27,42,1.88,2.16,9,6,125.0,139.0,1.609,-0.803,-0.01,0.113,0.016,0.17,-0.117,0.026,7.87,1811.15,1.83,26,126.0,8,2.5168023001690703,-0.07
Co-Ru,8.86,12.1,1768.15,2606.15,27,44,1.88,2.2,9,8,125.0,134.0,1.7,0.224,-0.01,0.113,0.016,0.122,0.017,0.047,7.87,1811.15,1.83,26,126.0,8,2.5098257604967755,-0.093
Co-Rh,8.86,12.4,1768.15,2236.15,27,45,1.88,2.28,9,9,125.0,134.0,1.752,0.668,-0.01,0.113,0.016,0.157,0.11,0.066,7.87,1811.15,1.83,26,126.0,8,2.5141940657098765,-0.056
Co-Pd,8.86,12.0,1768.15,1827.9499999999998,27,46,1.88,2.2,9,10,125.0,137.0,1.764,0.414,-0.01,0.113,0.016,0.294,0.217,0.106,7.87,1811.15,1.83,26,126.0,8,2.534602260066766,-0.039
Co-Sn,8.86,7.287,1768.15,505.08,27,50,1.88,1.96,9,4,125.0,163.0,1.56,-0.192,-0.01,0.113,0.016,0.758,0.114,0.109,7.87,1811.15,1.83,26,126.0,8,2.5519522678958424,0.048
Co-Sb,8.86,6.68,1768.15,903.778,27,51,1.88,2.05,9,5,125.0,166.0,1.527,-0.09,-0.01,0.113,0.016,0.749,0.131,0.058,7.87,1811.15,1.83,26,126.0,8,2.5449376526550305,0.035
Co-Te,8.86,6.232,1768.15,722.66,27,52,1.88,2.1,9,6,125.0,160.0,1.509,-0.074,-0.01,0.113,0.016,0.801,0.196,0.031,7.87,1811.15,1.83,26,126.0,8,2.5425183087214296,0.01
Co-Hf,8.86,13.3,1768.15,2506.15,27,72,1.88,1.3,9,4,125.0,159.0,1.582,-0.56,-0.01,0.113,0.016,0.646,-0.148,0.073,7.87,1811.15,1.83,26,126.0,8,2.540177755887717,0.034
Co-Ta,8.86,16.4,1768.15,3290.15,27,73,1.88,1.5,9,5,125.0,146.0,1.581,-0.768,-0.01,0.113,0.016,0.321,-0.18,0.04,7.87,1811.15,1.83,26,126.0,8,2.520342703454954,-0.015
Co-W,8.86,19.3,1768.15,3687.15,27,74,1.88,1.7,9,6,125.0,139.0,1.588,-0.765,-0.01,0.113,0.016,0.129,-0.149,0.016,7.87,1811.15,1.83,26,126.0,8,2.5119555504951947,-0.068
Co-Re,8.86,20.8,1768.15,3458.15,27,75,1.88,1.9,9,7,125.0,137.0,1.608,-0.612,-0.01,0.113,0.016,0.077,-0.088,0.01,7.87,1811.15,1.83,26,126.0,8,2.5130975157483224,-0.107
Co-Os,8.86,22.5872,1768.15,3306.15,27,76,1.88,2.2,9,8,125.0,135.0,1.667,-0.187,-0.01,0.113,0.016,0.091,-0.016,0.02,7.87,1811.15,1.83,26,126.0,8,2.5200658899239055,-0.13
Co-Ir,8.86,22.5622,1768.15,2719.15,27,77,1.88,2.2,9,9,125.0,136.0,1.729,0.476,-0.01,0.113,0.016,0.135,0.081,0.057,7.87,1811.15,1.83,26,126.0,8,2.519224380686019,-0.081
Co-Pt,8.86,21.5,1768.15,2041.35,27,78,1.88,2.2,9,10,125.0,139.0,1.76,0.431,-0.01,0.113,0.016,0.262,0.205,0.094,7.87,1811.15,1.83,26,126.0,8,2.536766560912795,-0.059
Co-Au,8.86,19.3,1768.15,1337.33,27,79,1.88,2.4,9,11,125.0,144.0,1.739,0.194,-0.01,0.113,0.016,0.457,0.297,0.138,7.87,1811.15,1.83,26,126.0,8,2.5599044110974685,-0.046
Co-U,8.86,19.1,1768.15,1408.15,27,92,1.88,1.7,9,6,125.0,170.0,1.53,-1.307,-0.01,0.113,0.016,1.248,0.229,0.073,7.87,1811.15,1.83,26,126.0,8,2.5506055284975835,-0.073
Co-Np,8.86,20.2,1768.15,917.15,27,93,1.88,1.3,9,7,125.0,171.0,1.555,-2.661,-0.01,0.113,0.016,1.286,0.247,0.055,7.87,1811.15,1.83,26,126.0,8,2.5513990758266356,-0.072
Ni-Ni,8.9,8.9,1728.15,1728.15,28,28,1.91,1.91,10,10,124.0,124.0,0.857,0.859,0.105,0.22,0.046,0.105,0.22,0.046,7.87,1811.15,1.83,26,126.0,8,2.4893080093536066,-0.03
Ni-Cu,8.9,8.96,1728.15,1357.77,28,29,1.91,1.9,10,11,124.0,128.0,0.841,0.134,0.105,0.22,0.046,0.254,0.219,0.054,7.87,1811.15,1.83,26,126.0,8,2.480027565940255,0.131
Ni-Zn,8.9,7.134,1728.15,692.6769999999999,28,30,1.91,1.65,10,12,124.0,134.0,0.826,-0.075,0.105,0.22,0.046,0.327,0.112,0.043,7.87,1811.15,1.83,26,126.0,8,2.482704151416844,0.08
Ni-Ga,8.9,5.91,1728.15,302.91459999999995,28,31,1.91,1.81,10,3,124.0,140.0,0.771,-0.168,0.105,0.22,0.046,0.403,0.093,0.04,7.87,1811.15,1.83,26,126.0,8,2.4890443524185235,0.106
Ni-Ge,8.9,5.3234,1728.15,1211.4,28,32,1.91,2.01,10,4,124.0,144.0,0.735,-0.112,0.105,0.22,0.046,0.467,0.158,0.031,7.87,1811.15,1.83,26,126.0,8,2.489068835709805,0.137
Ni-As,8.9,5.75,1728.15,1090.15,28,33,1.91,2.18,10,5,124.0,148.0,0.721,-0.068,0.105,0.22,0.046,0.536,0.228,0.011,7.87,1811.15,1.83,26,126.0,8,2.494533913974232,0.127
Ni-Se,8.9,4.819,1728.15,494.15,28,34,1.91,2.55,10,6,124.0,140.0,0.749,-0.017,0.105,0.22,0.046,0.675,0.308,0.014,7.87,1811.15,1.83,26,126.0,8,2.5323557411194573,0.123
Ni-Zr,8.9,6.52,1728.15,2127.15,28,40,1.91,1.33,10,4,124.0,160.0,0.802,-0.409,0.105,0.22,0.046,0.745,-0.091,0.065,7.87,1811.15,1.83,26,126.0,8,2.5614046802784296,0.026
Ni-Nb,8.9,8.57,1728.15,2750.15,28,41,1.91,1.6,10,5,124.0,146.0,0.81,-0.704,0.105,0.22,0.046,0.395,-0.142,0.053,7.87,1811.15,1.83,26,126.0,8,2.549788595388566,-0.059
Ni-Mo,8.9,10.2,1728.15,2895.15,28,42,1.91,2.16,10,6,124.0,139.0,0.821,-0.787,0.105,0.22,0.046,0.17,-0.117,0.026,7.87,1811.15,1.83,26,126.0,8,2.5471369538239257,-0.139
Ni-Ru,8.9,12.1,1728.15,2606.15,28,44,1.91,2.2,10,8,124.0,134.0,0.888,0.295,0.105,0.22,0.046,0.122,0.017,0.047,7.87,1811.15,1.83,26,126.0,8,2.5365119348755476,-0.16
Ni-Rh,8.9,12.4,1728.15,2236.15,28,45,1.91,2.28,10,9,124.0,134.0,0.907,0.678,0.105,0.22,0.046,0.157,0.11,0.066,7.87,1811.15,1.83,26,126.0,8,2.533857190582327,-0.079
Ni-Pd,8.9,12.0,1728.15,1827.9499999999998,28,46,1.91,2.2,10,10,124.0,137.0,0.868,0.388,0.105,0.22,0.046,0.294,0.217,0.106,7.87,1811.15,1.83,26,126.0,8,2.542958546232921,-0.019
Ni-Sn,8.9,7.287,1728.15,505.08,28,50,1.91,1.96,10,4,124.0,163.0,0.733,-0.188,0.105,0.22,0.046,0.758,0.114,0.109,7.87,1811.15,1.83,26,126.0,8,2.5501302155027554,0.185
Ni-Sb,8.9,6.68,1728.15,903.778,28,51,1.91,2.05,10,5,124.0,166.0,0.717,-0.088,0.105,0.22,0.046,0.749,0.131,0.058,7.87,1811.15,1.83,26,126.0,8,2.5467924005613636,0.134
Ni-Te,8.9,6.232,1728.15,722.66,28,52,1.91,2.1,10,6,124.0,160.0,0.716,-0.07,0.105,0.22,0.046,0.801,0.196,0.031,7.87,1811.15,1.83,26,126.0,8,2.5494802220486092,0.077
Ni-Hf,8.9,13.3,1728.15,2506.15,28,72,1.91,1.3,10,4,124.0,159.0,0.801,-0.532,0.105,0.22,0.046,0.646,-0.148,0.073,7.87,1811.15,1.83,26,126.0,8,2.548720729180298,0.049
Ni-Ta,8.9,16.4,1728.15,3290.15,28,73,1.91,1.5,10,5,124.0,146.0,0.805,-0.735,0.105,0.22,0.046,0.321,-0.18,0.04,7.87,1811.15,1.83,26,126.0,8,2.542064500102196,-0.06
Ni-W,8.9,19.3,1728.15,3687.15,28,74,1.91,1.7,10,6,124.0,139.0,0.807,-0.741,0.105,0.22,0.046,0.129,-0.149,0.016,7.87,1811.15,1.83,26,126.0,8,2.539794304663137,-0.152
Ni-Re,8.9,20.8,1728.15,3458.15,28,75,1.91,1.9,10,7,124.0,137.0,0.807,-0.604,0.105,0.22,0.046,0.077,-0.088,0.01,7.87,1811.15,1.83,26,126.0,8,2.5446924440326373,-0.216
Ni-Os,8.9,22.5872,1728.15,3306.15,28,76,1.91,2.2,10,8,124.0,135.0,0.842,-0.176,0.105,0.22,0.046,0.091,-0.016,0.02,7.87,1811.15,1.83,26,126.0,8,2.5483612592168736,-0.24
Ni-Ir,8.9,22.5622,1728.15,2719.15,28,77,1.91,2.2,10,9,124.0,136.0,0.899,0.495,0.105,0.22,0.046,0.135,0.081,0.057,7.87,1811.15,1.83,26,126.0,8,2.5399371671571713,-0.137
Ni-Pt,8.9,21.5,1728.15,2041.35,28,78,1.91,2.2,10,10,124.0,139.0,0.883,0.417,0.105,0.22,0.046,0.262,0.205,0.094,7.87,1811.15,1.83,26,126.0,8,2.5497970350130243,-0.077
Ni-Au,8.9,19.3,1728.15,1337.33,28,79,1.91,2.4,10,11,124.0,144.0,0.8,0.152,0.105,0.22,0.046,0.457,0.297,0.138,7.87,1811.15,1.83,26,126.0,8,2.562735034397482,0.02
Ni-U,8.9,19.1,1728.15,1408.15,28,92,1.91,1.7,10,6,124.0,170.0,0.758,-1.314,0.105,0.22,0.046,1.248,0.229,0.073,7.87,1811.15,1.83,26,126.0,8,2.606234603892896,-0.155
Ni-Np,8.9,20.2,1728.15,917.15,28,93,1.91,1.3,10,7,124.0,171.0,0.783,-2.637,0.105,0.22,0.046,1.286,0.247,0.055,7.87,1811.15,1.83,26,126.0,8,2.614783229547723,-0.158
Cu-Cu,8.96,8.96,1357.77,1357.77,29,29,1.9,1.9,11,11,128.0,128.0,0.134,0.134,0.254,0.219,0.054,0.254,0.219,0.054,7.87,1811.15,1.83,26,126.0,8,2.4649256793658165,0.197
Cu-Zn,8.96,7.134,1357.77,692.6769999999999,29,30,1.9,1.65,11,12,128.0,134.0,0.114,-0.078,0.254,0.219,0.054,0.327,0.112,0.043,7.87,1811.15,1.83,26,126.0,8,2.4763874248028572,0.198
Cu-Ga,8.96,5.91,1357.77,302.91459999999995,29,31,1.9,1.81,11,3,128.0,140.0,0.115,-0.164,0.254,0.219,0.054,0.403,0.093,0.04,7.87,1811.15,1.83,26,126.0,8,2.493314389543867,0.213
Cu-Ge,8.96,5.3234,1357.77,1211.4,29,32,1.9,2.01,11,4,128.0,144.0,0.114,-0.11,0.254,0.219,0.054,0.467,0.158,0.031,7.87,1811.15,1.83,26,126.0,8,2.507700287757325,0.196
Cu-As,8.96,5.75,1357.77,1090.15,29,33,1.9,2.18,11,5,128.0,148.0,0.118,-0.066,0.254,0.219,0.054,0.536,0.228,0.011,7.87,1811.15,1.83,26,126.0,8,2.5396595003095688,0.146
Cu-Se,8.96,4.819,1357.77,494.15,29,34,1.9,2.55,11,6,128.0,140.0,0.133,-0.01,0.254,0.219,0.054,0.675,0.308,0.014,7.87,1811.15,1.83,26,126.0,8,2.5973669374167576,0.144
Cu-Zr,8.96,6.52,1357.77,2127.15,29,40,1.9,1.33,11,4,128.0,160.0,0.091,-0.425,0.254,0.219,0.054,0.745,-0.091,0.065,7.87,1811.15,1.83,26,126.0,8,2.595425657580862,0.029
Cu-Nb,8.96,8.57,1357.77,2750.15,29,41,1.9,1.6,11,5,128.0,146.0,0.081,-0.739,0.254,0.219,0.054,0.395,-0.142,0.053,7.87,1811.15,1.83,26,126.0,8,2.5775298813710608,-0.051
Cu-Mo,8.96,10.2,1357.77,2895.15,29,42,1.9,2.16,11,6,128.0,139.0,0.08,-0.841,0.254,0.219,0.054,0.17,-0.117,0.026,7.87,1811.15,1.83,26,126.0,8,2.5638547498169495,-0.096
Cu-Ru,8.96,12.1,1357.77,2606.15,29,44,1.9,2.2,11,8,128.0,134.0,0.111,0.103,0.254,0.219,0.054,0.122,0.017,0.047,7.87,1811.15,1.83,26,126.0,8,2.54085485771181,-0.046
Cu-Rh,8.96,12.4,1357.77,2236.15,29,45,1.9,2.28,11,9,128.0,134.0,0.128,0.6,0.254,0.219,0.054,0.157,0.11,0.066,7.87,1811.15,1.83,26,126.0,8,2.5293395852986498,0.044
Cu-Pd,8.96,12.0,1357.77,1827.9499999999998,29,46,1.9,2.2,11,10,128.0,137.0,0.137,0.368,0.254,0.219,0.054,0.294,0.217,0.106,7.87,1811.15,1.83,26,126.0,8,2.533069594546888,0.155
Cu-Sn,8.96,7.287,1357.77,505.08,29,50,1.9,1.96,11,4,128.0,163.0,0.108,-0.178,0.254,0.219,0.054,0.758,0.114,0.109,7.87,1811.15,1.83,26,126.0,8,2.5643742322368355,0.242
Cu-Sb,8.96,6.68,1357.77,903.778,29,51,1.9,2.05,11,5,128.0,166.0,0.104,-0.086,0.254,0.219,0.054,0.749,0.131,0.058,7.87,1811.15,1.83,26,126.0,8,2.570650506494101,0.127
Cu-Te,8.96,6.232,1357.77,722.66,29,52,1.9,2.1,11,6,128.0,160.0,0.1,-0.066,0.254,0.219,0.054,0.801,0.196,0.031,7.87,1811.15,1.83,26,126.0,8,2.5862049344358153,0.035
Cu-Hf,8.96,13.3,1357.77,2506.15,29,72,1.9,1.3,11,4,128.0,159.0,0.088,-0.546,0.254,0.219,0.054,0.646,-0.148,0.073,7.87,1811.15,1.83,26,126.0,8,2.5840499683613287,0.031
Cu-Ta,8.96,16.4,1357.77,3290.15,29,73,1.9,1.5,11,5,128.0,146.0,0.077,-0.771,0.254,0.219,0.054,0.321,-0.18,0.04,7.87,1811.15,1.83,26,126.0,8,2.571310484255083,-0.071
Cu-W,8.96,19.3,1357.77,3687.15,29,74,1.9,1.7,11,6,128.0,139.0,0.075,-0.788,0.254,0.219,0.054,0.129,-0.149,0.016,7.87,1811.15,1.83,26,126.0,8,2.562144115329335,-0.129
Cu-Re,8.96,20.8,1357.77,3458.15,29,75,1.9,1.9,11,7,128.0,137.0,0.08,-0.657,0.254,0.219,0.054,0.077,-0.088,0.01,7.87,1811.15,1.83,26,126.0,8,2.560410663987902,-0.136
Cu-Os,8.96,22.5872,1357.77,3306.15,29,76,1.9,2.2,11,8,128.0,135.0,0.099,-0.257,0.254,0.219,0.054,0.091,-0.016,0.02,7.87,1811.15,1.83,26,126.0,8,2.5533872095287085,-0.108
Cu-Ir,8.96,22.5622,1357.77,2719.15,29,77,1.9,2.2,11,9,128.0,136.0,0.123,0.415,0.254,0.219,0.054,0.135,0.081,0.057,7.87,1811.15,1.83,26,126.0,8,2.5400370818091536,-0.017
Cu-Pt,8.96,21.5,1357.77,2041.35,29,78,1.9,2.2,11,10,128.0,139.0,0.132,0.38,0.254,0.219,0.054,0.262,0.205,0.094,7.87,1811.15,1.83,26,126.0,8,2.5443527598417037,0.084
Cu-Au,8.96,19.3,1357.77,1337.33,29,79,1.9,2.4,11,11,128.0,144.0,0.135,0.164,0.254,0.219,0.054,0.457,0.297,0.138,7.87,1811.15,1.83,26,126.0,8,2.5549655363997763,0.187
Cu-U,8.96,19.1,1357.77,1408.15,29,92,1.9,1.7,11,6,128.0,170.0,0.072,-1.325,0.254,0.219,0.054,1.248,0.229,0.073,7.87,1811.15,1.83,26,126.0,8,2.6898218009257375,-0.182
Cu-Np,8.96,20.2,1357.77,917.15,29,93,1.9,1.3,11,7,128.0,171.0,0.068,-2.721,0.254,0.219,0.054,1.286,0.247,0.055,7.87,1811.15,1.83,26,126.0,8,2.6975404393245985,-0.161
Zn-Zn,7.134,7.134,692.6769999999999,692.6769999999999,30,30,1.65,1.65,12,12,134.0,134.0,-0.075,-0.075,0.327,0.112,0.043,0.327,0.112,0.043,7.87,1811.15,1.83,26,126.0,8,2.512096709207251,0.128
Zn-Ga,7.134,5.91,692.6769999999999,302.91459999999995,30,31,1.65,1.81,12,3,134.0,140.0,-0.073,-0.161,0.327,0.112,0.043,0.403,0.093,0.04,7.87,1811.15,1.83,26,126.0,8,2.5552841570233724,0.057
Zn-Ge,7.134,5.3234,692.6769999999999,1211.4,30,32,1.65,2.01,12,4,134.0,144.0,-0.072,-0.11,0.327,0.112,0.043,0.467,0.158,0.031,7.87,1811.15,1.83,26,126.0,8,2.5925680852485846,-0.024
Zn-As,7.134,5.75,692.6769999999999,1090.15,30,33,1.65,2.18,12,5,134.0,148.0,-0.073,-0.064,0.327,0.112,0.043,0.536,0.228,0.011,7.87,1811.15,1.83,26,126.0,8,2.6335195285537973,-0.1
Zn-Se,7.134,4.819,692.6769999999999,494.15,30,34,1.65,2.55,12,6,134.0,140.0,-0.073,-0.008,0.327,0.112,0.043,0.675,0.308,0.014,7.87,1811.15,1.83,26,126.0,8,2.6964244727824638,-0.066
Zn-Zr,7.134,6.52,692.6769999999999,2127.15,30,40,1.65,1.33,12,4,134.0,160.0,-0.082,-0.431,0.327,0.112,0.043,0.745,-0.091,0.065,7.87,1811.15,1.83,26,126.0,8,2.6506214921427955,-0.122
Zn-Nb,7.134,8.57,692.6769999999999,2750.15,30,41,1.65,1.6,12,5,134.0,146.0,-0.078,-0.729,0.327,0.112,0.043,0.395,-0.142,0.053,7.87,1811.15,1.83,26,126.0,8,2.626199502422236,-0.172
Zn-Mo,7.134,10.2,692.6769999999999,2895.15,30,42,1.65,2.16,12,6,134.0,139.0,-0.073,-0.808,0.327,0.112,0.043,0.17,-0.117,0.026,7.87,1811.15,1.83,26,126.0,8,2.607284830629501,-0.2
Zn-Ru,7.134,12.1,692.6769999999999,2606.15,30,44,1.65,2.2,12,8,134.0,134.0,-0.067,0.207,0.327,0.112,0.043,0.122,0.017,0.047,7.87,1811.15,1.83,26,126.0,8,2.549748601535137,-0.088
Zn-Rh,7.134,12.4,692.6769999999999,2236.15,30,45,1.65,2.28,12,9,134.0,134.0,-0.07,0.612,0.327,0.112,0.043,0.157,0.11,0.066,7.87,1811.15,1.83,26,126.0,8,2.5273576159271167,0.031
Zn-Pd,7.134,12.0,692.6769999999999,1827.9499999999998,30,46,1.65,2.2,12,10,134.0,137.0,-0.074,0.358,0.327,0.112,0.043,0.294,0.217,0.106,7.87,1811.15,1.83,26,126.0,8,2.5288590351248414,0.113
Zn-Sn,7.134,7.287,692.6769999999999,505.08,30,50,1.65,1.96,12,4,134.0,163.0,-0.073,-0.179,0.327,0.112,0.043,0.758,0.114,0.109,7.87,1811.15,1.83,26,126.0,8,2.6308607537713167,-0.018
Zn-Sb,7.134,6.68,692.6769999999999,903.778,30,51,1.65,2.05,12,5,134.0,166.0,-0.075,-0.087,0.327,0.112,0.043,0.749,0.131,0.058,7.87,1811.15,1.83,26,126.0,8,2.6527048547273395,-0.166
Zn-Te,7.134,6.232,692.6769999999999,722.66,30,52,1.65,2.1,12,6,134.0,160.0,-0.075,-0.065,0.327,0.112,0.043,0.801,0.196,0.031,7.87,1811.15,1.83,26,126.0,8,2.682069707425272,-0.251
Zn-Hf,7.134,13.3,692.6769999999999,2506.15,30,72,1.65,1.3,12,4,134.0,159.0,-0.083,-0.559,0.327,0.112,0.043,0.646,-0.148,0.073,7.87,1811.15,1.83,26,126.0,8,2.6429108813289637,-0.119
Zn-Ta,7.134,16.4,692.6769999999999,3290.15,30,73,1.65,1.5,12,5,134.0,146.0,-0.078,-0.758,0.327,0.112,0.043,0.321,-0.18,0.04,7.87,1811.15,1.83,26,126.0,8,2.629009194462881,-0.214
Zn-W,7.134,19.3,692.6769999999999,3687.15,30,74,1.65,1.7,12,6,134.0,139.0,-0.072,-0.761,0.327,0.112,0.043,0.129,-0.149,0.016,7.87,1811.15,1.83,26,126.0,8,2.614039000803266,-0.266
Zn-Re,7.134,20.8,692.6769999999999,3458.15,30,75,1.65,1.9,12,7,134.0,137.0,-0.068,-0.618,0.327,0.112,0.043,0.077,-0.088,0.01,7.87,1811.15,1.83,26,126.0,8,2.603324903624259,-0.268
Zn-Os,7.134,22.5872,692.6769999999999,3306.15,30,76,1.65,2.2,12,8,134.0,135.0,-0.065,-0.208,0.327,0.112,0.043,0.091,-0.016,0.02,7.87,1811.15,1.83,26,126.0,8,2.580318166597269,-0.208
Zn-Ir,7.134,22.5622,692.6769999999999,2719.15,30,77,1.65,2.2,12,9,134.0,136.0,-0.064,0.44,0.327,0.112,0.043,0.135,0.081,0.057,7.87,1811.15,1.83,26,126.0,8,2.5480713105472415,-0.063
Zn-Pt,7.134,21.5,692.6769999999999,2041.35,30,78,1.65,2.2,12,10,134.0,139.0,-0.069,0.377,0.327,0.112,0.043,0.262,0.205,0.094,7.87,1811.15,1.83,26,126.0,8,2.5470255909559363,0.023
Zn-Au,7.134,19.3,692.6769999999999,1337.33,30,79,1.65,2.4,12,11,134.0,144.0,-0.075,0.147,0.327,0.112,0.043,0.457,0.297,0.138,7.87,1811.15,1.83,26,126.0,8,2.561671997630742,0.103
Zn-U,7.134,19.1,692.6769999999999,1408.15,30,92,1.65,1.7,12,6,134.0,170.0,-0.078,-1.351,0.327,0.112,0.043,1.248,0.229,0.073,7.87,1811.15,1.83,26,126.0,8,2.787734958570135,-0.374
Zn-Np,7.134,20.2,692.6769999999999,917.15,30,93,1.65,1.3,12,7,134.0,171.0,-0.076,-2.699,0.327,0.112,0.043,1.286,0.247,0.055,7.87,1811.15,1.83,26,126.0,8,2.783696631943624,-0.346
Ga-Ga,5.91,5.91,302.91459999999995,302.91459999999995,31,31,1.81,1.81,3,3,140.0,140.0,-0.161,-0.161,0.403,0.093,0.04,0.403,0.093,0.04,7.87,1811.15,1.83,26,126.0,8,2.6236545593936667,-0.091
Ga-Ge,5.91,5.3234,302.91459999999995,1211.4,31,32,1.81,2.01,3,4,140.0,144.0,-0.163,-0.111,0.403,0.093,0.04,0.467,0.158,0.031,7.87,1811.15,1.83,26,126.0,8,2.6719660278748374,-0.211
Ga-As,5.91,5.75,302.91459999999995,1090.15,31,33,1.81,2.18,3,5,140.0,148.0,-0.166,-0.064,0.403,0.093,0.04,0.536,0.228,0.011,7.87,1811.15,1.83,26,126.0,8,2.7267029066662896,-0.285
Ga-Se,5.91,4.819,302.91459999999995,494.15,31,34,1.81,2.55,3,6,140.0,140.0,-0.17,-0.008,0.403,0.093,0.04,0.675,0.308,0.014,7.87,1811.15,1.83,26,126.0,8,2.7886212589628516,-0.214
Ga-Zr,5.91,6.52,302.91459999999995,2127.15,31,40,1.81,1.33,3,4,140.0,160.0,-0.164,-0.42,0.403,0.093,0.04,0.745,-0.091,0.065,7.87,1811.15,1.83,26,126.0,8,2.687398770099391,-0.21
Ga-Nb,5.91,8.57,302.91459999999995,2750.15,31,41,1.81,1.6,3,5,140.0,146.0,-0.157,-0.706,0.403,0.093,0.04,0.395,-0.142,0.053,7.87,1811.15,1.83,26,126.0,8,2.6576015433313076,-0.241
Ga-Mo,5.91,10.2,302.91459999999995,2895.15,31,42,1.81,2.16,3,6,140.0,139.0,-0.153,-0.793,0.403,0.093,0.04,0.17,-0.117,0.026,7.87,1811.15,1.83,26,126.0,8,2.6310593527356954,-0.244
Ga-Ru,5.91,12.1,302.91459999999995,2606.15,31,44,1.81,2.2,3,8,140.0,134.0,-0.152,0.166,0.403,0.093,0.04,0.122,0.017,0.047,7.87,1811.15,1.83,26,126.0,8,2.5510016284045487,-0.063
Ga-Rh,5.91,12.4,302.91459999999995,2236.15,31,45,1.81,2.28,3,9,140.0,134.0,-0.159,0.564,0.403,0.093,0.04,0.157,0.11,0.066,7.87,1811.15,1.83,26,126.0,8,2.525158112208334,0.05
Ga-Pd,5.91,12.0,302.91459999999995,1827.9499999999998,31,46,1.81,2.2,3,10,140.0,137.0,-0.165,0.324,0.403,0.093,0.04,0.294,0.217,0.106,7.87,1811.15,1.83,26,126.0,8,2.5278584144548324,0.137
Ga-Sn,5.91,7.287,302.91459999999995,505.08,31,50,1.81,1.96,3,4,140.0,163.0,-0.16,-0.182,0.403,0.093,0.04,0.758,0.114,0.109,7.87,1811.15,1.83,26,126.0,8,2.7043717323962526,-0.243
Ga-Sb,5.91,6.68,302.91459999999995,903.778,31,51,1.81,2.05,3,5,140.0,166.0,-0.161,-0.088,0.403,0.093,0.04,0.749,0.131,0.058,7.87,1811.15,1.83,26,126.0,8,2.7394725825470467,-0.405
Ga-Te,5.91,6.232,302.91459999999995,722.66,31,52,1.81,2.1,3,6,140.0,160.0,-0.161,-0.062,0.403,0.093,0.04,0.801,0.196,0.031,7.87,1811.15,1.83,26,126.0,8,2.7755624143007718,-0.489
Ga-Hf,5.91,13.3,302.91459999999995,2506.15,31,72,1.81,1.3,3,4,140.0,159.0,-0.162,-0.538,0.403,0.093,0.04,0.646,-0.148,0.073,7.87,1811.15,1.83,26,126.0,8,2.682548353395497,-0.214
Ga-Ta,5.91,16.4,302.91459999999995,3290.15,31,73,1.81,1.5,3,5,140.0,146.0,-0.155,-0.73,0.403,0.093,0.04,0.321,-0.18,0.04,7.87,1811.15,1.83,26,126.0,8,2.6650078758202427,-0.304
Ga-W,5.91,19.3,302.91459999999995,3687.15,31,74,1.81,1.7,3,6,140.0,139.0,-0.151,-0.745,0.403,0.093,0.04,0.129,-0.149,0.016,7.87,1811.15,1.83,26,126.0,8,2.6451885953877405,-0.341
Ga-Re,5.91,20.8,302.91459999999995,3458.15,31,75,1.81,1.9,3,7,140.0,137.0,-0.148,-0.614,0.403,0.093,0.04,0.077,-0.088,0.01,7.87,1811.15,1.83,26,126.0,8,2.624673735728129,-0.311
Ga-Os,5.91,22.5872,302.91459999999995,3306.15,31,76,1.81,2.2,3,8,140.0,135.0,-0.148,-0.216,0.403,0.093,0.04,0.091,-0.016,0.02,7.87,1811.15,1.83,26,126.0,8,2.5878630511752294,-0.209
Ga-Ir,5.91,22.5622,302.91459999999995,2719.15,31,77,1.81,2.2,3,9,140.0,136.0,-0.153,0.392,0.403,0.093,0.04,0.135,0.081,0.057,7.87,1811.15,1.83,26,126.0,8,2.553283086740988,-0.067
Ga-Pt,5.91,21.5,302.91459999999995,2041.35,31,78,1.81,2.2,3,10,140.0,139.0,-0.16,0.34,0.403,0.093,0.04,0.262,0.205,0.094,7.87,1811.15,1.83,26,126.0,8,2.554443345524622,0.01
Ga-Au,5.91,19.3,302.91459999999995,1337.33,31,79,1.81,2.4,3,11,140.0,144.0,-0.164,0.134,0.403,0.093,0.04,0.457,0.297,0.138,7.87,1811.15,1.83,26,126.0,8,2.5786718574201024,0.08
Ga-U,5.91,19.1,302.91459999999995,1408.15,31,92,1.81,1.7,3,6,140.0,170.0,-0.16,-1.319,0.403,0.093,0.04,1.248,0.229,0.073,7.87,1811.15,1.83,26,126.0,8,2.842959126899625,-0.502
Ga-Np,5.91,20.2,302.91459999999995,917.15,31,93,1.81,1.3,3,7,140.0,171.0,-0.162,-2.672,0.403,0.093,0.04,1.286,0.247,0.055,7.87,1811.15,1.83,26,126.0,8,2.837293132134021,-0.482
Ge-Ge,5.3234,5.3234,1211.4,1211.4,32,32,2.01,2.01,4,4,144.0,144.0,-0.113,-0.113,0.467,0.158,0.031,0.467,0.158,0.031,7.87,1811.15,1.83,26,126.0,8,2.731757679956622,-0.351
Ge-As,5.3234,5.75,1211.4,1090.15,32,33,2.01,2.18,4,5,144.0,148.0,-0.115,-0.063,0.467,0.158,0.031,0.536,0.228,0.011,7.87,1811.15,1.83,26,126.0,8,2.797278348594041,-0.416
Ge-Se,5.3234,4.819,1211.4,494.15,32,34,2.01,2.55,4,6,144.0,140.0,-0.117,-0.009,0.467,0.158,0.031,0.675,0.308,0.014,7.87,1811.15,1.83,26,126.0,8,2.86684423542309,-0.298
Ge-Zr,5.3234,6.52,1211.4,2127.15,32,40,2.01,1.33,4,4,144.0,160.0,-0.1,-0.412,0.467,0.158,0.031,0.745,-0.091,0.065,7.87,1811.15,1.83,26,126.0,8,2.6954235507405886,-0.183
Ge-Nb,5.3234,8.57,1211.4,2750.15,32,41,2.01,1.6,4,5,144.0,146.0,-0.097,-0.699,0.467,0.158,0.031,0.395,-0.142,0.053,7.87,1811.15,1.83,26,126.0,8,2.659282265167785,-0.213
Ge-Mo,5.3234,10.2,1211.4,2895.15,32,42,2.01,2.16,4,6,144.0,139.0,-0.096,-0.792,0.467,0.158,0.031,0.17,-0.117,0.026,7.87,1811.15,1.83,26,126.0,8,2.6289551707274743,-0.211
Ge-Ru,5.3234,12.1,1211.4,2606.15,32,44,2.01,2.2,4,8,144.0,134.0,-0.1,0.171,0.467,0.158,0.031,0.122,0.017,0.047,7.87,1811.15,1.83,26,126.0,8,2.540536605728644,-0.013
Ge-Rh,5.3234,12.4,1211.4,2236.15,32,45,2.01,2.28,4,9,144.0,134.0,-0.109,0.526,0.467,0.158,0.031,0.157,0.11,0.066,7.87,1811.15,1.83,26,126.0,8,2.5227697678261047,0.081
Ge-Pd,5.3234,12.0,1211.4,1827.9499999999998,32,46,2.01,2.2,4,10,144.0,137.0,-0.112,0.307,0.467,0.158,0.031,0.294,0.217,0.106,7.87,1811.15,1.83,26,126.0,8,2.53753873483198,0.143
Ge-Sn,5.3234,7.287,1211.4,505.08,32,50,2.01,1.96,4,4,144.0,163.0,-0.109,-0.186,0.467,0.158,0.031,0.758,0.114,0.109,7.87,1811.15,1.83,26,126.0,8,2.7578990821706686,-0.401
Ge-Sb,5.3234,6.68,1211.4,903.778,32,51,2.01,2.05,4,5,144.0,166.0,-0.11,-0.089,0.467,0.158,0.031,0.749,0.131,0.058,7.87,1811.15,1.83,26,126.0,8,2.7976221163850377,-0.573
Ge-Te,5.3234,6.232,1211.4,722.66,32,52,2.01,2.1,4,6,144.0,160.0,-0.108,-0.059,0.467,0.158,0.031,0.801,0.196,0.031,7.87,1811.15,1.83,26,126.0,8,2.8418918217699836,-0.644
Ge-Hf,5.3234,13.3,1211.4,2506.15,32,72,2.01,1.3,4,4,144.0,159.0,-0.1,-0.522,0.467,0.158,0.031,0.646,-0.148,0.073,7.87,1811.15,1.83,26,126.0,8,2.6931578783768058,-0.202
Ge-Ta,5.3234,16.4,1211.4,3290.15,32,73,2.01,1.5,4,5,144.0,146.0,-0.097,-0.721,0.467,0.158,0.031,0.321,-0.18,0.04,7.87,1811.15,1.83,26,126.0,8,2.669296855433036,-0.292
Ge-W,5.3234,19.3,1211.4,3687.15,32,74,2.01,1.7,4,6,144.0,139.0,-0.095,-0.743,0.467,0.158,0.031,0.129,-0.149,0.016,7.87,1811.15,1.83,26,126.0,8,2.6445670260971745,-0.328
Ge-Re,5.3234,20.8,1211.4,3458.15,32,75,2.01,1.9,4,7,144.0,137.0,-0.094,-0.612,0.467,0.158,0.031,0.077,-0.088,0.01,7.87,1811.15,1.83,26,126.0,8,2.6174287703230146,-0.302
Ge-Os,5.3234,22.5872,1211.4,3306.15,32,76,2.01,2.2,4,8,144.0,135.0,-0.097,-0.192,0.467,0.158,0.031,0.091,-0.016,0.02,7.87,1811.15,1.83,26,126.0,8,2.5794746725726183,-0.202
Ge-Ir,5.3234,22.5622,1211.4,2719.15,32,77,2.01,2.2,4,9,144.0,136.0,-0.104,0.361,0.467,0.158,0.031,0.135,0.081,0.057,7.87,1811.15,1.83,26,126.0,8,2.550655224846681,-0.063
Ge-Pt,5.3234,21.5,1211.4,2041.35,32,78,2.01,2.2,4,10,144.0,139.0,-0.11,0.322,0.467,0.158,0.031,0.262,0.205,0.094,7.87,1811.15,1.83,26,126.0,8,2.56441285013972,-0.017
Ge-Au,5.3234,19.3,1211.4,1337.33,32,79,2.01,2.4,4,11,144.0,144.0,-0.112,0.132,0.467,0.158,0.031,0.457,0.297,0.138,7.87,1811.15,1.83,26,126.0,8,2.6123077602976705,0.007
Ge-U,5.3234,19.1,1211.4,1408.15,32,92,2.01,1.7,4,6,144.0,170.0,-0.097,-1.293,0.467,0.158,0.031,1.248,0.229,0.073,7.87,1811.15,1.83,26,126.0,8,2.8586006881271975,-0.542
Ge-Np,5.3234,20.2,1211.4,917.15,32,93,2.01,1.3,4,7,144.0,171.0,-0.1,-2.672,0.467,0.158,0.031,1.286,0.247,0.055,7.87,1811.15,1.83,26,126.0,8,2.8515592395427722,-0.515
As-As,5.75,5.75,1090.15,1090.15,33,33,2.18,2.18,5,5,148.0,148.0,-0.062,-0.062,0.536,0.228,0.011,0.536,0.228,0.011,7.87,1811.15,1.83,26,126.0,8,2.872580593415336,-0.433
As-Se,5.75,4.819,1090.15,494.15,33,34,2.18,2.55,5,6,148.0,140.0,-0.067,-0.013,0.536,0.228,0.011,0.675,0.308,0.014,7.87,1811.15,1.83,26,126.0,8,2.9353456438473366,-0.266
As-Zr,5.75,6.52,1090.15,2127.15,33,40,2.18,1.33,5,4,148.0,160.0,-0.049,-0.412,0.536,0.228,0.011,0.745,-0.091,0.065,7.87,1811.15,1.83,26,126.0,8,2.6848486540453216,-0.089
As-Nb,5.75,8.57,1090.15,2750.15,33,41,2.18,1.6,5,5,148.0,146.0,-0.048,-0.704,0.536,0.228,0.011,0.395,-0.142,0.053,7.87,1811.15,1.83,26,126.0,8,2.649584167899115,-0.152
As-Mo,5.75,10.2,1090.15,2895.15,33,42,2.18,2.16,5,6,148.0,139.0,-0.049,-0.8,0.536,0.228,0.011,0.17,-0.117,0.026,7.87,1811.15,1.83,26,126.0,8,2.6148148590449103,-0.177
As-Ru,5.75,12.1,1090.15,2606.15,33,44,2.18,2.2,5,8,148.0,134.0,-0.06,0.183,0.536,0.228,0.011,0.122,0.017,0.047,7.87,1811.15,1.83,26,126.0,8,2.5313427948438343,0.003
As-Rh,5.75,12.4,1090.15,2236.15,33,45,2.18,2.28,5,9,148.0,134.0,-0.067,0.506,0.536,0.228,0.011,0.157,0.11,0.066,7.87,1811.15,1.83,26,126.0,8,2.524717554206828,0.079
As-Pd,5.75,12.0,1090.15,1827.9499999999998,33,46,2.18,2.2,5,10,148.0,137.0,-0.069,0.3,0.536,0.228,0.011,0.294,0.217,0.106,7.87,1811.15,1.83,26,126.0,8,2.558278698338482,0.118
As-Sn,5.75,7.287,1090.15,505.08,33,50,2.18,1.96,5,4,148.0,163.0,-0.059,-0.188,0.536,0.228,0.011,0.758,0.114,0.109,7.87,1811.15,1.83,26,126.0,8,2.8093706769134257,-0.469
As-Sb,5.75,6.68,1090.15,903.778,33,51,2.18,2.05,5,5,148.0,166.0,-0.056,-0.088,0.536,0.228,0.011,0.749,0.131,0.058,7.87,1811.15,1.83,26,126.0,8,2.856720814586561,-0.619
As-Te,5.75,6.232,1090.15,722.66,33,52,2.18,2.1,5,6,148.0,160.0,-0.056,-0.06,0.536,0.228,0.011,0.801,0.196,0.031,7.87,1811.15,1.83,26,126.0,8,2.9076007426716077,-0.642
As-Hf,5.75,13.3,1090.15,2506.15,33,72,2.18,1.3,5,4,148.0,159.0,-0.049,-0.519,0.536,0.228,0.011,0.646,-0.148,0.073,7.87,1811.15,1.83,26,126.0,8,2.683936062513824,-0.132
As-Ta,5.75,16.4,1090.15,3290.15,33,73,2.18,1.5,5,5,148.0,146.0,-0.047,-0.724,0.536,0.228,0.011,0.321,-0.18,0.04,7.87,1811.15,1.83,26,126.0,8,2.6593144780178224,-0.249
As-W,5.75,19.3,1090.15,3687.15,33,74,2.18,1.7,5,6,148.0,139.0,-0.048,-0.75,0.536,0.228,0.011,0.129,-0.149,0.016,7.87,1811.15,1.83,26,126.0,8,2.634162129619392,-0.312
As-Re,5.75,20.8,1090.15,3458.15,33,75,2.18,1.9,5,7,148.0,137.0,-0.051,-0.625,0.536,0.228,0.011,0.077,-0.088,0.01,7.87,1811.15,1.83,26,126.0,8,2.6133385358450707,-0.316
As-Os,5.75,22.5872,1090.15,3306.15,33,76,2.18,2.2,5,8,148.0,135.0,-0.057,-0.176,0.536,0.228,0.011,0.091,-0.016,0.02,7.87,1811.15,1.83,26,126.0,8,2.580472296788968,-0.235
As-Ir,5.75,22.5622,1090.15,2719.15,33,77,2.18,2.2,5,9,148.0,136.0,-0.065,0.344,0.536,0.228,0.011,0.135,0.081,0.057,7.87,1811.15,1.83,26,126.0,8,2.5589205280562015,-0.101
As-Pt,5.75,21.5,1090.15,2041.35,33,78,2.18,2.2,5,10,148.0,139.0,-0.069,0.315,0.536,0.228,0.011,0.262,0.205,0.094,7.87,1811.15,1.83,26,126.0,8,2.589814250015361,-0.08
As-Au,5.75,19.3,1090.15,1337.33,33,79,2.18,2.4,5,11,148.0,144.0,-0.07,0.135,0.536,0.228,0.011,0.457,0.297,0.138,7.87,1811.15,1.83,26,126.0,8,2.665201818334548,-0.076
As-U,5.75,19.1,1090.15,1408.15,33,92,2.18,1.7,5,6,148.0,170.0,-0.039,-1.282,0.536,0.228,0.011,1.248,0.229,0.073,7.87,1811.15,1.83,26,126.0,8,2.8421385647474287,-0.473
As-Np,5.75,20.2,1090.15,917.15,33,93,2.18,1.3,5,7,148.0,171.0,-0.042,-2.687,0.536,0.228,0.011,1.286,0.247,0.055,7.87,1811.15,1.83,26,126.0,8,2.823584026554429,-0.434
Se-Se,4.819,4.819,494.15,494.15,34,34,2.55,2.55,6,6,140.0,140.0,-0.022,-0.022,0.675,0.308,0.014,0.675,0.308,0.014,7.87,1811.15,1.83,26,126.0,8,2.965127299558053,-0.068
Se-Zr,4.819,6.52,494.15,2127.15,34,40,2.55,1.33,6,4,140.0,160.0,-0.001,-0.421,0.675,0.308,0.014,0.745,-0.091,0.065,7.87,1811.15,1.83,26,126.0,8,2.669577815670289,0.055
Se-Nb,4.819,8.57,494.15,2750.15,34,41,2.55,1.6,6,5,140.0,146.0,-0.004,-0.727,0.675,0.308,0.014,0.395,-0.142,0.053,7.87,1811.15,1.83,26,126.0,8,2.6428977314074014,-0.07
Se-Mo,4.819,10.2,494.15,2895.15,34,42,2.55,2.16,6,6,140.0,139.0,-0.01,-0.834,0.675,0.308,0.014,0.17,-0.117,0.026,7.87,1811.15,1.83,26,126.0,8,2.6206651492227095,-0.142
Se-Ru,4.819,12.1,494.15,2606.15,34,44,2.55,2.2,6,8,140.0,134.0,-0.024,0.174,0.675,0.308,0.014,0.122,0.017,0.047,7.87,1811.15,1.83,26,126.0,8,2.54199787841968,-0.002
Se-Rh,4.819,12.4,494.15,2236.15,34,45,2.55,2.28,6,9,140.0,134.0,-0.029,0.501,0.675,0.308,0.014,0.157,0.11,0.066,7.87,1811.15,1.83,26,126.0,8,2.548879510203667,0.058
Se-Pd,4.819,12.0,494.15,1827.9499999999998,34,46,2.55,2.2,6,10,140.0,137.0,-0.02,0.317,0.675,0.308,0.014,0.294,0.217,0.106,7.87,1811.15,1.83,26,126.0,8,2.6073988043591814,0.107
Se-Sn,4.819,7.287,494.15,505.08,34,50,2.55,1.96,6,4,140.0,163.0,-0.005,-0.191,0.675,0.308,0.014,0.758,0.114,0.109,7.87,1811.15,1.83,26,126.0,8,2.861682182320107,-0.343
Se-Sb,4.819,6.68,494.15,903.778,34,51,2.55,2.05,6,5,140.0,166.0,-0.007,-0.091,0.675,0.308,0.014,0.749,0.131,0.058,7.87,1811.15,1.83,26,126.0,8,2.9135133624824427,-0.449
Se-Te,4.819,6.232,494.15,722.66,34,52,2.55,2.1,6,6,140.0,160.0,-0.012,-0.066,0.675,0.308,0.014,0.801,0.196,0.031,7.87,1811.15,1.83,26,126.0,8,2.959063158140431,-0.427
Se-Hf,4.819,13.3,494.15,2506.15,34,72,2.55,1.3,6,4,140.0,159.0,0.0,-0.528,0.675,0.308,0.014,0.646,-0.148,0.073,7.87,1811.15,1.83,26,126.0,8,2.671101115444738,-0.013
Se-Ta,4.819,16.4,494.15,3290.15,34,73,2.55,1.5,6,5,140.0,146.0,-0.003,-0.744,0.675,0.308,0.014,0.321,-0.18,0.04,7.87,1811.15,1.83,26,126.0,8,2.6559695414421474,-0.183
Se-W,4.819,19.3,494.15,3687.15,34,74,2.55,1.7,6,6,140.0,139.0,-0.008,-0.779,0.675,0.308,0.014,0.129,-0.149,0.016,7.87,1811.15,1.83,26,126.0,8,2.645614739315046,-0.293
Se-Re,4.819,20.8,494.15,3458.15,34,75,2.55,1.9,6,7,140.0,137.0,-0.015,-0.654,0.675,0.308,0.014,0.077,-0.088,0.01,7.87,1811.15,1.83,26,126.0,8,2.6448810175101625,-0.334
Se-Os,4.819,22.5872,494.15,3306.15,34,76,2.55,2.2,6,8,140.0,135.0,-0.022,-0.19,0.675,0.308,0.014,0.091,-0.016,0.02,7.87,1811.15,1.83,26,126.0,8,2.6138343447450905,-0.271
Se-Ir,4.819,22.5622,494.15,2719.15,34,77,2.55,2.2,6,9,140.0,136.0,-0.029,0.33,0.675,0.308,0.014,0.135,0.081,0.057,7.87,1811.15,1.83,26,126.0,8,2.60238540431739,-0.152
Se-Pt,4.819,21.5,494.15,2041.35,34,78,2.55,2.2,6,10,140.0,139.0,-0.023,0.33,0.675,0.308,0.014,0.262,0.205,0.094,7.87,1811.15,1.83,26,126.0,8,2.6605183839817035,-0.119
Se-Au,4.819,19.3,494.15,1337.33,34,79,2.55,2.4,6,11,140.0,144.0,-0.015,0.148,0.675,0.308,0.014,0.457,0.297,0.138,7.87,1811.15,1.83,26,126.0,8,2.7464171390956604,-0.055
Se-U,4.819,19.1,494.15,1408.15,34,92,2.55,1.7,6,6,140.0,170.0,-0.0,-1.357,0.675,0.308,0.014,1.248,0.229,0.073,7.87,1811.15,1.83,26,126.0,8,2.8116991024843014,-0.279
Se-Np,4.819,20.2,494.15,917.15,34,93,2.55,1.3,6,7,140.0,171.0,-0.003,-2.759,0.675,0.308,0.014,1.286,0.247,0.055,7.87,1811.15,1.83,26,126.0,8,2.770369520960258,-0.211
Zr-Zr,6.52,6.52,2127.15,2127.15,40,40,1.33,1.33,4,4,160.0,160.0,-0.442,-0.442,0.745,-0.091,0.065,0.745,-0.091,0.065,7.87,1811.15,1.83,26,126.0,8,2.704513468685693,-0.497
Zr-Nb,6.52,8.57,2127.15,2750.15,40,41,1.33,1.6,4,5,160.0,146.0,-0.42,-0.707,0.745,-0.091,0.065,0.395,-0.142,0.053,7.87,1811.15,1.83,26,126.0,8,2.696718058402406,-0.456
Zr-Mo,6.52,10.2,2127.15,2895.15,40,42,1.33,2.16,4,6,160.0,139.0,-0.4,-0.741,0.745,-0.091,0.065,0.17,-0.117,0.026,7.87,1811.15,1.83,26,126.0,8,2.6817078229332636,-0.398
Zr-Ru,6.52,12.1,2127.15,2606.15,40,44,1.33,2.2,4,8,160.0,134.0,-0.383,0.304,0.745,-0.091,0.065,0.122,0.017,0.047,7.87,1811.15,1.83,26,126.0,8,2.5785136143022847,-0.07
Zr-Rh,6.52,12.4,2127.15,2236.15,40,45,1.33,2.28,4,9,160.0,134.0,-0.397,0.605,0.745,-0.091,0.065,0.157,0.11,0.066,7.87,1811.15,1.83,26,126.0,8,2.5671146185844025,0.026
Zr-Pd,6.52,12.0,2127.15,1827.9499999999998,40,46,1.33,2.2,4,10,160.0,137.0,-0.402,0.351,0.745,-0.091,0.065,0.294,0.217,0.106,7.87,1811.15,1.83,26,126.0,8,2.5933188357688954,-0.019
Zr-Sn,6.52,7.287,2127.15,505.08,40,50,1.33,1.96,4,4,160.0,163.0,-0.417,-0.177,0.745,-0.091,0.065,0.758,0.114,0.109,7.87,1811.15,1.83,26,126.0,8,2.744822067563548,-0.427
Zr-Sb,6.52,6.68,2127.15,903.778,40,51,1.33,2.05,4,5,160.0,166.0,-0.413,-0.074,0.745,-0.091,0.065,0.749,0.131,0.058,7.87,1811.15,1.83,26,126.0,8,2.745026182427696,-0.423
Zr-Te,6.52,6.232,2127.15,722.66,40,52,1.33,2.1,4,6,160.0,160.0,-0.415,-0.05,0.745,-0.091,0.065,0.801,0.196,0.031,7.87,1811.15,1.83,26,126.0,8,2.738270551776545,-0.375
Zr-Hf,6.52,13.3,2127.15,2506.15,40,72,1.33,1.3,4,4,160.0,159.0,-0.438,-0.563,0.745,-0.091,0.065,0.646,-0.148,0.073,7.87,1811.15,1.83,26,126.0,8,2.7249861697897733,-0.511
Zr-Ta,6.52,16.4,2127.15,3290.15,40,73,1.33,1.5,4,5,160.0,146.0,-0.419,-0.743,0.745,-0.091,0.065,0.321,-0.18,0.04,7.87,1811.15,1.83,26,126.0,8,2.71935707792111,-0.525
Zr-W,6.52,19.3,2127.15,3687.15,40,74,1.33,1.7,4,6,160.0,139.0,-0.402,-0.724,0.745,-0.091,0.065,0.129,-0.149,0.016,7.87,1811.15,1.83,26,126.0,8,2.705940433741448,-0.501
Zr-Re,6.52,20.8,2127.15,3458.15,40,75,1.33,1.9,4,7,160.0,137.0,-0.382,-0.53,0.745,-0.091,0.065,0.077,-0.088,0.01,7.87,1811.15,1.83,26,126.0,8,2.6809862949331533,-0.427
Zr-Os,6.52,22.5872,2127.15,3306.15,40,76,1.33,2.2,4,8,160.0,135.0,-0.375,-0.066,0.745,-0.091,0.065,0.091,-0.016,0.02,7.87,1811.15,1.83,26,126.0,8,2.6334925333186066,-0.256
Zr-Ir,6.52,22.5622,2127.15,2719.15,40,77,1.33,2.2,4,9,160.0,136.0,-0.386,0.436,0.745,-0.091,0.065,0.135,0.081,0.057,7.87,1811.15,1.83,26,126.0,8,2.5986097022107013,-0.067
Zr-Pt,6.52,21.5,2127.15,2041.35,40,78,1.33,2.2,4,10,160.0,139.0,-0.397,0.37,0.745,-0.091,0.065,0.262,0.205,0.094,7.87,1811.15,1.83,26,126.0,8,2.6136396599027782,-0.063
Zr-Au,6.52,19.3,2127.15,1337.33,40,79,1.33,2.4,4,11,160.0,144.0,-0.404,0.161,0.745,-0.091,0.065,0.457,0.297,0.138,7.87,1811.15,1.83,26,126.0,8,2.653852844063043,-0.164
Zr-U,6.52,19.1,2127.15,1408.15,40,92,1.33,1.7,4,6,160.0,170.0,-0.446,-1.362,0.745,-0.091,0.065,1.248,0.229,0.073,7.87,1811.15,1.83,26,126.0,8,2.7287374922340417,-0.591
Zr-Np,6.52,20.2,2127.15,917.15,40,93,1.33,1.3,4,7,160.0,171.0,-0.449,-2.721,0.745,-0.091,0.065,1.286,0.247,0.055,7.87,1811.15,1.83,26,126.0,8,2.7216273390131214,-0.51
Nb-Nb,8.57,8.57,2750.15,2750.15,41,41,1.6,1.6,5,5,146.0,146.0,-0.677,-0.677,0.395,-0.142,0.053,0.395,-0.142,0.053,7.87,1811.15,1.83,26,126.0,8,2.6808445497670585,-0.435
Nb-Mo,8.57,10.2,2750.15,2895.15,41,42,1.6,2.16,5,6,146.0,139.0,-0.652,-0.704,0.395,-0.142,0.053,0.17,-0.117,0.026,7.87,1811.15,1.83,26,126.0,8,2.6488333456606235,-0.392
Nb-Ru,8.57,12.1,2750.15,2606.15,41,44,1.6,2.2,5,8,146.0,134.0,-0.648,0.311,0.395,-0.142,0.053,0.122,0.017,0.047,7.87,1811.15,1.83,26,126.0,8,2.546503629163925,-0.091
Nb-Rh,8.57,12.4,2750.15,2236.15,41,45,1.6,2.28,5,9,146.0,134.0,-0.682,0.592,0.395,-0.142,0.053,0.157,0.11,0.066,7.87,1811.15,1.83,26,126.0,8,2.5534746997035898,-0.049
Nb-Pd,8.57,12.0,2750.15,1827.9499999999998,41,46,1.6,2.2,5,10,146.0,137.0,-0.699,0.347,0.395,-0.142,0.053,0.294,0.217,0.106,7.87,1811.15,1.83,26,126.0,8,2.592380624293707,-0.131
Nb-Sn,8.57,7.287,2750.15,505.08,41,50,1.6,1.96,5,4,146.0,163.0,-0.699,-0.173,0.395,-0.142,0.053,0.758,0.114,0.109,7.87,1811.15,1.83,26,126.0,8,2.717141358164042,-0.413
Nb-Sb,8.57,6.68,2750.15,903.778,41,51,1.6,2.05,5,5,146.0,166.0,-0.696,-0.073,0.395,-0.142,0.053,0.749,0.131,0.058,7.87,1811.15,1.83,26,126.0,8,2.714060051742059,-0.411
Nb-Te,8.57,6.232,2750.15,722.66,41,52,1.6,2.1,5,6,146.0,160.0,-0.703,-0.051,0.395,-0.142,0.053,0.801,0.196,0.031,7.87,1811.15,1.83,26,126.0,8,2.706310674097275,-0.388
Nb-Hf,8.57,13.3,2750.15,2506.15,41,72,1.6,1.3,5,4,146.0,159.0,-0.706,-0.539,0.395,-0.142,0.053,0.646,-0.148,0.073,7.87,1811.15,1.83,26,126.0,8,2.7067174448881,-0.458
Nb-Ta,8.57,16.4,2750.15,3290.15,41,73,1.6,1.5,5,5,146.0,146.0,-0.683,-0.723,0.395,-0.142,0.053,0.321,-0.18,0.04,7.87,1811.15,1.83,26,126.0,8,2.6922741699251835,-0.475
Nb-W,8.57,19.3,2750.15,3687.15,41,74,1.6,1.7,5,6,146.0,139.0,-0.659,-0.697,0.395,-0.142,0.053,0.129,-0.149,0.016,7.87,1811.15,1.83,26,126.0,8,2.670842933020568,-0.46
Nb-Re,8.57,20.8,2750.15,3458.15,41,75,1.6,1.9,5,7,146.0,137.0,-0.63,-0.501,0.395,-0.142,0.053,0.077,-0.088,0.01,7.87,1811.15,1.83,26,126.0,8,2.6368002894931277,-0.387
Nb-Os,8.57,22.5872,2750.15,3306.15,41,76,1.6,2.2,5,8,146.0,135.0,-0.629,-0.042,0.395,-0.142,0.053,0.091,-0.016,0.02,7.87,1811.15,1.83,26,126.0,8,2.5884389179357714,-0.237
Nb-Ir,8.57,22.5622,2750.15,2719.15,41,77,1.6,2.2,5,9,146.0,136.0,-0.666,0.422,0.395,-0.142,0.053,0.135,0.081,0.057,7.87,1811.15,1.83,26,126.0,8,2.572568371526859,-0.094
Nb-Pt,8.57,21.5,2750.15,2041.35,41,78,1.6,2.2,5,10,146.0,139.0,-0.687,0.365,0.395,-0.142,0.053,0.262,0.205,0.094,7.87,1811.15,1.83,26,126.0,8,2.6009011331172083,-0.147
Nb-Au,8.57,19.3,2750.15,1337.33,41,79,1.6,2.4,5,11,146.0,144.0,-0.69,0.165,0.395,-0.142,0.053,0.457,0.297,0.138,7.87,1811.15,1.83,26,126.0,8,2.6498211751001577,-0.276
Nb-U,8.57,19.1,2750.15,1408.15,41,92,1.6,1.7,5,6,146.0,170.0,-0.7,-1.338,0.395,-0.142,0.053,1.248,0.229,0.073,7.87,1811.15,1.83,26,126.0,8,2.7253116538533004,-0.602
Nb-Np,8.57,20.2,2750.15,917.15,41,93,1.6,1.3,5,7,146.0,171.0,-0.698,-2.662,0.395,-0.142,0.053,1.286,0.247,0.055,7.87,1811.15,1.83,26,126.0,8,2.725513163917053,-0.53
Mo-Mo,10.2,10.2,2895.15,2895.15,42,42,2.16,2.16,6,6,139.0,139.0,-0.666,-0.665,0.17,-0.117,0.026,0.17,-0.117,0.026,7.87,1811.15,1.83,26,126.0,8,2.595199393573904,-0.349
Mo-Ru,10.2,12.1,2895.15,2606.15,42,44,2.16,2.2,6,8,139.0,134.0,-0.717,0.305,0.17,-0.117,0.026,0.122,0.017,0.047,7.87,1811.15,1.83,26,126.0,8,2.508247267728839,-0.096
Mo-Rh,10.2,12.4,2895.15,2236.15,42,45,2.16,2.28,6,9,139.0,134.0,-0.769,0.579,0.17,-0.117,0.026,0.157,0.11,0.066,7.87,1811.15,1.83,26,126.0,8,2.54206889376077,-0.114
Mo-Pd,10.2,12.0,2895.15,1827.9499999999998,42,46,2.16,2.2,6,10,139.0,137.0,-0.785,0.351,0.17,-0.117,0.026,0.294,0.217,0.106,7.87,1811.15,1.83,26,126.0,8,2.5953385282085595,-0.22
Mo-Sn,10.2,7.287,2895.15,505.08,42,50,2.16,1.96,6,4,139.0,163.0,-0.778,-0.172,0.17,-0.117,0.026,0.758,0.114,0.109,7.87,1811.15,1.83,26,126.0,8,2.6930821817826165,-0.353
Mo-Sb,10.2,6.68,2895.15,903.778,42,51,2.16,2.05,6,5,139.0,166.0,-0.772,-0.073,0.17,-0.117,0.026,0.749,0.131,0.058,7.87,1811.15,1.83,26,126.0,8,2.6863600441466002,-0.368
Mo-Te,10.2,6.232,2895.15,722.66,42,52,2.16,2.1,6,6,139.0,160.0,-0.782,-0.054,0.17,-0.117,0.026,0.801,0.196,0.031,7.87,1811.15,1.83,26,126.0,8,2.678142351059558,-0.37
Mo-Hf,10.2,13.3,2895.15,2506.15,42,72,2.16,1.3,6,4,139.0,159.0,-0.749,-0.526,0.17,-0.117,0.026,0.646,-0.148,0.073,7.87,1811.15,1.83,26,126.0,8,2.6757943882926303,-0.375
Mo-Ta,10.2,16.4,2895.15,3290.15,42,73,2.16,1.5,6,5,139.0,146.0,-0.712,-0.702,0.17,-0.117,0.026,0.321,-0.18,0.04,7.87,1811.15,1.83,26,126.0,8,2.653772185256098,-0.397
Mo-W,10.2,19.3,2895.15,3687.15,42,74,2.16,1.7,6,6,139.0,139.0,-0.669,-0.66,0.17,-0.117,0.026,0.129,-0.149,0.016,7.87,1811.15,1.83,26,126.0,8,2.6190193525546115,-0.391
Mo-Re,10.2,20.8,2895.15,3458.15,42,75,2.16,1.9,6,7,139.0,137.0,-0.648,-0.478,0.17,-0.117,0.026,0.077,-0.088,0.01,7.87,1811.15,1.83,26,126.0,8,2.5731772475999337,-0.34
Mo-Os,10.2,22.5872,2895.15,3306.15,42,76,2.16,2.2,6,8,139.0,135.0,-0.675,-0.012,0.17,-0.117,0.026,0.091,-0.016,0.02,7.87,1811.15,1.83,26,126.0,8,2.5408707684712915,-0.227
Mo-Ir,10.2,22.5622,2895.15,2719.15,42,77,2.16,2.2,6,9,139.0,136.0,-0.741,0.406,0.17,-0.117,0.026,0.135,0.081,0.057,7.87,1811.15,1.83,26,126.0,8,2.550463326636842,-0.135
Mo-Pt,10.2,21.5,2895.15,2041.35,42,78,2.16,2.2,6,10,139.0,139.0,-0.766,0.367,0.17,-0.117,0.026,0.262,0.205,0.094,7.87,1811.15,1.83,26,126.0,8,2.598898618909918,-0.233
Mo-Au,10.2,19.3,2895.15,1337.33,42,79,2.16,2.4,6,11,139.0,144.0,-0.766,0.167,0.17,-0.117,0.026,0.457,0.297,0.138,7.87,1811.15,1.83,26,126.0,8,2.6516461943044916,-0.371
Mo-U,10.2,19.1,2895.15,1408.15,42,92,2.16,1.7,6,6,139.0,170.0,-0.694,-1.296,0.17,-0.117,0.026,1.248,0.229,0.073,7.87,1811.15,1.83,26,126.0,8,2.6933317425565626,-0.583
Mo-Np,10.2,20.2,2895.15,917.15,42,93,2.16,1.3,6,7,139.0,171.0,-0.688,-2.598,0.17,-0.117,0.026,1.286,0.247,0.055,7.87,1811.15,1.83,26,126.0,8,2.700544532415705,-0.527
Ru-Ru,12.1,12.1,2606.15,2606.15,44,44,2.2,2.2,8,8,134.0,134.0,0.15,0.15,0.122,0.017,0.047,0.122,0.017,0.047,7.87,1811.15,1.83,26,126.0,8,2.5087852440474654,-0.083
Ru-Rh,12.1,12.4,2606.15,2236.15,44,45,2.2,2.28,8,9,134.0,134.0,0.209,0.608,0.122,0.017,0.047,0.157,0.11,0.066,7.87,1811.15,1.83,26,126.0,8,2.560133313420093,-0.19
Ru-Pd,12.1,12.0,2606.15,1827.9499999999998,44,46,2.2,2.2,8,10,134.0,137.0,0.294,0.398,0.122,0.017,0.047,0.294,0.217,0.106,7.87,1811.15,1.83,26,126.0,8,2.601312178030328,-0.254
Ru-Sn,12.1,7.287,2606.15,505.08,44,50,2.2,1.96,8,4,134.0,163.0,0.191,-0.173,0.122,0.017,0.047,0.758,0.114,0.109,7.87,1811.15,1.83,26,126.0,8,2.6182024390867804,-0.079
Ru-Sb,12.1,6.68,2606.15,903.778,44,51,2.2,2.05,8,5,134.0,166.0,0.234,-0.079,0.122,0.017,0.047,0.749,0.131,0.058,7.87,1811.15,1.83,26,126.0,8,2.604471721513112,-0.088
Ru-Te,12.1,6.232,2606.15,722.66,44,52,2.2,2.1,8,6,134.0,160.0,0.252,-0.066,0.122,0.017,0.047,0.801,0.196,0.031,7.87,1811.15,1.83,26,126.0,8,2.594275994528283,-0.101
Ru-Hf,12.1,13.3,2606.15,2506.15,44,72,2.2,1.3,8,4,134.0,159.0,0.271,-0.502,0.122,0.017,0.047,0.646,-0.148,0.073,7.87,1811.15,1.83,26,126.0,8,2.564530101465436,-0.033
Ru-Ta,12.1,16.4,2606.15,3290.15,44,73,2.2,1.5,8,5,134.0,146.0,0.304,-0.687,0.122,0.017,0.047,0.321,-0.18,0.04,7.87,1811.15,1.83,26,126.0,8,2.53535075395975,-0.07
Ru-W,12.1,19.3,2606.15,3687.15,44,74,2.2,1.7,8,6,134.0,139.0,0.327,-0.687,0.122,0.017,0.047,0.129,-0.149,0.016,7.87,1811.15,1.83,26,126.0,8,2.5147884916403376,-0.104
Ru-Re,12.1,20.8,2606.15,3458.15,44,75,2.2,1.9,8,7,134.0,137.0,0.305,-0.552,0.122,0.017,0.047,0.077,-0.088,0.01,7.87,1811.15,1.83,26,126.0,8,2.5077556002257952,-0.129
Ru-Os,12.1,22.5872,2606.15,3306.15,44,76,2.2,2.2,8,8,134.0,135.0,0.221,-0.161,0.122,0.017,0.047,0.091,-0.016,0.02,7.87,1811.15,1.83,26,126.0,8,2.5152026557226694,-0.141
Ru-Ir,12.1,22.5622,2606.15,2719.15,44,77,2.2,2.2,8,9,134.0,136.0,0.212,0.38,0.122,0.017,0.047,0.135,0.081,0.057,7.87,1811.15,1.83,26,126.0,8,2.5600348088108955,-0.208
Ru-Pt,12.1,21.5,2606.15,2041.35,44,78,2.2,2.2,8,10,134.0,139.0,0.327,0.409,0.122,0.017,0.047,0.262,0.205,0.094,7.87,1811.15,1.83,26,126.0,8,2.6026205365975335,-0.294
Ru-Au,12.1,19.3,2606.15,1337.33,44,79,2.2,2.4,8,11,134.0,144.0,0.366,0.188,0.122,0.017,0.047,0.457,0.297,0.138,7.87,1811.15,1.83,26,126.0,8,2.637065714446876,-0.341
Ru-U,12.1,19.1,2606.15,1408.15,44,92,2.2,1.7,8,6,134.0,170.0,0.418,-1.163,0.122,0.017,0.047,1.248,0.229,0.073,7.87,1811.15,1.83,26,126.0,8,2.5425138470021342,-0.15
Ru-Np,12.1,20.2,2606.15,917.15,44,93,2.2,1.3,8,7,134.0,171.0,0.431,-2.465,0.122,0.017,0.047,1.286,0.247,0.055,7.87,1811.15,1.83,26,126.0,8,2.5452285207644185,-0.134
Rh-Rh,12.4,12.4,2236.15,2236.15,45,45,2.28,2.28,9,9,134.0,134.0,0.673,0.673,0.157,0.11,0.066,0.157,0.11,0.066,7.87,1811.15,1.83,26,126.0,8,2.5725073290053926,-0.186
Rh-Pd,12.4,12.0,2236.15,1827.9499999999998,45,46,2.28,2.2,9,10,134.0,137.0,0.687,0.417,0.157,0.11,0.066,0.294,0.217,0.106,7.87,1811.15,1.83,26,126.0,8,2.5950355549644826,-0.175
Rh-Sn,12.4,7.287,2236.15,505.08,45,50,2.28,1.96,9,4,134.0,163.0,0.539,-0.182,0.157,0.11,0.066,0.758,0.114,0.109,7.87,1811.15,1.83,26,126.0,8,2.589180897877953,0.052
Rh-Sb,12.4,6.68,2236.15,903.778,45,51,2.28,2.05,9,5,134.0,166.0,0.529,-0.085,0.157,0.11,0.066,0.749,0.131,0.058,7.87,1811.15,1.83,26,126.0,8,2.5821696475236715,0.027
Rh-Te,12.4,6.232,2236.15,722.66,45,52,2.28,2.1,9,6,134.0,160.0,0.522,-0.072,0.157,0.11,0.066,0.801,0.196,0.031,7.87,1811.15,1.83,26,126.0,8,2.5796554710085084,-0.008
Rh-Hf,12.4,13.3,2236.15,2506.15,45,72,2.28,1.3,9,4,134.0,159.0,0.589,-0.514,0.157,0.11,0.066,0.646,-0.148,0.073,7.87,1811.15,1.83,26,126.0,8,2.547591476953323,0.066
Rh-Ta,12.4,16.4,2236.15,3290.15,45,73,2.28,1.5,9,5,134.0,146.0,0.582,-0.718,0.157,0.11,0.066,0.321,-0.18,0.04,7.87,1811.15,1.83,26,126.0,8,2.5387584644090717,-0.022
Rh-W,12.4,19.3,2236.15,3687.15,45,74,2.28,1.7,9,6,134.0,139.0,0.578,-0.729,0.157,0.11,0.066,0.129,-0.149,0.016,7.87,1811.15,1.83,26,126.0,8,2.5380600081013305,-0.113
Rh-Re,12.4,20.8,2236.15,3458.15,45,75,2.28,1.9,9,7,134.0,137.0,0.577,-0.6,0.157,0.11,0.066,0.077,-0.088,0.01,7.87,1811.15,1.83,26,126.0,8,2.5498263097606846,-0.191
Rh-Os,12.4,22.5872,2236.15,3306.15,45,76,2.28,2.2,9,8,134.0,135.0,0.592,-0.189,0.157,0.11,0.066,0.091,-0.016,0.02,7.87,1811.15,1.83,26,126.0,8,2.5686313213303302,-0.249
Rh-Ir,12.4,22.5622,2236.15,2719.15,45,77,2.28,2.2,9,9,134.0,136.0,0.665,0.474,0.157,0.11,0.066,0.135,0.081,0.057,7.87,1811.15,1.83,26,126.0,8,2.5816869888201177,-0.248
Rh-Pt,12.4,21.5,2236.15,2041.35,45,78,2.28,2.2,9,10,134.0,139.0,0.688,0.43,0.157,0.11,0.066,0.262,0.205,0.094,7.87,1811.15,1.83,26,126.0,8,2.6037271894280005,-0.241
Rh-Au,12.4,19.3,2236.15,1337.33,45,79,2.28,2.4,9,11,134.0,144.0,0.676,0.188,0.157,0.11,0.066,0.457,0.297,0.138,7.87,1811.15,1.83,26,126.0,8,2.6236902140404537,-0.218
Rh-U,12.4,19.1,2236.15,1408.15,45,92,2.28,1.7,9,6,134.0,170.0,0.606,-1.24,0.157,0.11,0.066,1.248,0.229,0.073,7.87,1811.15,1.83,26,126.0,8,2.584496985783596,-0.111
Rh-Np,12.4,20.2,2236.15,917.15,45,93,2.28,1.3,9,7,134.0,171.0,0.624,-2.571,0.157,0.11,0.066,1.286,0.247,0.055,7.87,1811.15,1.83,26,126.0,8,2.590477372910296,-0.104
Pd-Pd,12.0,12.0,1827.9499999999998,1827.9499999999998,46,46,2.2,2.2,10,10,137.0,137.0,0.4,0.4,0.294,0.217,0.106,0.294,0.217,0.106,7.87,1811.15,1.83,26,126.0,8,2.6003351297253032,-0.104
Pd-Sn,12.0,7.287,1827.9499999999998,505.08,46,50,2.2,1.96,10,4,137.0,163.0,0.31,-0.185,0.294,0.217,0.106,0.758,0.114,0.109,7.87,1811.15,1.83,26,126.0,8,2.5894549553689625,0.134
Pd-Sb,12.0,6.68,1827.9499999999998,903.778,46,51,2.2,2.05,10,5,137.0,166.0,0.302,-0.087,0.294,0.217,0.106,0.749,0.131,0.058,7.87,1811.15,1.83,26,126.0,8,2.592485715421227,0.062
Pd-Te,12.0,6.232,1827.9499999999998,722.66,46,52,2.2,2.1,10,6,137.0,160.0,0.302,-0.07,0.294,0.217,0.106,0.801,0.196,0.031,7.87,1811.15,1.83,26,126.0,8,2.6039979709062666,-0.013
Pd-Hf,12.0,13.3,1827.9499999999998,2506.15,46,72,2.2,1.3,10,4,137.0,159.0,0.343,-0.522,0.294,0.217,0.106,0.646,-0.148,0.073,7.87,1811.15,1.83,26,126.0,8,2.575677364865054,0.023
Pd-Ta,12.0,16.4,1827.9499999999998,3290.15,46,73,2.2,1.5,10,5,137.0,146.0,0.342,-0.728,0.294,0.217,0.106,0.321,-0.18,0.04,7.87,1811.15,1.83,26,126.0,8,2.5797491993182664,-0.121
Pd-W,12.0,19.3,1827.9499999999998,3687.15,46,74,2.2,1.7,10,6,137.0,139.0,0.346,-0.739,0.294,0.217,0.106,0.129,-0.149,0.016,7.87,1811.15,1.83,26,126.0,8,2.5875868217514975,-0.245
Pd-Re,12.0,20.8,1827.9499999999998,3458.15,46,75,2.2,1.9,10,7,137.0,137.0,0.358,-0.602,0.294,0.217,0.106,0.077,-0.088,0.01,7.87,1811.15,1.83,26,126.0,8,2.6043962319004885,-0.335
Pd-Os,12.0,22.5872,1827.9499999999998,3306.15,46,76,2.2,2.2,10,8,137.0,135.0,0.382,-0.161,0.294,0.217,0.106,0.091,-0.016,0.02,7.87,1811.15,1.83,26,126.0,8,2.6185199061154667,-0.373
Pd-Ir,12.0,22.5622,1827.9499999999998,2719.15,46,77,2.2,2.2,10,9,137.0,136.0,0.414,0.503,0.294,0.217,0.106,0.135,0.081,0.057,7.87,1811.15,1.83,26,126.0,8,2.6094928673076674,-0.278
Pd-Pt,12.0,21.5,1827.9499999999998,2041.35,46,78,2.2,2.2,10,10,137.0,139.0,0.414,0.432,0.294,0.217,0.106,0.262,0.205,0.094,7.87,1811.15,1.83,26,126.0,8,2.617054956769001,-0.209
Pd-Au,12.0,19.3,1827.9499999999998,1337.33,46,79,2.2,2.4,10,11,137.0,144.0,0.35,0.151,0.294,0.217,0.106,0.457,0.297,0.138,7.87,1811.15,1.83,26,126.0,8,2.626174446776361,-0.097
Pd-U,12.0,19.1,1827.9499999999998,1408.15,46,92,2.2,1.7,10,6,137.0,170.0,0.339,-1.313,0.294,0.217,0.106,1.248,0.229,0.073,7.87,1811.15,1.83,26,126.0,8,2.6689457897129363,-0.25
Pd-Np,12.0,20.2,1827.9499999999998,917.15,46,93,2.2,1.3,10,7,137.0,171.0,0.354,-2.62,0.294,0.217,0.106,1.286,0.247,0.055,7.87,1811.15,1.83,26,126.0,8,2.680174707113416,-0.237
Sn-Sn,7.287,7.287,505.08,505.08,50,50,1.96,1.96,4,4,163.0,163.0,-0.179,-0.179,0.758,0.114,0.109,0.758,0.114,0.109,7.87,1811.15,1.83,26,126.0,8,2.777577481899081,-0.595
Sn-Sb,7.287,6.68,505.08,903.778,50,51,1.96,2.05,4,5,163.0,166.0,-0.181,-0.084,0.758,0.114,0.109,0.749,0.131,0.058,7.87,1811.15,1.83,26,126.0,8,2.8131837320605335,-0.798
Sn-Te,7.287,6.232,505.08,722.66,50,52,1.96,2.1,4,6,163.0,160.0,-0.18,-0.053,0.758,0.114,0.109,0.801,0.196,0.031,7.87,1811.15,1.83,26,126.0,8,2.847303110112435,-0.891
Sn-Hf,7.287,13.3,505.08,2506.15,50,72,1.96,1.3,4,4,163.0,159.0,-0.177,-0.534,0.758,0.114,0.109,0.646,-0.148,0.073,7.87,1811.15,1.83,26,126.0,8,2.7434229769556717,-0.44
Sn-Ta,7.287,16.4,505.08,3290.15,50,73,1.96,1.5,4,5,163.0,146.0,-0.174,-0.725,0.758,0.114,0.109,0.321,-0.18,0.04,7.87,1811.15,1.83,26,126.0,8,2.727671195766552,-0.502
Sn-W,7.287,19.3,505.08,3687.15,50,74,1.96,1.7,4,6,163.0,139.0,-0.171,-0.734,0.758,0.114,0.109,0.129,-0.149,0.016,7.87,1811.15,1.83,26,126.0,8,2.710614872005882,-0.5
Sn-Re,7.287,20.8,505.08,3458.15,50,75,1.96,1.9,4,7,163.0,137.0,-0.169,-0.597,0.758,0.114,0.109,0.077,-0.088,0.01,7.87,1811.15,1.83,26,126.0,8,2.69226202335114,-0.439
Sn-Os,7.287,22.5872,505.08,3306.15,50,76,1.96,2.2,4,8,163.0,135.0,-0.17,-0.173,0.758,0.114,0.109,0.091,-0.016,0.02,7.87,1811.15,1.83,26,126.0,8,2.660635466214048,-0.307
Sn-Ir,7.287,22.5622,505.08,2719.15,50,77,1.96,2.2,4,9,163.0,136.0,-0.176,0.376,0.758,0.114,0.109,0.135,0.081,0.057,7.87,1811.15,1.83,26,126.0,8,2.6242947418308056,-0.13
Sn-Pt,7.287,21.5,505.08,2041.35,50,78,1.96,2.2,4,10,163.0,139.0,-0.183,0.33,0.758,0.114,0.109,0.262,0.205,0.094,7.87,1811.15,1.83,26,126.0,8,2.621956577201407,-0.058
Sn-Au,7.287,19.3,505.08,1337.33,50,79,1.96,2.4,4,11,163.0,144.0,-0.183,0.132,0.758,0.114,0.109,0.457,0.297,0.138,7.87,1811.15,1.83,26,126.0,8,2.6487651994202714,-0.043
Sn-U,7.287,19.1,505.08,1408.15,50,92,1.96,1.7,4,6,163.0,170.0,-0.178,-1.307,0.758,0.114,0.109,1.248,0.229,0.073,7.87,1811.15,1.83,26,126.0,8,2.905786396576337,-0.787
Sn-Np,7.287,20.2,505.08,917.15,50,93,1.96,1.3,4,7,163.0,171.0,-0.182,-2.641,0.758,0.114,0.109,1.286,0.247,0.055,7.87,1811.15,1.83,26,126.0,8,2.908013183345901,-0.718
Sb-Sb,6.68,6.68,903.778,903.778,51,51,2.05,2.05,5,5,166.0,166.0,-0.084,-0.084,0.749,0.131,0.058,0.749,0.131,0.058,7.87,1811.15,1.83,26,126.0,8,2.8519959927828222,-1.002
Sb-Te,6.68,6.232,903.778,722.66,51,52,2.05,2.1,5,6,166.0,160.0,-0.081,-0.051,0.749,0.131,0.058,0.801,0.196,0.031,7.87,1811.15,1.83,26,126.0,8,2.8936119259149975,-1.061
Sb-Hf,6.68,13.3,903.778,2506.15,51,72,2.05,1.3,5,4,166.0,159.0,-0.075,-0.531,0.749,0.131,0.058,0.646,-0.148,0.073,7.87,1811.15,1.83,26,126.0,8,2.747679034198238,-0.45
Sb-Ta,6.68,16.4,903.778,3290.15,51,73,2.05,1.5,5,5,166.0,146.0,-0.073,-0.721,0.749,0.131,0.058,0.321,-0.18,0.04,7.87,1811.15,1.83,26,126.0,8,2.727841229771884,-0.513
Sb-W,6.68,19.3,903.778,3687.15,51,74,2.05,1.7,5,6,166.0,139.0,-0.073,-0.73,0.749,0.131,0.058,0.129,-0.149,0.016,7.87,1811.15,1.83,26,126.0,8,2.706288329773098,-0.528
Sb-Re,6.68,20.8,903.778,3458.15,51,75,2.05,1.9,5,7,166.0,137.0,-0.074,-0.591,0.749,0.131,0.058,0.077,-0.088,0.01,7.87,1811.15,1.83,26,126.0,8,2.6843946745891976,-0.491
Sb-Os,6.68,22.5872,903.778,3306.15,51,76,2.05,2.2,5,8,166.0,135.0,-0.077,-0.132,0.749,0.131,0.058,0.091,-0.016,0.02,7.87,1811.15,1.83,26,126.0,8,2.650978673135249,-0.365
Sb-Ir,6.68,22.5622,903.778,2719.15,51,77,2.05,2.2,5,9,166.0,136.0,-0.083,0.371,0.749,0.131,0.058,0.135,0.081,0.057,7.87,1811.15,1.83,26,126.0,8,2.618322697005022,-0.184
Sb-Pt,6.68,21.5,903.778,2041.35,51,78,2.05,2.2,5,10,166.0,139.0,-0.087,0.323,0.749,0.131,0.058,0.262,0.205,0.094,7.87,1811.15,1.83,26,126.0,8,2.625774132998305,-0.152
Sb-Au,6.68,19.3,903.778,1337.33,51,79,2.05,2.4,5,11,166.0,144.0,-0.088,0.133,0.749,0.131,0.058,0.457,0.297,0.138,7.87,1811.15,1.83,26,126.0,8,2.66653646301984,-0.205
Sb-U,6.68,19.1,903.778,1408.15,51,92,2.05,1.7,5,6,166.0,170.0,-0.069,-1.287,0.749,0.131,0.058,1.248,0.229,0.073,7.87,1811.15,1.83,26,126.0,8,2.908006419578638,-0.85
Sb-Np,6.68,20.2,903.778,917.15,51,93,2.05,1.3,5,7,166.0,171.0,-0.07,-2.624,0.749,0.131,0.058,1.286,0.247,0.055,7.87,1811.15,1.83,26,126.0,8,2.907362708187936,-0.78
Te-Te,6.232,6.232,722.66,722.66,52,52,2.1,2.1,6,6,160.0,160.0,-0.053,-0.053,0.801,0.196,0.031,0.801,0.196,0.031,7.87,1811.15,1.83,26,126.0,8,2.936362583055463,-1.07
Te-Hf,6.232,13.3,722.66,2506.15,52,72,2.1,1.3,6,4,160.0,159.0,-0.051,-0.534,0.801,0.196,0.031,0.646,-0.148,0.073,7.87,1811.15,1.83,26,126.0,8,2.742376941275481,-0.415
Te-Ta,6.232,16.4,722.66,3290.15,52,73,2.1,1.5,6,5,160.0,146.0,-0.051,-0.727,0.801,0.196,0.031,0.321,-0.18,0.04,7.87,1811.15,1.83,26,126.0,8,2.7213915607337675,-0.502
Te-W,6.232,19.3,722.66,3687.15,52,74,2.1,1.7,6,6,160.0,139.0,-0.053,-0.74,0.801,0.196,0.031,0.129,-0.149,0.016,7.87,1811.15,1.83,26,126.0,8,2.700743975613328,-0.544
Te-Re,6.232,20.8,722.66,3458.15,52,75,2.1,1.9,6,7,160.0,137.0,-0.058,-0.6,0.801,0.196,0.031,0.077,-0.088,0.01,7.87,1811.15,1.83,26,126.0,8,2.6832926118487337,-0.533
Te-Os,6.232,22.5872,722.66,3306.15,52,76,2.1,2.2,6,8,160.0,135.0,-0.063,-0.11,0.801,0.196,0.031,0.091,-0.016,0.02,7.87,1811.15,1.83,26,126.0,8,2.649602825204142,-0.419
Te-Ir,6.232,22.5622,722.66,2719.15,52,77,2.1,2.2,6,9,160.0,136.0,-0.071,0.363,0.801,0.196,0.031,0.135,0.081,0.057,7.87,1811.15,1.83,26,126.0,8,2.6210071329187814,-0.25
Te-Pt,6.232,21.5,722.66,2041.35,52,78,2.1,2.2,6,10,160.0,139.0,-0.073,0.321,0.801,0.196,0.031,0.262,0.205,0.094,7.87,1811.15,1.83,26,126.0,8,2.6404914620755373,-0.252
Te-Au,6.232,19.3,722.66,1337.33,52,79,2.1,2.4,6,11,160.0,144.0,-0.067,0.139,0.801,0.196,0.031,0.457,0.297,0.138,7.87,1811.15,1.83,26,126.0,8,2.6979280377577672,-0.332
Te-U,6.232,19.1,722.66,1408.15,52,92,2.1,1.7,6,6,160.0,170.0,-0.036,-1.27,0.801,0.196,0.031,1.248,0.229,0.073,7.87,1811.15,1.83,26,126.0,8,2.8935659637354845,-0.822
Te-Np,6.232,20.2,722.66,917.15,52,93,2.1,1.3,6,7,160.0,171.0,-0.038,-2.617,0.801,0.196,0.031,1.286,0.247,0.055,7.87,1811.15,1.83,26,126.0,8,2.890308765625358,-0.751
Hf-Hf,13.3,13.3,2506.15,2506.15,72,72,1.3,1.3,4,4,159.0,159.0,-0.555,-0.556,0.646,-0.148,0.073,0.646,-0.148,0.073,7.87,1811.15,1.83,26,126.0,8,2.7267179545391738,-0.516
Hf-Ta,13.3,16.4,2506.15,3290.15,72,73,1.3,1.5,4,5,159.0,146.0,-0.543,-0.746,0.646,-0.148,0.073,0.321,-0.18,0.04,7.87,1811.15,1.83,26,126.0,8,2.7166852225177047,-0.52
Hf-W,13.3,19.3,2506.15,3687.15,72,74,1.3,1.7,4,6,159.0,139.0,-0.535,-0.733,0.646,-0.148,0.073,0.129,-0.149,0.016,7.87,1811.15,1.83,26,126.0,8,2.701027417445185,-0.476
Hf-Re,13.3,20.8,2506.15,3458.15,72,75,1.3,1.9,4,7,159.0,137.0,-0.516,-0.542,0.646,-0.148,0.073,0.077,-0.088,0.01,7.87,1811.15,1.83,26,126.0,8,2.6699382131441616,-0.377
Hf-Os,13.3,22.5872,2506.15,3306.15,72,76,1.3,2.2,4,8,159.0,135.0,-0.505,-0.098,0.646,-0.148,0.073,0.091,-0.016,0.02,7.87,1811.15,1.83,26,126.0,8,2.621374004764738,-0.195
Hf-Ir,13.3,22.5622,2506.15,2719.15,72,77,1.3,2.2,4,9,159.0,136.0,-0.511,0.42,0.646,-0.148,0.073,0.135,0.081,0.057,7.87,1811.15,1.83,26,126.0,8,2.5840679299118787,-0.014
Hf-Pt,13.3,21.5,2506.15,2041.35,72,78,1.3,2.2,4,10,159.0,139.0,-0.524,0.36,0.646,-0.148,0.073,0.262,0.205,0.094,7.87,1811.15,1.83,26,126.0,8,2.5970274730346996,-0.008
Hf-Au,13.3,19.3,2506.15,1337.33,72,79,1.3,2.4,4,11,159.0,144.0,-0.522,0.16,0.646,-0.148,0.073,0.457,0.297,0.138,7.87,1811.15,1.83,26,126.0,8,2.6405670381749493,-0.121
Hf-U,13.3,19.1,2506.15,1408.15,72,92,1.3,1.7,4,6,159.0,170.0,-0.579,-1.356,0.646,-0.148,0.073,1.248,0.229,0.073,7.87,1811.15,1.83,26,126.0,8,2.7700019287844664,-0.618
Hf-Np,13.3,20.2,2506.15,917.15,72,93,1.3,1.3,4,7,159.0,171.0,-0.583,-2.71,0.646,-0.148,0.073,1.286,0.247,0.055,7.87,1811.15,1.83,26,126.0,8,2.7581684604378824,-0.536
Ta-Ta,16.4,16.4,3290.15,3290.15,73,73,1.5,1.5,5,5,146.0,146.0,-0.734,-0.734,0.321,-0.18,0.04,0.321,-0.18,0.04,7.87,1811.15,1.83,26,126.0,8,2.7001119512522784,-0.507
Ta-W,16.4,19.3,3290.15,3687.15,73,74,1.5,1.7,5,6,146.0,139.0,-0.709,-0.701,0.321,-0.18,0.04,0.129,-0.149,0.016,7.87,1811.15,1.83,26,126.0,8,2.6713383537011506,-0.465
Ta-Re,16.4,20.8,3290.15,3458.15,73,75,1.5,1.9,5,7,146.0,137.0,-0.671,-0.499,0.321,-0.18,0.04,0.077,-0.088,0.01,7.87,1811.15,1.83,26,126.0,8,2.632445865184549,-0.376
Ta-Os,16.4,22.5872,3290.15,3306.15,73,76,1.5,2.2,5,8,146.0,135.0,-0.663,-0.04,0.321,-0.18,0.04,0.091,-0.016,0.02,7.87,1811.15,1.83,26,126.0,8,2.5796965082443717,-0.216
Ta-Ir,16.4,22.5622,3290.15,2719.15,73,77,1.5,2.2,5,9,146.0,136.0,-0.699,0.42,0.321,-0.18,0.04,0.135,0.081,0.057,7.87,1811.15,1.83,26,126.0,8,2.5607856233893758,-0.063
Ta-Pt,16.4,21.5,3290.15,2041.35,73,78,1.5,2.2,5,10,146.0,139.0,-0.716,0.361,0.321,-0.18,0.04,0.262,0.205,0.094,7.87,1811.15,1.83,26,126.0,8,2.5896221992952384,-0.128
Ta-Au,16.4,19.3,3290.15,1337.33,73,79,1.5,2.4,5,11,146.0,144.0,-0.712,0.165,0.321,-0.18,0.04,0.457,0.297,0.138,7.87,1811.15,1.83,26,126.0,8,2.642937272332035,-0.291
Ta-U,16.4,19.1,3290.15,1408.15,73,92,1.5,1.7,5,6,146.0,170.0,-0.744,-1.343,0.321,-0.18,0.04,1.248,0.229,0.073,7.87,1811.15,1.83,26,126.0,8,2.764221171182088,-0.685
Ta-Np,16.4,20.2,3290.15,917.15,73,93,1.5,1.3,5,7,146.0,171.0,-0.743,-2.664,0.321,-0.18,0.04,1.286,0.247,0.055,7.87,1811.15,1.83,26,126.0,8,2.7613891415722636,-0.608
W-W,19.3,19.3,3687.15,3687.15,74,74,1.7,1.7,6,6,139.0,139.0,-0.656,-0.656,0.129,-0.149,0.016,0.129,-0.149,0.016,7.87,1811.15,1.83,26,126.0,8,2.6356403802487924,-0.438
W-Re,19.3,20.8,3687.15,3458.15,74,75,1.7,1.9,6,7,139.0,137.0,-0.626,-0.466,0.129,-0.149,0.016,0.077,-0.088,0.01,7.87,1811.15,1.83,26,126.0,8,2.585534806170155,-0.374
W-Os,19.3,22.5872,3687.15,3306.15,74,76,1.7,2.2,6,8,139.0,135.0,-0.649,0.006,0.129,-0.149,0.016,0.091,-0.016,0.02,7.87,1811.15,1.83,26,126.0,8,2.547765459323272,-0.247
W-Ir,19.3,22.5622,3687.15,2719.15,74,77,1.7,2.2,6,9,139.0,136.0,-0.703,0.413,0.129,-0.149,0.016,0.135,0.081,0.057,7.87,1811.15,1.83,26,126.0,8,2.549602703532181,-0.139
W-Pt,19.3,21.5,3687.15,2041.35,74,78,1.7,2.2,6,10,139.0,139.0,-0.722,0.365,0.129,-0.149,0.016,0.262,0.205,0.094,7.87,1811.15,1.83,26,126.0,8,2.591267711982048,-0.255
W-Au,19.3,19.3,3687.15,1337.33,74,79,1.7,2.4,6,11,139.0,144.0,-0.724,0.165,0.129,-0.149,0.016,0.457,0.297,0.138,7.87,1811.15,1.83,26,126.0,8,2.6493324087407615,-0.433
W-U,19.3,19.1,3687.15,1408.15,74,92,1.7,1.7,6,6,139.0,170.0,-0.7,-1.319,0.129,-0.149,0.016,1.248,0.229,0.073,7.87,1811.15,1.83,26,126.0,8,2.7473541392563856,-0.714
W-Np,19.3,20.2,3687.15,917.15,74,93,1.7,1.3,6,7,139.0,171.0,-0.694,-2.606,0.129,-0.149,0.016,1.286,0.247,0.055,7.87,1811.15,1.83,26,126.0,8,2.7470896326643977,-0.647
Re-Re,20.8,20.8,3458.15,3458.15,75,75,1.9,1.9,7,7,137.0,137.0,-0.474,-0.474,0.077,-0.088,0.01,0.077,-0.088,0.01,7.87,1811.15,1.83,26,126.0,8,2.5598100096474106,-0.358
Re-Os,20.8,22.5872,3458.15,3306.15,75,76,1.9,2.2,7,8,137.0,135.0,-0.503,0.007,0.077,-0.088,0.01,0.091,-0.016,0.02,7.87,1811.15,1.83,26,126.0,8,2.5297970428583905,-0.265
Re-Ir,20.8,22.5622,3458.15,2719.15,75,77,1.9,2.2,7,9,137.0,136.0,-0.575,0.396,0.077,-0.088,0.01,0.135,0.081,0.057,7.87,1811.15,1.83,26,126.0,8,2.553285499477258,-0.219
Re-Pt,20.8,21.5,3458.15,2041.35,75,78,1.9,2.2,7,10,137.0,139.0,-0.59,0.369,0.077,-0.088,0.01,0.262,0.205,0.094,7.87,1811.15,1.83,26,126.0,8,2.6073986612340403,-0.365
Re-Au,20.8,19.3,3458.15,1337.33,75,79,1.9,2.4,7,11,137.0,144.0,-0.597,0.157,0.077,-0.088,0.01,0.457,0.297,0.138,7.87,1811.15,1.83,26,126.0,8,2.662281338142017,-0.53
Re-U,20.8,19.1,3458.15,1408.15,75,92,1.9,1.7,7,6,137.0,170.0,-0.467,-1.245,0.077,-0.088,0.01,1.248,0.229,0.073,7.87,1811.15,1.83,26,126.0,8,2.7096118268135245,-0.669
Re-Np,20.8,20.2,3458.15,917.15,75,93,1.9,1.3,7,7,137.0,171.0,-0.452,-2.502,0.077,-0.088,0.01,1.286,0.247,0.055,7.87,1811.15,1.83,26,126.0,8,2.7127544427508674,-0.62
Os-Os,22.5872,22.5872,3306.15,3306.15,76,76,2.2,2.2,8,8,135.0,135.0,-0.09,-0.09,0.091,-0.016,0.02,0.091,-0.016,0.02,7.87,1811.15,1.83,26,126.0,8,2.5235554512747864,-0.239
Os-Ir,22.5872,22.5622,3306.15,2719.15,76,77,2.2,2.2,8,9,135.0,136.0,-0.163,0.381,0.091,-0.016,0.02,0.135,0.081,0.057,7.87,1811.15,1.83,26,126.0,8,2.5661956891805926,-0.284
Os-Pt,22.5872,21.5,3306.15,2041.35,76,78,2.2,2.2,8,10,135.0,139.0,-0.144,0.389,0.091,-0.016,0.02,0.262,0.205,0.094,7.87,1811.15,1.83,26,126.0,8,2.623305829254976,-0.429
Os-Au,22.5872,19.3,3306.15,1337.33,76,79,2.2,2.4,8,11,135.0,144.0,-0.17,0.157,0.091,-0.016,0.02,0.457,0.297,0.138,7.87,1811.15,1.83,26,126.0,8,2.6682493167647583,-0.534
Os-U,22.5872,19.1,3306.15,1408.15,76,92,2.2,1.7,8,6,135.0,170.0,0.091,-1.184,0.091,-0.016,0.02,1.248,0.229,0.073,7.87,1811.15,1.83,26,126.0,8,2.6433193292024337,-0.466
Os-Np,22.5872,20.2,3306.15,917.15,76,93,2.2,1.3,8,7,135.0,171.0,0.109,-2.441,0.091,-0.016,0.02,1.286,0.247,0.055,7.87,1811.15,1.83,26,126.0,8,2.644625723233221,-0.433
Ir-Ir,22.5622,22.5622,2719.15,2719.15,77,77,2.2,2.2,9,9,136.0,136.0,0.456,0.456,0.135,0.081,0.057,0.135,0.081,0.057,7.87,1811.15,1.83,26,126.0,8,2.590996765239797,-0.317
Ir-Pt,22.5622,21.5,2719.15,2041.35,77,78,2.2,2.2,9,10,136.0,139.0,0.507,0.429,0.135,0.081,0.057,0.262,0.205,0.094,7.87,1811.15,1.83,26,126.0,8,2.617506473490311,-0.357
Ir-Au,22.5622,19.3,2719.15,1337.33,77,79,2.2,2.4,9,11,136.0,144.0,0.496,0.185,0.135,0.081,0.057,0.457,0.297,0.138,7.87,1811.15,1.83,26,126.0,8,2.6440909897242464,-0.384
Ir-U,22.5622,19.1,2719.15,1408.15,77,92,2.2,1.7,9,6,136.0,170.0,0.459,-1.216,0.135,0.081,0.057,1.248,0.229,0.073,7.87,1811.15,1.83,26,126.0,8,2.6379661599305955,-0.272
Ir-Np,22.5622,20.2,2719.15,917.15,77,93,2.2,1.3,9,7,136.0,171.0,0.476,-2.513,0.135,0.081,0.057,1.286,0.247,0.055,7.87,1811.15,1.83,26,126.0,8,2.640975919298069,-0.251
Pt-Pt,21.5,21.5,2041.35,2041.35,78,78,2.2,2.2,10,10,139.0,139.0,0.437,0.437,0.262,0.205,0.094,0.262,0.205,0.094,7.87,1811.15,1.83,26,126.0,8,2.6310636837168713,-0.329
Pt-Au,21.5,19.3,2041.35,1337.33,78,79,2.2,2.4,10,11,139.0,144.0,0.384,0.157,0.262,0.205,0.094,0.457,0.297,0.138,7.87,1811.15,1.83,26,126.0,8,2.6492873107739077,-0.281
Pt-U,21.5,19.1,2041.35,1408.15,78,92,2.2,1.7,10,6,139.0,170.0,0.372,-1.287,0.262,0.205,0.094,1.248,0.229,0.073,7.87,1811.15,1.83,26,126.0,8,2.6964591349619247,-0.342
Pt-Np,21.5,20.2,2041.35,917.15,78,93,2.2,1.3,10,7,139.0,171.0,0.387,-2.576,0.262,0.205,0.094,1.286,0.247,0.055,7.87,1811.15,1.83,26,126.0,8,2.7044474975213992,-0.319
Au-Au,19.3,19.3,1337.33,1337.33,79,79,2.4,2.4,11,11,144.0,144.0,0.141,0.141,0.457,0.297,0.138,0.457,0.297,0.138,7.87,1811.15,1.83,26,126.0,8,2.6578058579802826,-0.113
Au-U,19.3,19.1,1337.33,1408.15,79,92,2.4,1.7,11,6,144.0,170.0,0.161,-1.325,0.457,0.297,0.138,1.248,0.229,0.073,7.87,1811.15,1.83,26,126.0,8,2.780031223466449,-0.515
Au-Np,19.3,20.2,1337.33,917.15,79,93,2.4,1.3,11,7,144.0,171.0,0.169,-2.596,0.457,0.297,0.138,1.286,0.247,0.055,7.87,1811.15,1.83,26,126.0,8,2.792003692127568,-0.499
U-U,19.1,19.1,1408.15,1408.15,92,92,1.7,1.7,6,6,170.0,170.0,-1.379,-1.381,1.248,0.229,0.073,1.248,0.229,0.073,7.87,1811.15,1.83,26,126.0,8,2.681049885193746,-0.643
U-Np,19.1,20.2,1408.15,917.15,92,93,1.7,1.3,6,7,170.0,171.0,-1.325,-2.579,1.248,0.229,0.073,1.286,0.247,0.055,7.87,1811.15,1.83,26,126.0,8,2.6530464418021427,-0.564
Np-Np,20.2,20.2,917.15,917.15,93,93,1.3,1.3,7,7,171.0,171.0,-2.471,-2.472,1.286,0.247,0.055,1.286,0.247,0.055,7.87,1811.15,1.83,26,126.0,8,2.6327319017323068,-0.569
